
segk_off.o:	file format elf64-amdgpu

Disassembly of section .text:

0000000000000000 <occ_kernel>:
	s_lshr_b32 s66, s8, 4                                      // 000000000000: 85428408
	s_sub_co_u32 s66, s66, 1                                   // 000000000004: 80C28142
	s_cmp_eq_u32 s66, 0                                        // 000000000008: BF068042
	s_cbranch_scc1 5                                           // 00000000000C: BFA20005 <occ_kernel+0x24>
	s_clz_i32_u32 s68, s66                                     // 000000000010: BEC40A42
	s_sub_co_u32 s68, 32, s68                                  // 000000000014: 80C444A0
	s_lshl_b32 s67, 1, s68                                     // 000000000018: 84434481
	s_sub_co_u32 s67, s67, 1                                   // 00000000001C: 80C38143
	s_branch 2                                                 // 000000000020: BFA00002 <occ_kernel+0x2c>
	s_mov_b32 s68, 0                                           // 000000000024: BEC40080
	s_mov_b32 s67, 0                                           // 000000000028: BEC30080
	v_lshrrev_b32_e32 v1, 5, v0                                // 00000000002C: 32020085
	v_and_b32_e32 v2, 31, v0                                   // 000000000030: 3604009F
	v_and_b32_e32 v6, 15, v0                                   // 000000000034: 360C008F
	v_mov_b32_e32 v4, 0                                        // 000000000038: 7E080280
	s_mov_b32 s84, 0                                           // 00000000003C: BED40080
	s_mov_b32 s85, 0                                           // 000000000040: BED50080
	s_mov_b32 s86, 0                                           // 000000000044: BED60080
	s_mov_b32 s87, 0                                           // 000000000048: BED70080
	s_mov_b32 s88, 0                                           // 00000000004C: BED80080
	s_mov_b32 s89, 0                                           // 000000000050: BED90080
	s_mov_b32 s90, 0                                           // 000000000054: BEDA0080
	s_mov_b32 s94, 0                                           // 000000000058: BEDE0080
	s_mov_b32 s103, 0                                          // 00000000005C: BEE70080
	s_mov_b32 s95, 0                                           // 000000000060: BEDF0080
	s_mov_b32 s96, 0                                           // 000000000064: BEE00080
	s_mov_b32 s97, 0                                           // 000000000068: BEE10080
	s_mov_b32 s98, 0                                           // 00000000006C: BEE20080
	s_mov_b32 s100, 0                                          // 000000000070: BEE40080
	s_mov_b32 s99, 0                                           // 000000000074: BEE30080
	s_mov_b32 s102, 0                                          // 000000000078: BEE60080
	s_mov_b32 s104, 0                                          // 00000000007C: BEE80080
	s_mov_b32 s105, 0                                          // 000000000080: BEE90080
	v_mul_lo_u32 v8, v6, s9                                    // 000000000084: D72C0008 02001306
	v_bfe_u32 v7, v0, 4, 1                                     // 00000000008C: D6100007 02050900
	v_lshlrev_b32_e32 v7, 3, v7                                // 000000000094: 300E0E83
	v_add_nc_u32_e32 v8, v8, v7                                // 000000000098: 4A100F08
	v_lshlrev_b32_e32 v9, 3, v2                                // 00000000009C: 30120483
	v_lshlrev_b32_e32 v10, 5, v2                               // 0000000000A0: 30140485
	s_lshl_b32 s16, s9, 4                                      // 0000000000A4: 84108409
	v_min_u32_e32 v8, s16, v8                                  // 0000000000A8: 26101010
	v_min_u32_e32 v9, 0x100, v9                                // 0000000000AC: 261212FF 00000100
	v_min_u32_e32 v10, 0x400, v10                              // 0000000000B4: 261414FF 00000400
	s_sendmsg_rtn_b64 s[30:31], sendmsg(MSG_RTN_GET_REALTIME)  // 0000000000BC: BE9E4D83
	s_wait_kmcnt 0x0                                           // 0000000000C0: BFC70000
	v_cmp_eq_u32_e32 vcc_lo, 0, v2                             // 0000000000C4: 7C940480
	s_mov_b32 s49, exec_lo                                     // 0000000000C8: BEB1007E
	s_and_b32 exec_lo, exec_lo, vcc_lo                         // 0000000000CC: 8B7E6A7E
	s_cbranch_execz 4                                          // 0000000000D0: BFA50004 <occ_kernel+0xe4>
	v_mov_b32_e32 v5, s30                                      // 0000000000D4: 7E0A021E
	global_atomic_min_u32 v4, v5, s[0:1] offset:8 scope:SCOPE_DEV// 0000000000D8: EE0E4000 02880000 00000804
	s_mov_b32 exec_lo, s49                                     // 0000000000E4: BEFE0031
	v_readfirstlane_b32 s24, v1                                // 0000000000E8: 7E300501
	s_alloc_vgpr 32                                            // 0000000000EC: BE8053A0
	s_cbranch_scc0 65534                                       // 0000000000F0: BFA1FFFE <occ_kernel+0xec>
	v_cmp_eq_u32_e32 vcc_lo, 0, v2                             // 0000000000F4: 7C940480
	s_mov_b32 s16, exec_lo                                     // 0000000000F8: BE90007E
	s_and_b32 exec_lo, exec_lo, vcc_lo                         // 0000000000FC: 8B7E6A7E
	s_cbranch_execz 4                                          // 000000000100: BFA50004 <occ_kernel+0x114>
	v_mov_b32_e32 v3, 1                                        // 000000000104: 7E060281
	global_atomic_add_u32 v4, v3, s[0:1] scope:SCOPE_DEV       // 000000000108: EE0D4000 01880000 00000004
	s_mov_b32 exec_lo, s16                                     // 000000000114: BEFE0010
	s_mov_b32 s34, -1                                          // 000000000118: BEA200C1
	s_mov_b32 s50, 0                                           // 00000000011C: BEB20080
	s_cmp_eq_u32 s24, 2                                        // 000000000120: BF068218
	s_cbranch_scc0 2                                           // 000000000124: BFA10002 <occ_kernel+0x130>
	s_mov_b32 s75, 0                                           // 000000000128: BECB0080
	s_mov_b32 s76, -1                                          // 00000000012C: BECC00C1
	s_sendmsg_rtn_b64 s[70:71], sendmsg(MSG_RTN_GET_REALTIME)  // 000000000130: BEC64D83
	s_wait_kmcnt 0x0                                           // 000000000134: BFC70000
	s_mov_b32 s71, 0                                           // 000000000138: BEC70080
	s_mov_b32 s101, 0                                          // 00000000013C: BEE50080
	s_cmp_eq_u32 s24, 0                                        // 000000000140: BF068018
	s_cbranch_scc0 3014                                        // 000000000144: BFA10BC6 <occ_kernel+0x3060>
	s_mov_b32 s49, exec_lo                                     // 000000000148: BEB1007E
	v_cmp_eq_u32_e32 vcc_lo, 0, v2                             // 00000000014C: 7C940480
	s_and_b32 exec_lo, exec_lo, vcc_lo                         // 000000000150: 8B7E6A7E
	s_cbranch_execz 5                                          // 000000000154: BFA50005 <occ_kernel+0x16c>
	v_mov_b32_e32 v11, 0                                       // 000000000158: 7E160280
	v_mov_b32_e32 v14, 0                                       // 00000000015C: 7E1C0280
	ds_store_b32 v11, v14                                      // 000000000160: D8340000 00000E0B
	s_wait_dscnt 0x0                                           // 000000000168: BFC60000
	s_mov_b32 exec_lo, s49                                     // 00000000016C: BEFE0031
	s_mov_b32 s49, exec_lo                                     // 000000000170: BEB1007E
	v_cmp_eq_u32_e32 vcc_lo, 0, v2                             // 000000000174: 7C940480
	s_and_b32 exec_lo, exec_lo, vcc_lo                         // 000000000178: 8B7E6A7E
	s_cbranch_execz 5                                          // 00000000017C: BFA50005 <occ_kernel+0x194>
	v_mov_b32_e32 v11, 4                                       // 000000000180: 7E160284
	v_mov_b32_e32 v14, 0                                       // 000000000184: 7E1C0280
	ds_store_b32 v11, v14                                      // 000000000188: D8340000 00000E0B
	s_wait_dscnt 0x0                                           // 000000000190: BFC60000
	s_mov_b32 exec_lo, s49                                     // 000000000194: BEFE0031
	s_mov_b32 s49, exec_lo                                     // 000000000198: BEB1007E
	v_cmp_eq_u32_e32 vcc_lo, 0, v2                             // 00000000019C: 7C940480
	s_and_b32 exec_lo, exec_lo, vcc_lo                         // 0000000001A0: 8B7E6A7E
	s_cbranch_execz 5                                          // 0000000001A4: BFA50005 <occ_kernel+0x1bc>
	v_mov_b32_e32 v11, 8                                       // 0000000001A8: 7E160288
	v_mov_b32_e32 v14, 0                                       // 0000000001AC: 7E1C0280
	ds_store_b32 v11, v14                                      // 0000000001B0: D8340000 00000E0B
	s_wait_dscnt 0x0                                           // 0000000001B8: BFC60000
	s_mov_b32 exec_lo, s49                                     // 0000000001BC: BEFE0031
	s_mov_b32 s49, exec_lo                                     // 0000000001C0: BEB1007E
	v_cmp_eq_u32_e32 vcc_lo, 0, v2                             // 0000000001C4: 7C940480
	s_and_b32 exec_lo, exec_lo, vcc_lo                         // 0000000001C8: 8B7E6A7E
	s_cbranch_execz 5                                          // 0000000001CC: BFA50005 <occ_kernel+0x1e4>
	v_mov_b32_e32 v11, 16                                      // 0000000001D0: 7E160290
	v_mov_b32_e32 v14, 0                                       // 0000000001D4: 7E1C0280
	ds_store_b32 v11, v14                                      // 0000000001D8: D8340000 00000E0B
	s_wait_dscnt 0x0                                           // 0000000001E0: BFC60000
	s_mov_b32 exec_lo, s49                                     // 0000000001E4: BEFE0031
	s_mov_b32 s49, exec_lo                                     // 0000000001E8: BEB1007E
	v_cmp_eq_u32_e32 vcc_lo, 0, v2                             // 0000000001EC: 7C940480
	s_and_b32 exec_lo, exec_lo, vcc_lo                         // 0000000001F0: 8B7E6A7E
	s_cbranch_execz 6                                          // 0000000001F4: BFA50006 <occ_kernel+0x210>
	v_mov_b32_e32 v11, 0xd8                                    // 0000000001F8: 7E1602FF 000000D8
	v_mov_b32_e32 v14, 0                                       // 000000000200: 7E1C0280
	ds_store_b32 v11, v14                                      // 000000000204: D8340000 00000E0B
	s_wait_dscnt 0x0                                           // 00000000020C: BFC60000
	s_mov_b32 exec_lo, s49                                     // 000000000210: BEFE0031
	s_mov_b32 s49, exec_lo                                     // 000000000214: BEB1007E
	v_cmp_eq_u32_e32 vcc_lo, 0, v2                             // 000000000218: 7C940480
	s_and_b32 exec_lo, exec_lo, vcc_lo                         // 00000000021C: 8B7E6A7E
	s_cbranch_execz 5                                          // 000000000220: BFA50005 <occ_kernel+0x238>
	v_mov_b32_e32 v11, 20                                      // 000000000224: 7E160294
	v_mov_b32_e32 v14, 2                                       // 000000000228: 7E1C0282
	ds_store_b32 v11, v14                                      // 00000000022C: D8340000 00000E0B
	s_wait_dscnt 0x0                                           // 000000000234: BFC60000
	s_mov_b32 exec_lo, s49                                     // 000000000238: BEFE0031
	s_mov_b32 s49, exec_lo                                     // 00000000023C: BEB1007E
	v_cmp_eq_u32_e32 vcc_lo, 0, v2                             // 000000000240: 7C940480
	s_and_b32 exec_lo, exec_lo, vcc_lo                         // 000000000244: 8B7E6A7E
	s_cbranch_execz 5                                          // 000000000248: BFA50005 <occ_kernel+0x260>
	v_mov_b32_e32 v11, 24                                      // 00000000024C: 7E160298
	v_mov_b32_e32 v14, 1                                       // 000000000250: 7E1C0281
	ds_store_b32 v11, v14                                      // 000000000254: D8340000 00000E0B
	s_wait_dscnt 0x0                                           // 00000000025C: BFC60000
	s_mov_b32 exec_lo, s49                                     // 000000000260: BEFE0031
	s_mov_b32 s49, exec_lo                                     // 000000000264: BEB1007E
	v_cmp_eq_u32_e32 vcc_lo, 0, v2                             // 000000000268: 7C940480
	s_and_b32 exec_lo, exec_lo, vcc_lo                         // 00000000026C: 8B7E6A7E
	s_cbranch_execz 5                                          // 000000000270: BFA50005 <occ_kernel+0x288>
	v_mov_b32_e32 v11, 28                                      // 000000000274: 7E16029C
	v_mov_b32_e32 v14, 2                                       // 000000000278: 7E1C0282
	ds_store_b32 v11, v14                                      // 00000000027C: D8340000 00000E0B
	s_wait_dscnt 0x0                                           // 000000000284: BFC60000
	s_mov_b32 exec_lo, s49                                     // 000000000288: BEFE0031
	s_mov_b32 s49, exec_lo                                     // 00000000028C: BEB1007E
	v_cmp_eq_u32_e32 vcc_lo, 0, v2                             // 000000000290: 7C940480
	s_and_b32 exec_lo, exec_lo, vcc_lo                         // 000000000294: 8B7E6A7E
	s_cbranch_execz 5                                          // 000000000298: BFA50005 <occ_kernel+0x2b0>
	v_mov_b32_e32 v11, 32                                      // 00000000029C: 7E1602A0
	v_mov_b32_e32 v14, 0                                       // 0000000002A0: 7E1C0280
	ds_store_b32 v11, v14                                      // 0000000002A4: D8340000 00000E0B
	s_wait_dscnt 0x0                                           // 0000000002AC: BFC60000
	s_mov_b32 exec_lo, s49                                     // 0000000002B0: BEFE0031
	s_mov_b32 s49, exec_lo                                     // 0000000002B4: BEB1007E
	v_cmp_eq_u32_e32 vcc_lo, 0, v2                             // 0000000002B8: 7C940480
	s_and_b32 exec_lo, exec_lo, vcc_lo                         // 0000000002BC: 8B7E6A7E
	s_cbranch_execz 5                                          // 0000000002C0: BFA50005 <occ_kernel+0x2d8>
	v_mov_b32_e32 v11, 36                                      // 0000000002C4: 7E1602A4
	v_mov_b32_e32 v14, 0                                       // 0000000002C8: 7E1C0280
	ds_store_b32 v11, v14                                      // 0000000002CC: D8340000 00000E0B
	s_wait_dscnt 0x0                                           // 0000000002D4: BFC60000
	s_mov_b32 exec_lo, s49                                     // 0000000002D8: BEFE0031
	s_mov_b32 s49, exec_lo                                     // 0000000002DC: BEB1007E
	v_cmp_eq_u32_e32 vcc_lo, 0, v2                             // 0000000002E0: 7C940480
	s_and_b32 exec_lo, exec_lo, vcc_lo                         // 0000000002E4: 8B7E6A7E
	s_cbranch_execz 5                                          // 0000000002E8: BFA50005 <occ_kernel+0x300>
	v_mov_b32_e32 v11, 40                                      // 0000000002EC: 7E1602A8
	v_mov_b32_e32 v14, 0                                       // 0000000002F0: 7E1C0280
	ds_store_b32 v11, v14                                      // 0000000002F4: D8340000 00000E0B
	s_wait_dscnt 0x0                                           // 0000000002FC: BFC60000
	s_mov_b32 exec_lo, s49                                     // 000000000300: BEFE0031
	s_mov_b32 s49, exec_lo                                     // 000000000304: BEB1007E
	v_cmp_eq_u32_e32 vcc_lo, 0, v2                             // 000000000308: 7C940480
	s_and_b32 exec_lo, exec_lo, vcc_lo                         // 00000000030C: 8B7E6A7E
	s_cbranch_execz 6                                          // 000000000310: BFA50006 <occ_kernel+0x32c>
	v_mov_b32_e32 v11, 0x8200                                  // 000000000314: 7E1602FF 00008200
	v_mov_b32_e32 v14, -1                                      // 00000000031C: 7E1C02C1
	ds_store_b32 v11, v14                                      // 000000000320: D8340000 00000E0B
	s_wait_dscnt 0x0                                           // 000000000328: BFC60000
	s_mov_b32 exec_lo, s49                                     // 00000000032C: BEFE0031
	s_mov_b32 s49, exec_lo                                     // 000000000330: BEB1007E
	v_cmp_eq_u32_e32 vcc_lo, 0, v2                             // 000000000334: 7C940480
	s_and_b32 exec_lo, exec_lo, vcc_lo                         // 000000000338: 8B7E6A7E
	s_cbranch_execz 6                                          // 00000000033C: BFA50006 <occ_kernel+0x358>
	v_mov_b32_e32 v11, 0x8204                                  // 000000000340: 7E1602FF 00008204
	v_mov_b32_e32 v14, -1                                      // 000000000348: 7E1C02C1
	ds_store_b32 v11, v14                                      // 00000000034C: D8340000 00000E0B
	s_wait_dscnt 0x0                                           // 000000000354: BFC60000
	s_mov_b32 exec_lo, s49                                     // 000000000358: BEFE0031
	s_mov_b32 s49, exec_lo                                     // 00000000035C: BEB1007E
	v_cmp_eq_u32_e32 vcc_lo, 0, v2                             // 000000000360: 7C940480
	s_and_b32 exec_lo, exec_lo, vcc_lo                         // 000000000364: 8B7E6A7E
	s_cbranch_execz 6                                          // 000000000368: BFA50006 <occ_kernel+0x384>
	v_mov_b32_e32 v11, 0x8208                                  // 00000000036C: 7E1602FF 00008208
	v_mov_b32_e32 v14, -2.0                                    // 000000000374: 7E1C02F5
	ds_store_b32 v11, v14                                      // 000000000378: D8340000 00000E0B
	s_wait_dscnt 0x0                                           // 000000000380: BFC60000
	s_mov_b32 exec_lo, s49                                     // 000000000384: BEFE0031
	s_mov_b32 s49, exec_lo                                     // 000000000388: BEB1007E
	v_cmp_eq_u32_e32 vcc_lo, 0, v2                             // 00000000038C: 7C940480
	s_and_b32 exec_lo, exec_lo, vcc_lo                         // 000000000390: 8B7E6A7E
	s_cbranch_execz 6                                          // 000000000394: BFA50006 <occ_kernel+0x3b0>
	v_mov_b32_e32 v11, 0x820c                                  // 000000000398: 7E1602FF 0000820C
	v_mov_b32_e32 v14, 0                                       // 0000000003A0: 7E1C0280
	ds_store_b32 v11, v14                                      // 0000000003A4: D8340000 00000E0B
	s_wait_dscnt 0x0                                           // 0000000003AC: BFC60000
	s_mov_b32 exec_lo, s49                                     // 0000000003B0: BEFE0031
	s_mov_b32 s49, exec_lo                                     // 0000000003B4: BEB1007E
	v_cmp_eq_u32_e32 vcc_lo, 0, v2                             // 0000000003B8: 7C940480
	s_and_b32 exec_lo, exec_lo, vcc_lo                         // 0000000003BC: 8B7E6A7E
	s_cbranch_execz 6                                          // 0000000003C0: BFA50006 <occ_kernel+0x3dc>
	v_mov_b32_e32 v11, 0x8210                                  // 0000000003C4: 7E1602FF 00008210
	v_mov_b32_e32 v14, 0                                       // 0000000003CC: 7E1C0280
	ds_store_b32 v11, v14                                      // 0000000003D0: D8340000 00000E0B
	s_wait_dscnt 0x0                                           // 0000000003D8: BFC60000
	s_mov_b32 exec_lo, s49                                     // 0000000003DC: BEFE0031
	s_mov_b32 s49, exec_lo                                     // 0000000003E0: BEB1007E
	v_cmp_eq_u32_e32 vcc_lo, 0, v2                             // 0000000003E4: 7C940480
	s_and_b32 exec_lo, exec_lo, vcc_lo                         // 0000000003E8: 8B7E6A7E
	s_cbranch_execz 6                                          // 0000000003EC: BFA50006 <occ_kernel+0x408>
	v_mov_b32_e32 v11, 0x8214                                  // 0000000003F0: 7E1602FF 00008214
	v_mov_b32_e32 v14, 0                                       // 0000000003F8: 7E1C0280
	ds_store_b32 v11, v14                                      // 0000000003FC: D8340000 00000E0B
	s_wait_dscnt 0x0                                           // 000000000404: BFC60000
	s_mov_b32 exec_lo, s49                                     // 000000000408: BEFE0031
	s_mov_b32 s49, exec_lo                                     // 00000000040C: BEB1007E
	v_cmp_eq_u32_e32 vcc_lo, 0, v2                             // 000000000410: 7C940480
	s_and_b32 exec_lo, exec_lo, vcc_lo                         // 000000000414: 8B7E6A7E
	s_cbranch_execz 6                                          // 000000000418: BFA50006 <occ_kernel+0x434>
	v_mov_b32_e32 v11, 0x8218                                  // 00000000041C: 7E1602FF 00008218
	v_mov_b32_e32 v14, 0                                       // 000000000424: 7E1C0280
	ds_store_b32 v11, v14                                      // 000000000428: D8340000 00000E0B
	s_wait_dscnt 0x0                                           // 000000000430: BFC60000
	s_mov_b32 exec_lo, s49                                     // 000000000434: BEFE0031
	s_mov_b32 s49, exec_lo                                     // 000000000438: BEB1007E
	v_cmp_eq_u32_e32 vcc_lo, 0, v2                             // 00000000043C: 7C940480
	s_and_b32 exec_lo, exec_lo, vcc_lo                         // 000000000440: 8B7E6A7E
	s_cbranch_execz 6                                          // 000000000444: BFA50006 <occ_kernel+0x460>
	v_mov_b32_e32 v11, 0x821c                                  // 000000000448: 7E1602FF 0000821C
	v_mov_b32_e32 v14, 0                                       // 000000000450: 7E1C0280
	ds_store_b32 v11, v14                                      // 000000000454: D8340000 00000E0B
	s_wait_dscnt 0x0                                           // 00000000045C: BFC60000
	s_mov_b32 exec_lo, s49                                     // 000000000460: BEFE0031
	s_mov_b32 s49, exec_lo                                     // 000000000464: BEB1007E
	v_cmp_eq_u32_e32 vcc_lo, 0, v2                             // 000000000468: 7C940480
	s_and_b32 exec_lo, exec_lo, vcc_lo                         // 00000000046C: 8B7E6A7E
	s_cbranch_execz 6                                          // 000000000470: BFA50006 <occ_kernel+0x48c>
	v_mov_b32_e32 v11, 0x8220                                  // 000000000474: 7E1602FF 00008220
	v_mov_b32_e32 v14, -1                                      // 00000000047C: 7E1C02C1
	ds_store_b32 v11, v14                                      // 000000000480: D8340000 00000E0B
	s_wait_dscnt 0x0                                           // 000000000488: BFC60000
	s_mov_b32 exec_lo, s49                                     // 00000000048C: BEFE0031
	s_mov_b32 s49, exec_lo                                     // 000000000490: BEB1007E
	v_cmp_eq_u32_e32 vcc_lo, 0, v2                             // 000000000494: 7C940480
	s_and_b32 exec_lo, exec_lo, vcc_lo                         // 000000000498: 8B7E6A7E
	s_cbranch_execz 6                                          // 00000000049C: BFA50006 <occ_kernel+0x4b8>
	v_mov_b32_e32 v11, 0x8224                                  // 0000000004A0: 7E1602FF 00008224
	v_mov_b32_e32 v14, -1                                      // 0000000004A8: 7E1C02C1
	ds_store_b32 v11, v14                                      // 0000000004AC: D8340000 00000E0B
	s_wait_dscnt 0x0                                           // 0000000004B4: BFC60000
	s_mov_b32 exec_lo, s49                                     // 0000000004B8: BEFE0031
	s_mov_b32 s49, exec_lo                                     // 0000000004BC: BEB1007E
	v_cmp_eq_u32_e32 vcc_lo, 0, v2                             // 0000000004C0: 7C940480
	s_and_b32 exec_lo, exec_lo, vcc_lo                         // 0000000004C4: 8B7E6A7E
	s_cbranch_execz 6                                          // 0000000004C8: BFA50006 <occ_kernel+0x4e4>
	v_mov_b32_e32 v11, 0x8228                                  // 0000000004CC: 7E1602FF 00008228
	v_mov_b32_e32 v14, -2.0                                    // 0000000004D4: 7E1C02F5
	ds_store_b32 v11, v14                                      // 0000000004D8: D8340000 00000E0B
	s_wait_dscnt 0x0                                           // 0000000004E0: BFC60000
	s_mov_b32 exec_lo, s49                                     // 0000000004E4: BEFE0031
	s_mov_b32 s49, exec_lo                                     // 0000000004E8: BEB1007E
	v_cmp_eq_u32_e32 vcc_lo, 0, v2                             // 0000000004EC: 7C940480
	s_and_b32 exec_lo, exec_lo, vcc_lo                         // 0000000004F0: 8B7E6A7E
	s_cbranch_execz 6                                          // 0000000004F4: BFA50006 <occ_kernel+0x510>
	v_mov_b32_e32 v11, 0x822c                                  // 0000000004F8: 7E1602FF 0000822C
	v_mov_b32_e32 v14, 0                                       // 000000000500: 7E1C0280
	ds_store_b32 v11, v14                                      // 000000000504: D8340000 00000E0B
	s_wait_dscnt 0x0                                           // 00000000050C: BFC60000
	s_mov_b32 exec_lo, s49                                     // 000000000510: BEFE0031
	s_mov_b32 s49, exec_lo                                     // 000000000514: BEB1007E
	v_cmp_eq_u32_e32 vcc_lo, 0, v2                             // 000000000518: 7C940480
	s_and_b32 exec_lo, exec_lo, vcc_lo                         // 00000000051C: 8B7E6A7E
	s_cbranch_execz 6                                          // 000000000520: BFA50006 <occ_kernel+0x53c>
	v_mov_b32_e32 v11, 0x8230                                  // 000000000524: 7E1602FF 00008230
	v_mov_b32_e32 v14, 0                                       // 00000000052C: 7E1C0280
	ds_store_b32 v11, v14                                      // 000000000530: D8340000 00000E0B
	s_wait_dscnt 0x0                                           // 000000000538: BFC60000
	s_mov_b32 exec_lo, s49                                     // 00000000053C: BEFE0031
	s_mov_b32 s49, exec_lo                                     // 000000000540: BEB1007E
	v_cmp_eq_u32_e32 vcc_lo, 0, v2                             // 000000000544: 7C940480
	s_and_b32 exec_lo, exec_lo, vcc_lo                         // 000000000548: 8B7E6A7E
	s_cbranch_execz 6                                          // 00000000054C: BFA50006 <occ_kernel+0x568>
	v_mov_b32_e32 v11, 0x8234                                  // 000000000550: 7E1602FF 00008234
	v_mov_b32_e32 v14, 0                                       // 000000000558: 7E1C0280
	ds_store_b32 v11, v14                                      // 00000000055C: D8340000 00000E0B
	s_wait_dscnt 0x0                                           // 000000000564: BFC60000
	s_mov_b32 exec_lo, s49                                     // 000000000568: BEFE0031
	s_mov_b32 s49, exec_lo                                     // 00000000056C: BEB1007E
	v_cmp_eq_u32_e32 vcc_lo, 0, v2                             // 000000000570: 7C940480
	s_and_b32 exec_lo, exec_lo, vcc_lo                         // 000000000574: 8B7E6A7E
	s_cbranch_execz 6                                          // 000000000578: BFA50006 <occ_kernel+0x594>
	v_mov_b32_e32 v11, 0x8238                                  // 00000000057C: 7E1602FF 00008238
	v_mov_b32_e32 v14, 0                                       // 000000000584: 7E1C0280
	ds_store_b32 v11, v14                                      // 000000000588: D8340000 00000E0B
	s_wait_dscnt 0x0                                           // 000000000590: BFC60000
	s_mov_b32 exec_lo, s49                                     // 000000000594: BEFE0031
	s_mov_b32 s49, exec_lo                                     // 000000000598: BEB1007E
	v_cmp_eq_u32_e32 vcc_lo, 0, v2                             // 00000000059C: 7C940480
	s_and_b32 exec_lo, exec_lo, vcc_lo                         // 0000000005A0: 8B7E6A7E
	s_cbranch_execz 6                                          // 0000000005A4: BFA50006 <occ_kernel+0x5c0>
	v_mov_b32_e32 v11, 0x823c                                  // 0000000005A8: 7E1602FF 0000823C
	v_mov_b32_e32 v14, 0                                       // 0000000005B0: 7E1C0280
	ds_store_b32 v11, v14                                      // 0000000005B4: D8340000 00000E0B
	s_wait_dscnt 0x0                                           // 0000000005BC: BFC60000
	s_mov_b32 exec_lo, s49                                     // 0000000005C0: BEFE0031
	s_mov_b32 s49, exec_lo                                     // 0000000005C4: BEB1007E
	v_cmp_eq_u32_e32 vcc_lo, 0, v2                             // 0000000005C8: 7C940480
	s_and_b32 exec_lo, exec_lo, vcc_lo                         // 0000000005CC: 8B7E6A7E
	s_cbranch_execz 6                                          // 0000000005D0: BFA50006 <occ_kernel+0x5ec>
	v_mov_b32_e32 v11, 0x8240                                  // 0000000005D4: 7E1602FF 00008240
	v_mov_b32_e32 v14, -1                                      // 0000000005DC: 7E1C02C1
	ds_store_b32 v11, v14                                      // 0000000005E0: D8340000 00000E0B
	s_wait_dscnt 0x0                                           // 0000000005E8: BFC60000
	s_mov_b32 exec_lo, s49                                     // 0000000005EC: BEFE0031
	s_mov_b32 s49, exec_lo                                     // 0000000005F0: BEB1007E
	v_cmp_eq_u32_e32 vcc_lo, 0, v2                             // 0000000005F4: 7C940480
	s_and_b32 exec_lo, exec_lo, vcc_lo                         // 0000000005F8: 8B7E6A7E
	s_cbranch_execz 6                                          // 0000000005FC: BFA50006 <occ_kernel+0x618>
	v_mov_b32_e32 v11, 0x8244                                  // 000000000600: 7E1602FF 00008244
	v_mov_b32_e32 v14, -1                                      // 000000000608: 7E1C02C1
	ds_store_b32 v11, v14                                      // 00000000060C: D8340000 00000E0B
	s_wait_dscnt 0x0                                           // 000000000614: BFC60000
	s_mov_b32 exec_lo, s49                                     // 000000000618: BEFE0031
	s_mov_b32 s49, exec_lo                                     // 00000000061C: BEB1007E
	v_cmp_eq_u32_e32 vcc_lo, 0, v2                             // 000000000620: 7C940480
	s_and_b32 exec_lo, exec_lo, vcc_lo                         // 000000000624: 8B7E6A7E
	s_cbranch_execz 6                                          // 000000000628: BFA50006 <occ_kernel+0x644>
	v_mov_b32_e32 v11, 0x8248                                  // 00000000062C: 7E1602FF 00008248
	v_mov_b32_e32 v14, -2.0                                    // 000000000634: 7E1C02F5
	ds_store_b32 v11, v14                                      // 000000000638: D8340000 00000E0B
	s_wait_dscnt 0x0                                           // 000000000640: BFC60000
	s_mov_b32 exec_lo, s49                                     // 000000000644: BEFE0031
	s_mov_b32 s49, exec_lo                                     // 000000000648: BEB1007E
	v_cmp_eq_u32_e32 vcc_lo, 0, v2                             // 00000000064C: 7C940480
	s_and_b32 exec_lo, exec_lo, vcc_lo                         // 000000000650: 8B7E6A7E
	s_cbranch_execz 6                                          // 000000000654: BFA50006 <occ_kernel+0x670>
	v_mov_b32_e32 v11, 0x824c                                  // 000000000658: 7E1602FF 0000824C
	v_mov_b32_e32 v14, 0                                       // 000000000660: 7E1C0280
	ds_store_b32 v11, v14                                      // 000000000664: D8340000 00000E0B
	s_wait_dscnt 0x0                                           // 00000000066C: BFC60000
	s_mov_b32 exec_lo, s49                                     // 000000000670: BEFE0031
	s_mov_b32 s49, exec_lo                                     // 000000000674: BEB1007E
	v_cmp_eq_u32_e32 vcc_lo, 0, v2                             // 000000000678: 7C940480
	s_and_b32 exec_lo, exec_lo, vcc_lo                         // 00000000067C: 8B7E6A7E
	s_cbranch_execz 6                                          // 000000000680: BFA50006 <occ_kernel+0x69c>
	v_mov_b32_e32 v11, 0x8250                                  // 000000000684: 7E1602FF 00008250
	v_mov_b32_e32 v14, 0                                       // 00000000068C: 7E1C0280
	ds_store_b32 v11, v14                                      // 000000000690: D8340000 00000E0B
	s_wait_dscnt 0x0                                           // 000000000698: BFC60000
	s_mov_b32 exec_lo, s49                                     // 00000000069C: BEFE0031
	s_mov_b32 s49, exec_lo                                     // 0000000006A0: BEB1007E
	v_cmp_eq_u32_e32 vcc_lo, 0, v2                             // 0000000006A4: 7C940480
	s_and_b32 exec_lo, exec_lo, vcc_lo                         // 0000000006A8: 8B7E6A7E
	s_cbranch_execz 6                                          // 0000000006AC: BFA50006 <occ_kernel+0x6c8>
	v_mov_b32_e32 v11, 0x8254                                  // 0000000006B0: 7E1602FF 00008254
	v_mov_b32_e32 v14, 0                                       // 0000000006B8: 7E1C0280
	ds_store_b32 v11, v14                                      // 0000000006BC: D8340000 00000E0B
	s_wait_dscnt 0x0                                           // 0000000006C4: BFC60000
	s_mov_b32 exec_lo, s49                                     // 0000000006C8: BEFE0031
	s_mov_b32 s49, exec_lo                                     // 0000000006CC: BEB1007E
	v_cmp_eq_u32_e32 vcc_lo, 0, v2                             // 0000000006D0: 7C940480
	s_and_b32 exec_lo, exec_lo, vcc_lo                         // 0000000006D4: 8B7E6A7E
	s_cbranch_execz 6                                          // 0000000006D8: BFA50006 <occ_kernel+0x6f4>
	v_mov_b32_e32 v11, 0x8258                                  // 0000000006DC: 7E1602FF 00008258
	v_mov_b32_e32 v14, 0                                       // 0000000006E4: 7E1C0280
	ds_store_b32 v11, v14                                      // 0000000006E8: D8340000 00000E0B
	s_wait_dscnt 0x0                                           // 0000000006F0: BFC60000
	s_mov_b32 exec_lo, s49                                     // 0000000006F4: BEFE0031
	s_mov_b32 s49, exec_lo                                     // 0000000006F8: BEB1007E
	v_cmp_eq_u32_e32 vcc_lo, 0, v2                             // 0000000006FC: 7C940480
	s_and_b32 exec_lo, exec_lo, vcc_lo                         // 000000000700: 8B7E6A7E
	s_cbranch_execz 6                                          // 000000000704: BFA50006 <occ_kernel+0x720>
	v_mov_b32_e32 v11, 0x825c                                  // 000000000708: 7E1602FF 0000825C
	v_mov_b32_e32 v14, 0                                       // 000000000710: 7E1C0280
	ds_store_b32 v11, v14                                      // 000000000714: D8340000 00000E0B
	s_wait_dscnt 0x0                                           // 00000000071C: BFC60000
	s_mov_b32 exec_lo, s49                                     // 000000000720: BEFE0031
	s_mov_b32 s49, exec_lo                                     // 000000000724: BEB1007E
	v_cmp_eq_u32_e32 vcc_lo, 0, v2                             // 000000000728: 7C940480
	s_and_b32 exec_lo, exec_lo, vcc_lo                         // 00000000072C: 8B7E6A7E
	s_cbranch_execz 6                                          // 000000000730: BFA50006 <occ_kernel+0x74c>
	v_mov_b32_e32 v11, 0x8260                                  // 000000000734: 7E1602FF 00008260
	v_mov_b32_e32 v14, -1                                      // 00000000073C: 7E1C02C1
	ds_store_b32 v11, v14                                      // 000000000740: D8340000 00000E0B
	s_wait_dscnt 0x0                                           // 000000000748: BFC60000
	s_mov_b32 exec_lo, s49                                     // 00000000074C: BEFE0031
	s_mov_b32 s49, exec_lo                                     // 000000000750: BEB1007E
	v_cmp_eq_u32_e32 vcc_lo, 0, v2                             // 000000000754: 7C940480
	s_and_b32 exec_lo, exec_lo, vcc_lo                         // 000000000758: 8B7E6A7E
	s_cbranch_execz 6                                          // 00000000075C: BFA50006 <occ_kernel+0x778>
	v_mov_b32_e32 v11, 0x8264                                  // 000000000760: 7E1602FF 00008264
	v_mov_b32_e32 v14, -1                                      // 000000000768: 7E1C02C1
	ds_store_b32 v11, v14                                      // 00000000076C: D8340000 00000E0B
	s_wait_dscnt 0x0                                           // 000000000774: BFC60000
	s_mov_b32 exec_lo, s49                                     // 000000000778: BEFE0031
	s_mov_b32 s49, exec_lo                                     // 00000000077C: BEB1007E
	v_cmp_eq_u32_e32 vcc_lo, 0, v2                             // 000000000780: 7C940480
	s_and_b32 exec_lo, exec_lo, vcc_lo                         // 000000000784: 8B7E6A7E
	s_cbranch_execz 6                                          // 000000000788: BFA50006 <occ_kernel+0x7a4>
	v_mov_b32_e32 v11, 0x8268                                  // 00000000078C: 7E1602FF 00008268
	v_mov_b32_e32 v14, -2.0                                    // 000000000794: 7E1C02F5
	ds_store_b32 v11, v14                                      // 000000000798: D8340000 00000E0B
	s_wait_dscnt 0x0                                           // 0000000007A0: BFC60000
	s_mov_b32 exec_lo, s49                                     // 0000000007A4: BEFE0031
	s_mov_b32 s49, exec_lo                                     // 0000000007A8: BEB1007E
	v_cmp_eq_u32_e32 vcc_lo, 0, v2                             // 0000000007AC: 7C940480
	s_and_b32 exec_lo, exec_lo, vcc_lo                         // 0000000007B0: 8B7E6A7E
	s_cbranch_execz 6                                          // 0000000007B4: BFA50006 <occ_kernel+0x7d0>
	v_mov_b32_e32 v11, 0x826c                                  // 0000000007B8: 7E1602FF 0000826C
	v_mov_b32_e32 v14, 0                                       // 0000000007C0: 7E1C0280
	ds_store_b32 v11, v14                                      // 0000000007C4: D8340000 00000E0B
	s_wait_dscnt 0x0                                           // 0000000007CC: BFC60000
	s_mov_b32 exec_lo, s49                                     // 0000000007D0: BEFE0031
	s_mov_b32 s49, exec_lo                                     // 0000000007D4: BEB1007E
	v_cmp_eq_u32_e32 vcc_lo, 0, v2                             // 0000000007D8: 7C940480
	s_and_b32 exec_lo, exec_lo, vcc_lo                         // 0000000007DC: 8B7E6A7E
	s_cbranch_execz 6                                          // 0000000007E0: BFA50006 <occ_kernel+0x7fc>
	v_mov_b32_e32 v11, 0x8270                                  // 0000000007E4: 7E1602FF 00008270
	v_mov_b32_e32 v14, 0                                       // 0000000007EC: 7E1C0280
	ds_store_b32 v11, v14                                      // 0000000007F0: D8340000 00000E0B
	s_wait_dscnt 0x0                                           // 0000000007F8: BFC60000
	s_mov_b32 exec_lo, s49                                     // 0000000007FC: BEFE0031
	s_mov_b32 s49, exec_lo                                     // 000000000800: BEB1007E
	v_cmp_eq_u32_e32 vcc_lo, 0, v2                             // 000000000804: 7C940480
	s_and_b32 exec_lo, exec_lo, vcc_lo                         // 000000000808: 8B7E6A7E
	s_cbranch_execz 6                                          // 00000000080C: BFA50006 <occ_kernel+0x828>
	v_mov_b32_e32 v11, 0x8274                                  // 000000000810: 7E1602FF 00008274
	v_mov_b32_e32 v14, 0                                       // 000000000818: 7E1C0280
	ds_store_b32 v11, v14                                      // 00000000081C: D8340000 00000E0B
	s_wait_dscnt 0x0                                           // 000000000824: BFC60000
	s_mov_b32 exec_lo, s49                                     // 000000000828: BEFE0031
	s_mov_b32 s49, exec_lo                                     // 00000000082C: BEB1007E
	v_cmp_eq_u32_e32 vcc_lo, 0, v2                             // 000000000830: 7C940480
	s_and_b32 exec_lo, exec_lo, vcc_lo                         // 000000000834: 8B7E6A7E
	s_cbranch_execz 6                                          // 000000000838: BFA50006 <occ_kernel+0x854>
	v_mov_b32_e32 v11, 0x8278                                  // 00000000083C: 7E1602FF 00008278
	v_mov_b32_e32 v14, 0                                       // 000000000844: 7E1C0280
	ds_store_b32 v11, v14                                      // 000000000848: D8340000 00000E0B
	s_wait_dscnt 0x0                                           // 000000000850: BFC60000
	s_mov_b32 exec_lo, s49                                     // 000000000854: BEFE0031
	s_mov_b32 s49, exec_lo                                     // 000000000858: BEB1007E
	v_cmp_eq_u32_e32 vcc_lo, 0, v2                             // 00000000085C: 7C940480
	s_and_b32 exec_lo, exec_lo, vcc_lo                         // 000000000860: 8B7E6A7E
	s_cbranch_execz 6                                          // 000000000864: BFA50006 <occ_kernel+0x880>
	v_mov_b32_e32 v11, 0x827c                                  // 000000000868: 7E1602FF 0000827C
	v_mov_b32_e32 v14, 0                                       // 000000000870: 7E1C0280
	ds_store_b32 v11, v14                                      // 000000000874: D8340000 00000E0B
	s_wait_dscnt 0x0                                           // 00000000087C: BFC60000
	s_mov_b32 exec_lo, s49                                     // 000000000880: BEFE0031
	s_mov_b32 s49, exec_lo                                     // 000000000884: BEB1007E
	v_cmp_eq_u32_e32 vcc_lo, 0, v2                             // 000000000888: 7C940480
	s_and_b32 exec_lo, exec_lo, vcc_lo                         // 00000000088C: 8B7E6A7E
	s_cbranch_execz 6                                          // 000000000890: BFA50006 <occ_kernel+0x8ac>
	v_mov_b32_e32 v11, 0x8280                                  // 000000000894: 7E1602FF 00008280
	v_mov_b32_e32 v14, -1                                      // 00000000089C: 7E1C02C1
	ds_store_b32 v11, v14                                      // 0000000008A0: D8340000 00000E0B
	s_wait_dscnt 0x0                                           // 0000000008A8: BFC60000
	s_mov_b32 exec_lo, s49                                     // 0000000008AC: BEFE0031
	s_mov_b32 s49, exec_lo                                     // 0000000008B0: BEB1007E
	v_cmp_eq_u32_e32 vcc_lo, 0, v2                             // 0000000008B4: 7C940480
	s_and_b32 exec_lo, exec_lo, vcc_lo                         // 0000000008B8: 8B7E6A7E
	s_cbranch_execz 6                                          // 0000000008BC: BFA50006 <occ_kernel+0x8d8>
	v_mov_b32_e32 v11, 0x8284                                  // 0000000008C0: 7E1602FF 00008284
	v_mov_b32_e32 v14, -1                                      // 0000000008C8: 7E1C02C1
	ds_store_b32 v11, v14                                      // 0000000008CC: D8340000 00000E0B
	s_wait_dscnt 0x0                                           // 0000000008D4: BFC60000
	s_mov_b32 exec_lo, s49                                     // 0000000008D8: BEFE0031
	s_mov_b32 s49, exec_lo                                     // 0000000008DC: BEB1007E
	v_cmp_eq_u32_e32 vcc_lo, 0, v2                             // 0000000008E0: 7C940480
	s_and_b32 exec_lo, exec_lo, vcc_lo                         // 0000000008E4: 8B7E6A7E
	s_cbranch_execz 6                                          // 0000000008E8: BFA50006 <occ_kernel+0x904>
	v_mov_b32_e32 v11, 0x8288                                  // 0000000008EC: 7E1602FF 00008288
	v_mov_b32_e32 v14, -2.0                                    // 0000000008F4: 7E1C02F5
	ds_store_b32 v11, v14                                      // 0000000008F8: D8340000 00000E0B
	s_wait_dscnt 0x0                                           // 000000000900: BFC60000
	s_mov_b32 exec_lo, s49                                     // 000000000904: BEFE0031
	s_mov_b32 s49, exec_lo                                     // 000000000908: BEB1007E
	v_cmp_eq_u32_e32 vcc_lo, 0, v2                             // 00000000090C: 7C940480
	s_and_b32 exec_lo, exec_lo, vcc_lo                         // 000000000910: 8B7E6A7E
	s_cbranch_execz 6                                          // 000000000914: BFA50006 <occ_kernel+0x930>
	v_mov_b32_e32 v11, 0x828c                                  // 000000000918: 7E1602FF 0000828C
	v_mov_b32_e32 v14, 0                                       // 000000000920: 7E1C0280
	ds_store_b32 v11, v14                                      // 000000000924: D8340000 00000E0B
	s_wait_dscnt 0x0                                           // 00000000092C: BFC60000
	s_mov_b32 exec_lo, s49                                     // 000000000930: BEFE0031
	s_mov_b32 s49, exec_lo                                     // 000000000934: BEB1007E
	v_cmp_eq_u32_e32 vcc_lo, 0, v2                             // 000000000938: 7C940480
	s_and_b32 exec_lo, exec_lo, vcc_lo                         // 00000000093C: 8B7E6A7E
	s_cbranch_execz 6                                          // 000000000940: BFA50006 <occ_kernel+0x95c>
	v_mov_b32_e32 v11, 0x8290                                  // 000000000944: 7E1602FF 00008290
	v_mov_b32_e32 v14, 0                                       // 00000000094C: 7E1C0280
	ds_store_b32 v11, v14                                      // 000000000950: D8340000 00000E0B
	s_wait_dscnt 0x0                                           // 000000000958: BFC60000
	s_mov_b32 exec_lo, s49                                     // 00000000095C: BEFE0031
	s_mov_b32 s49, exec_lo                                     // 000000000960: BEB1007E
	v_cmp_eq_u32_e32 vcc_lo, 0, v2                             // 000000000964: 7C940480
	s_and_b32 exec_lo, exec_lo, vcc_lo                         // 000000000968: 8B7E6A7E
	s_cbranch_execz 6                                          // 00000000096C: BFA50006 <occ_kernel+0x988>
	v_mov_b32_e32 v11, 0x8294                                  // 000000000970: 7E1602FF 00008294
	v_mov_b32_e32 v14, 0                                       // 000000000978: 7E1C0280
	ds_store_b32 v11, v14                                      // 00000000097C: D8340000 00000E0B
	s_wait_dscnt 0x0                                           // 000000000984: BFC60000
	s_mov_b32 exec_lo, s49                                     // 000000000988: BEFE0031
	s_mov_b32 s49, exec_lo                                     // 00000000098C: BEB1007E
	v_cmp_eq_u32_e32 vcc_lo, 0, v2                             // 000000000990: 7C940480
	s_and_b32 exec_lo, exec_lo, vcc_lo                         // 000000000994: 8B7E6A7E
	s_cbranch_execz 6                                          // 000000000998: BFA50006 <occ_kernel+0x9b4>
	v_mov_b32_e32 v11, 0x8298                                  // 00000000099C: 7E1602FF 00008298
	v_mov_b32_e32 v14, 0                                       // 0000000009A4: 7E1C0280
	ds_store_b32 v11, v14                                      // 0000000009A8: D8340000 00000E0B
	s_wait_dscnt 0x0                                           // 0000000009B0: BFC60000
	s_mov_b32 exec_lo, s49                                     // 0000000009B4: BEFE0031
	s_mov_b32 s49, exec_lo                                     // 0000000009B8: BEB1007E
	v_cmp_eq_u32_e32 vcc_lo, 0, v2                             // 0000000009BC: 7C940480
	s_and_b32 exec_lo, exec_lo, vcc_lo                         // 0000000009C0: 8B7E6A7E
	s_cbranch_execz 6                                          // 0000000009C4: BFA50006 <occ_kernel+0x9e0>
	v_mov_b32_e32 v11, 0x829c                                  // 0000000009C8: 7E1602FF 0000829C
	v_mov_b32_e32 v14, 0                                       // 0000000009D0: 7E1C0280
	ds_store_b32 v11, v14                                      // 0000000009D4: D8340000 00000E0B
	s_wait_dscnt 0x0                                           // 0000000009DC: BFC60000
	s_mov_b32 exec_lo, s49                                     // 0000000009E0: BEFE0031
	s_mov_b32 s49, exec_lo                                     // 0000000009E4: BEB1007E
	v_cmp_eq_u32_e32 vcc_lo, 0, v2                             // 0000000009E8: 7C940480
	s_and_b32 exec_lo, exec_lo, vcc_lo                         // 0000000009EC: 8B7E6A7E
	s_cbranch_execz 6                                          // 0000000009F0: BFA50006 <occ_kernel+0xa0c>
	v_mov_b32_e32 v11, 0x82a0                                  // 0000000009F4: 7E1602FF 000082A0
	v_mov_b32_e32 v14, -1                                      // 0000000009FC: 7E1C02C1
	ds_store_b32 v11, v14                                      // 000000000A00: D8340000 00000E0B
	s_wait_dscnt 0x0                                           // 000000000A08: BFC60000
	s_mov_b32 exec_lo, s49                                     // 000000000A0C: BEFE0031
	s_mov_b32 s49, exec_lo                                     // 000000000A10: BEB1007E
	v_cmp_eq_u32_e32 vcc_lo, 0, v2                             // 000000000A14: 7C940480
	s_and_b32 exec_lo, exec_lo, vcc_lo                         // 000000000A18: 8B7E6A7E
	s_cbranch_execz 6                                          // 000000000A1C: BFA50006 <occ_kernel+0xa38>
	v_mov_b32_e32 v11, 0x82a4                                  // 000000000A20: 7E1602FF 000082A4
	v_mov_b32_e32 v14, -1                                      // 000000000A28: 7E1C02C1
	ds_store_b32 v11, v14                                      // 000000000A2C: D8340000 00000E0B
	s_wait_dscnt 0x0                                           // 000000000A34: BFC60000
	s_mov_b32 exec_lo, s49                                     // 000000000A38: BEFE0031
	s_mov_b32 s49, exec_lo                                     // 000000000A3C: BEB1007E
	v_cmp_eq_u32_e32 vcc_lo, 0, v2                             // 000000000A40: 7C940480
	s_and_b32 exec_lo, exec_lo, vcc_lo                         // 000000000A44: 8B7E6A7E
	s_cbranch_execz 6                                          // 000000000A48: BFA50006 <occ_kernel+0xa64>
	v_mov_b32_e32 v11, 0x82a8                                  // 000000000A4C: 7E1602FF 000082A8
	v_mov_b32_e32 v14, -2.0                                    // 000000000A54: 7E1C02F5
	ds_store_b32 v11, v14                                      // 000000000A58: D8340000 00000E0B
	s_wait_dscnt 0x0                                           // 000000000A60: BFC60000
	s_mov_b32 exec_lo, s49                                     // 000000000A64: BEFE0031
	s_mov_b32 s49, exec_lo                                     // 000000000A68: BEB1007E
	v_cmp_eq_u32_e32 vcc_lo, 0, v2                             // 000000000A6C: 7C940480
	s_and_b32 exec_lo, exec_lo, vcc_lo                         // 000000000A70: 8B7E6A7E
	s_cbranch_execz 6                                          // 000000000A74: BFA50006 <occ_kernel+0xa90>
	v_mov_b32_e32 v11, 0x82ac                                  // 000000000A78: 7E1602FF 000082AC
	v_mov_b32_e32 v14, 0                                       // 000000000A80: 7E1C0280
	ds_store_b32 v11, v14                                      // 000000000A84: D8340000 00000E0B
	s_wait_dscnt 0x0                                           // 000000000A8C: BFC60000
	s_mov_b32 exec_lo, s49                                     // 000000000A90: BEFE0031
	s_mov_b32 s49, exec_lo                                     // 000000000A94: BEB1007E
	v_cmp_eq_u32_e32 vcc_lo, 0, v2                             // 000000000A98: 7C940480
	s_and_b32 exec_lo, exec_lo, vcc_lo                         // 000000000A9C: 8B7E6A7E
	s_cbranch_execz 6                                          // 000000000AA0: BFA50006 <occ_kernel+0xabc>
	v_mov_b32_e32 v11, 0x82b0                                  // 000000000AA4: 7E1602FF 000082B0
	v_mov_b32_e32 v14, 0                                       // 000000000AAC: 7E1C0280
	ds_store_b32 v11, v14                                      // 000000000AB0: D8340000 00000E0B
	s_wait_dscnt 0x0                                           // 000000000AB8: BFC60000
	s_mov_b32 exec_lo, s49                                     // 000000000ABC: BEFE0031
	s_mov_b32 s49, exec_lo                                     // 000000000AC0: BEB1007E
	v_cmp_eq_u32_e32 vcc_lo, 0, v2                             // 000000000AC4: 7C940480
	s_and_b32 exec_lo, exec_lo, vcc_lo                         // 000000000AC8: 8B7E6A7E
	s_cbranch_execz 6                                          // 000000000ACC: BFA50006 <occ_kernel+0xae8>
	v_mov_b32_e32 v11, 0x82b4                                  // 000000000AD0: 7E1602FF 000082B4
	v_mov_b32_e32 v14, 0                                       // 000000000AD8: 7E1C0280
	ds_store_b32 v11, v14                                      // 000000000ADC: D8340000 00000E0B
	s_wait_dscnt 0x0                                           // 000000000AE4: BFC60000
	s_mov_b32 exec_lo, s49                                     // 000000000AE8: BEFE0031
	s_mov_b32 s49, exec_lo                                     // 000000000AEC: BEB1007E
	v_cmp_eq_u32_e32 vcc_lo, 0, v2                             // 000000000AF0: 7C940480
	s_and_b32 exec_lo, exec_lo, vcc_lo                         // 000000000AF4: 8B7E6A7E
	s_cbranch_execz 6                                          // 000000000AF8: BFA50006 <occ_kernel+0xb14>
	v_mov_b32_e32 v11, 0x82b8                                  // 000000000AFC: 7E1602FF 000082B8
	v_mov_b32_e32 v14, 0                                       // 000000000B04: 7E1C0280
	ds_store_b32 v11, v14                                      // 000000000B08: D8340000 00000E0B
	s_wait_dscnt 0x0                                           // 000000000B10: BFC60000
	s_mov_b32 exec_lo, s49                                     // 000000000B14: BEFE0031
	s_mov_b32 s49, exec_lo                                     // 000000000B18: BEB1007E
	v_cmp_eq_u32_e32 vcc_lo, 0, v2                             // 000000000B1C: 7C940480
	s_and_b32 exec_lo, exec_lo, vcc_lo                         // 000000000B20: 8B7E6A7E
	s_cbranch_execz 6                                          // 000000000B24: BFA50006 <occ_kernel+0xb40>
	v_mov_b32_e32 v11, 0x82bc                                  // 000000000B28: 7E1602FF 000082BC
	v_mov_b32_e32 v14, 0                                       // 000000000B30: 7E1C0280
	ds_store_b32 v11, v14                                      // 000000000B34: D8340000 00000E0B
	s_wait_dscnt 0x0                                           // 000000000B3C: BFC60000
	s_mov_b32 exec_lo, s49                                     // 000000000B40: BEFE0031
	s_mov_b32 s49, exec_lo                                     // 000000000B44: BEB1007E
	v_cmp_eq_u32_e32 vcc_lo, 0, v2                             // 000000000B48: 7C940480
	s_and_b32 exec_lo, exec_lo, vcc_lo                         // 000000000B4C: 8B7E6A7E
	s_cbranch_execz 6                                          // 000000000B50: BFA50006 <occ_kernel+0xb6c>
	v_mov_b32_e32 v11, 0x82c0                                  // 000000000B54: 7E1602FF 000082C0
	v_mov_b32_e32 v14, -1                                      // 000000000B5C: 7E1C02C1
	ds_store_b32 v11, v14                                      // 000000000B60: D8340000 00000E0B
	s_wait_dscnt 0x0                                           // 000000000B68: BFC60000
	s_mov_b32 exec_lo, s49                                     // 000000000B6C: BEFE0031
	s_mov_b32 s49, exec_lo                                     // 000000000B70: BEB1007E
	v_cmp_eq_u32_e32 vcc_lo, 0, v2                             // 000000000B74: 7C940480
	s_and_b32 exec_lo, exec_lo, vcc_lo                         // 000000000B78: 8B7E6A7E
	s_cbranch_execz 6                                          // 000000000B7C: BFA50006 <occ_kernel+0xb98>
	v_mov_b32_e32 v11, 0x82c4                                  // 000000000B80: 7E1602FF 000082C4
	v_mov_b32_e32 v14, -1                                      // 000000000B88: 7E1C02C1
	ds_store_b32 v11, v14                                      // 000000000B8C: D8340000 00000E0B
	s_wait_dscnt 0x0                                           // 000000000B94: BFC60000
	s_mov_b32 exec_lo, s49                                     // 000000000B98: BEFE0031
	s_mov_b32 s49, exec_lo                                     // 000000000B9C: BEB1007E
	v_cmp_eq_u32_e32 vcc_lo, 0, v2                             // 000000000BA0: 7C940480
	s_and_b32 exec_lo, exec_lo, vcc_lo                         // 000000000BA4: 8B7E6A7E
	s_cbranch_execz 6                                          // 000000000BA8: BFA50006 <occ_kernel+0xbc4>
	v_mov_b32_e32 v11, 0x82c8                                  // 000000000BAC: 7E1602FF 000082C8
	v_mov_b32_e32 v14, -2.0                                    // 000000000BB4: 7E1C02F5
	ds_store_b32 v11, v14                                      // 000000000BB8: D8340000 00000E0B
	s_wait_dscnt 0x0                                           // 000000000BC0: BFC60000
	s_mov_b32 exec_lo, s49                                     // 000000000BC4: BEFE0031
	s_mov_b32 s49, exec_lo                                     // 000000000BC8: BEB1007E
	v_cmp_eq_u32_e32 vcc_lo, 0, v2                             // 000000000BCC: 7C940480
	s_and_b32 exec_lo, exec_lo, vcc_lo                         // 000000000BD0: 8B7E6A7E
	s_cbranch_execz 6                                          // 000000000BD4: BFA50006 <occ_kernel+0xbf0>
	v_mov_b32_e32 v11, 0x82cc                                  // 000000000BD8: 7E1602FF 000082CC
	v_mov_b32_e32 v14, 0                                       // 000000000BE0: 7E1C0280
	ds_store_b32 v11, v14                                      // 000000000BE4: D8340000 00000E0B
	s_wait_dscnt 0x0                                           // 000000000BEC: BFC60000
	s_mov_b32 exec_lo, s49                                     // 000000000BF0: BEFE0031
	s_mov_b32 s49, exec_lo                                     // 000000000BF4: BEB1007E
	v_cmp_eq_u32_e32 vcc_lo, 0, v2                             // 000000000BF8: 7C940480
	s_and_b32 exec_lo, exec_lo, vcc_lo                         // 000000000BFC: 8B7E6A7E
	s_cbranch_execz 6                                          // 000000000C00: BFA50006 <occ_kernel+0xc1c>
	v_mov_b32_e32 v11, 0x82d0                                  // 000000000C04: 7E1602FF 000082D0
	v_mov_b32_e32 v14, 0                                       // 000000000C0C: 7E1C0280
	ds_store_b32 v11, v14                                      // 000000000C10: D8340000 00000E0B
	s_wait_dscnt 0x0                                           // 000000000C18: BFC60000
	s_mov_b32 exec_lo, s49                                     // 000000000C1C: BEFE0031
	s_mov_b32 s49, exec_lo                                     // 000000000C20: BEB1007E
	v_cmp_eq_u32_e32 vcc_lo, 0, v2                             // 000000000C24: 7C940480
	s_and_b32 exec_lo, exec_lo, vcc_lo                         // 000000000C28: 8B7E6A7E
	s_cbranch_execz 6                                          // 000000000C2C: BFA50006 <occ_kernel+0xc48>
	v_mov_b32_e32 v11, 0x82d4                                  // 000000000C30: 7E1602FF 000082D4
	v_mov_b32_e32 v14, 0                                       // 000000000C38: 7E1C0280
	ds_store_b32 v11, v14                                      // 000000000C3C: D8340000 00000E0B
	s_wait_dscnt 0x0                                           // 000000000C44: BFC60000
	s_mov_b32 exec_lo, s49                                     // 000000000C48: BEFE0031
	s_mov_b32 s49, exec_lo                                     // 000000000C4C: BEB1007E
	v_cmp_eq_u32_e32 vcc_lo, 0, v2                             // 000000000C50: 7C940480
	s_and_b32 exec_lo, exec_lo, vcc_lo                         // 000000000C54: 8B7E6A7E
	s_cbranch_execz 6                                          // 000000000C58: BFA50006 <occ_kernel+0xc74>
	v_mov_b32_e32 v11, 0x82d8                                  // 000000000C5C: 7E1602FF 000082D8
	v_mov_b32_e32 v14, 0                                       // 000000000C64: 7E1C0280
	ds_store_b32 v11, v14                                      // 000000000C68: D8340000 00000E0B
	s_wait_dscnt 0x0                                           // 000000000C70: BFC60000
	s_mov_b32 exec_lo, s49                                     // 000000000C74: BEFE0031
	s_mov_b32 s49, exec_lo                                     // 000000000C78: BEB1007E
	v_cmp_eq_u32_e32 vcc_lo, 0, v2                             // 000000000C7C: 7C940480
	s_and_b32 exec_lo, exec_lo, vcc_lo                         // 000000000C80: 8B7E6A7E
	s_cbranch_execz 6                                          // 000000000C84: BFA50006 <occ_kernel+0xca0>
	v_mov_b32_e32 v11, 0x82dc                                  // 000000000C88: 7E1602FF 000082DC
	v_mov_b32_e32 v14, 0                                       // 000000000C90: 7E1C0280
	ds_store_b32 v11, v14                                      // 000000000C94: D8340000 00000E0B
	s_wait_dscnt 0x0                                           // 000000000C9C: BFC60000
	s_mov_b32 exec_lo, s49                                     // 000000000CA0: BEFE0031
	s_mov_b32 s49, exec_lo                                     // 000000000CA4: BEB1007E
	v_cmp_eq_u32_e32 vcc_lo, 0, v2                             // 000000000CA8: 7C940480
	s_and_b32 exec_lo, exec_lo, vcc_lo                         // 000000000CAC: 8B7E6A7E
	s_cbranch_execz 6                                          // 000000000CB0: BFA50006 <occ_kernel+0xccc>
	v_mov_b32_e32 v11, 0x82e0                                  // 000000000CB4: 7E1602FF 000082E0
	v_mov_b32_e32 v14, -1                                      // 000000000CBC: 7E1C02C1
	ds_store_b32 v11, v14                                      // 000000000CC0: D8340000 00000E0B
	s_wait_dscnt 0x0                                           // 000000000CC8: BFC60000
	s_mov_b32 exec_lo, s49                                     // 000000000CCC: BEFE0031
	s_mov_b32 s49, exec_lo                                     // 000000000CD0: BEB1007E
	v_cmp_eq_u32_e32 vcc_lo, 0, v2                             // 000000000CD4: 7C940480
	s_and_b32 exec_lo, exec_lo, vcc_lo                         // 000000000CD8: 8B7E6A7E
	s_cbranch_execz 6                                          // 000000000CDC: BFA50006 <occ_kernel+0xcf8>
	v_mov_b32_e32 v11, 0x82e4                                  // 000000000CE0: 7E1602FF 000082E4
	v_mov_b32_e32 v14, -1                                      // 000000000CE8: 7E1C02C1
	ds_store_b32 v11, v14                                      // 000000000CEC: D8340000 00000E0B
	s_wait_dscnt 0x0                                           // 000000000CF4: BFC60000
	s_mov_b32 exec_lo, s49                                     // 000000000CF8: BEFE0031
	s_mov_b32 s49, exec_lo                                     // 000000000CFC: BEB1007E
	v_cmp_eq_u32_e32 vcc_lo, 0, v2                             // 000000000D00: 7C940480
	s_and_b32 exec_lo, exec_lo, vcc_lo                         // 000000000D04: 8B7E6A7E
	s_cbranch_execz 6                                          // 000000000D08: BFA50006 <occ_kernel+0xd24>
	v_mov_b32_e32 v11, 0x82e8                                  // 000000000D0C: 7E1602FF 000082E8
	v_mov_b32_e32 v14, -2.0                                    // 000000000D14: 7E1C02F5
	ds_store_b32 v11, v14                                      // 000000000D18: D8340000 00000E0B
	s_wait_dscnt 0x0                                           // 000000000D20: BFC60000
	s_mov_b32 exec_lo, s49                                     // 000000000D24: BEFE0031
	s_mov_b32 s49, exec_lo                                     // 000000000D28: BEB1007E
	v_cmp_eq_u32_e32 vcc_lo, 0, v2                             // 000000000D2C: 7C940480
	s_and_b32 exec_lo, exec_lo, vcc_lo                         // 000000000D30: 8B7E6A7E
	s_cbranch_execz 6                                          // 000000000D34: BFA50006 <occ_kernel+0xd50>
	v_mov_b32_e32 v11, 0x82ec                                  // 000000000D38: 7E1602FF 000082EC
	v_mov_b32_e32 v14, 0                                       // 000000000D40: 7E1C0280
	ds_store_b32 v11, v14                                      // 000000000D44: D8340000 00000E0B
	s_wait_dscnt 0x0                                           // 000000000D4C: BFC60000
	s_mov_b32 exec_lo, s49                                     // 000000000D50: BEFE0031
	s_mov_b32 s49, exec_lo                                     // 000000000D54: BEB1007E
	v_cmp_eq_u32_e32 vcc_lo, 0, v2                             // 000000000D58: 7C940480
	s_and_b32 exec_lo, exec_lo, vcc_lo                         // 000000000D5C: 8B7E6A7E
	s_cbranch_execz 6                                          // 000000000D60: BFA50006 <occ_kernel+0xd7c>
	v_mov_b32_e32 v11, 0x82f0                                  // 000000000D64: 7E1602FF 000082F0
	v_mov_b32_e32 v14, 0                                       // 000000000D6C: 7E1C0280
	ds_store_b32 v11, v14                                      // 000000000D70: D8340000 00000E0B
	s_wait_dscnt 0x0                                           // 000000000D78: BFC60000
	s_mov_b32 exec_lo, s49                                     // 000000000D7C: BEFE0031
	s_mov_b32 s49, exec_lo                                     // 000000000D80: BEB1007E
	v_cmp_eq_u32_e32 vcc_lo, 0, v2                             // 000000000D84: 7C940480
	s_and_b32 exec_lo, exec_lo, vcc_lo                         // 000000000D88: 8B7E6A7E
	s_cbranch_execz 6                                          // 000000000D8C: BFA50006 <occ_kernel+0xda8>
	v_mov_b32_e32 v11, 0x82f4                                  // 000000000D90: 7E1602FF 000082F4
	v_mov_b32_e32 v14, 0                                       // 000000000D98: 7E1C0280
	ds_store_b32 v11, v14                                      // 000000000D9C: D8340000 00000E0B
	s_wait_dscnt 0x0                                           // 000000000DA4: BFC60000
	s_mov_b32 exec_lo, s49                                     // 000000000DA8: BEFE0031
	s_mov_b32 s49, exec_lo                                     // 000000000DAC: BEB1007E
	v_cmp_eq_u32_e32 vcc_lo, 0, v2                             // 000000000DB0: 7C940480
	s_and_b32 exec_lo, exec_lo, vcc_lo                         // 000000000DB4: 8B7E6A7E
	s_cbranch_execz 6                                          // 000000000DB8: BFA50006 <occ_kernel+0xdd4>
	v_mov_b32_e32 v11, 0x82f8                                  // 000000000DBC: 7E1602FF 000082F8
	v_mov_b32_e32 v14, 0                                       // 000000000DC4: 7E1C0280
	ds_store_b32 v11, v14                                      // 000000000DC8: D8340000 00000E0B
	s_wait_dscnt 0x0                                           // 000000000DD0: BFC60000
	s_mov_b32 exec_lo, s49                                     // 000000000DD4: BEFE0031
	s_mov_b32 s49, exec_lo                                     // 000000000DD8: BEB1007E
	v_cmp_eq_u32_e32 vcc_lo, 0, v2                             // 000000000DDC: 7C940480
	s_and_b32 exec_lo, exec_lo, vcc_lo                         // 000000000DE0: 8B7E6A7E
	s_cbranch_execz 6                                          // 000000000DE4: BFA50006 <occ_kernel+0xe00>
	v_mov_b32_e32 v11, 0x82fc                                  // 000000000DE8: 7E1602FF 000082FC
	v_mov_b32_e32 v14, 0                                       // 000000000DF0: 7E1C0280
	ds_store_b32 v11, v14                                      // 000000000DF4: D8340000 00000E0B
	s_wait_dscnt 0x0                                           // 000000000DFC: BFC60000
	s_mov_b32 exec_lo, s49                                     // 000000000E00: BEFE0031
	s_mov_b32 s49, exec_lo                                     // 000000000E04: BEB1007E
	v_cmp_eq_u32_e32 vcc_lo, 0, v2                             // 000000000E08: 7C940480
	s_and_b32 exec_lo, exec_lo, vcc_lo                         // 000000000E0C: 8B7E6A7E
	s_cbranch_execz 6                                          // 000000000E10: BFA50006 <occ_kernel+0xe2c>
	v_mov_b32_e32 v11, 0x8300                                  // 000000000E14: 7E1602FF 00008300
	v_mov_b32_e32 v14, -1                                      // 000000000E1C: 7E1C02C1
	ds_store_b32 v11, v14                                      // 000000000E20: D8340000 00000E0B
	s_wait_dscnt 0x0                                           // 000000000E28: BFC60000
	s_mov_b32 exec_lo, s49                                     // 000000000E2C: BEFE0031
	s_mov_b32 s49, exec_lo                                     // 000000000E30: BEB1007E
	v_cmp_eq_u32_e32 vcc_lo, 0, v2                             // 000000000E34: 7C940480
	s_and_b32 exec_lo, exec_lo, vcc_lo                         // 000000000E38: 8B7E6A7E
	s_cbranch_execz 6                                          // 000000000E3C: BFA50006 <occ_kernel+0xe58>
	v_mov_b32_e32 v11, 0x8304                                  // 000000000E40: 7E1602FF 00008304
	v_mov_b32_e32 v14, -1                                      // 000000000E48: 7E1C02C1
	ds_store_b32 v11, v14                                      // 000000000E4C: D8340000 00000E0B
	s_wait_dscnt 0x0                                           // 000000000E54: BFC60000
	s_mov_b32 exec_lo, s49                                     // 000000000E58: BEFE0031
	s_mov_b32 s49, exec_lo                                     // 000000000E5C: BEB1007E
	v_cmp_eq_u32_e32 vcc_lo, 0, v2                             // 000000000E60: 7C940480
	s_and_b32 exec_lo, exec_lo, vcc_lo                         // 000000000E64: 8B7E6A7E
	s_cbranch_execz 6                                          // 000000000E68: BFA50006 <occ_kernel+0xe84>
	v_mov_b32_e32 v11, 0x8308                                  // 000000000E6C: 7E1602FF 00008308
	v_mov_b32_e32 v14, -2.0                                    // 000000000E74: 7E1C02F5
	ds_store_b32 v11, v14                                      // 000000000E78: D8340000 00000E0B
	s_wait_dscnt 0x0                                           // 000000000E80: BFC60000
	s_mov_b32 exec_lo, s49                                     // 000000000E84: BEFE0031
	s_mov_b32 s49, exec_lo                                     // 000000000E88: BEB1007E
	v_cmp_eq_u32_e32 vcc_lo, 0, v2                             // 000000000E8C: 7C940480
	s_and_b32 exec_lo, exec_lo, vcc_lo                         // 000000000E90: 8B7E6A7E
	s_cbranch_execz 6                                          // 000000000E94: BFA50006 <occ_kernel+0xeb0>
	v_mov_b32_e32 v11, 0x830c                                  // 000000000E98: 7E1602FF 0000830C
	v_mov_b32_e32 v14, 0                                       // 000000000EA0: 7E1C0280
	ds_store_b32 v11, v14                                      // 000000000EA4: D8340000 00000E0B
	s_wait_dscnt 0x0                                           // 000000000EAC: BFC60000
	s_mov_b32 exec_lo, s49                                     // 000000000EB0: BEFE0031
	s_mov_b32 s49, exec_lo                                     // 000000000EB4: BEB1007E
	v_cmp_eq_u32_e32 vcc_lo, 0, v2                             // 000000000EB8: 7C940480
	s_and_b32 exec_lo, exec_lo, vcc_lo                         // 000000000EBC: 8B7E6A7E
	s_cbranch_execz 6                                          // 000000000EC0: BFA50006 <occ_kernel+0xedc>
	v_mov_b32_e32 v11, 0x8310                                  // 000000000EC4: 7E1602FF 00008310
	v_mov_b32_e32 v14, 0                                       // 000000000ECC: 7E1C0280
	ds_store_b32 v11, v14                                      // 000000000ED0: D8340000 00000E0B
	s_wait_dscnt 0x0                                           // 000000000ED8: BFC60000
	s_mov_b32 exec_lo, s49                                     // 000000000EDC: BEFE0031
	s_mov_b32 s49, exec_lo                                     // 000000000EE0: BEB1007E
	v_cmp_eq_u32_e32 vcc_lo, 0, v2                             // 000000000EE4: 7C940480
	s_and_b32 exec_lo, exec_lo, vcc_lo                         // 000000000EE8: 8B7E6A7E
	s_cbranch_execz 6                                          // 000000000EEC: BFA50006 <occ_kernel+0xf08>
	v_mov_b32_e32 v11, 0x8314                                  // 000000000EF0: 7E1602FF 00008314
	v_mov_b32_e32 v14, 0                                       // 000000000EF8: 7E1C0280
	ds_store_b32 v11, v14                                      // 000000000EFC: D8340000 00000E0B
	s_wait_dscnt 0x0                                           // 000000000F04: BFC60000
	s_mov_b32 exec_lo, s49                                     // 000000000F08: BEFE0031
	s_mov_b32 s49, exec_lo                                     // 000000000F0C: BEB1007E
	v_cmp_eq_u32_e32 vcc_lo, 0, v2                             // 000000000F10: 7C940480
	s_and_b32 exec_lo, exec_lo, vcc_lo                         // 000000000F14: 8B7E6A7E
	s_cbranch_execz 6                                          // 000000000F18: BFA50006 <occ_kernel+0xf34>
	v_mov_b32_e32 v11, 0x8318                                  // 000000000F1C: 7E1602FF 00008318
	v_mov_b32_e32 v14, 0                                       // 000000000F24: 7E1C0280
	ds_store_b32 v11, v14                                      // 000000000F28: D8340000 00000E0B
	s_wait_dscnt 0x0                                           // 000000000F30: BFC60000
	s_mov_b32 exec_lo, s49                                     // 000000000F34: BEFE0031
	s_mov_b32 s49, exec_lo                                     // 000000000F38: BEB1007E
	v_cmp_eq_u32_e32 vcc_lo, 0, v2                             // 000000000F3C: 7C940480
	s_and_b32 exec_lo, exec_lo, vcc_lo                         // 000000000F40: 8B7E6A7E
	s_cbranch_execz 6                                          // 000000000F44: BFA50006 <occ_kernel+0xf60>
	v_mov_b32_e32 v11, 0x831c                                  // 000000000F48: 7E1602FF 0000831C
	v_mov_b32_e32 v14, 0                                       // 000000000F50: 7E1C0280
	ds_store_b32 v11, v14                                      // 000000000F54: D8340000 00000E0B
	s_wait_dscnt 0x0                                           // 000000000F5C: BFC60000
	s_mov_b32 exec_lo, s49                                     // 000000000F60: BEFE0031
	s_mov_b32 s49, exec_lo                                     // 000000000F64: BEB1007E
	v_cmp_eq_u32_e32 vcc_lo, 0, v2                             // 000000000F68: 7C940480
	s_and_b32 exec_lo, exec_lo, vcc_lo                         // 000000000F6C: 8B7E6A7E
	s_cbranch_execz 6                                          // 000000000F70: BFA50006 <occ_kernel+0xf8c>
	v_mov_b32_e32 v11, 0x8320                                  // 000000000F74: 7E1602FF 00008320
	v_mov_b32_e32 v14, -1                                      // 000000000F7C: 7E1C02C1
	ds_store_b32 v11, v14                                      // 000000000F80: D8340000 00000E0B
	s_wait_dscnt 0x0                                           // 000000000F88: BFC60000
	s_mov_b32 exec_lo, s49                                     // 000000000F8C: BEFE0031
	s_mov_b32 s49, exec_lo                                     // 000000000F90: BEB1007E
	v_cmp_eq_u32_e32 vcc_lo, 0, v2                             // 000000000F94: 7C940480
	s_and_b32 exec_lo, exec_lo, vcc_lo                         // 000000000F98: 8B7E6A7E
	s_cbranch_execz 6                                          // 000000000F9C: BFA50006 <occ_kernel+0xfb8>
	v_mov_b32_e32 v11, 0x8324                                  // 000000000FA0: 7E1602FF 00008324
	v_mov_b32_e32 v14, -1                                      // 000000000FA8: 7E1C02C1
	ds_store_b32 v11, v14                                      // 000000000FAC: D8340000 00000E0B
	s_wait_dscnt 0x0                                           // 000000000FB4: BFC60000
	s_mov_b32 exec_lo, s49                                     // 000000000FB8: BEFE0031
	s_mov_b32 s49, exec_lo                                     // 000000000FBC: BEB1007E
	v_cmp_eq_u32_e32 vcc_lo, 0, v2                             // 000000000FC0: 7C940480
	s_and_b32 exec_lo, exec_lo, vcc_lo                         // 000000000FC4: 8B7E6A7E
	s_cbranch_execz 6                                          // 000000000FC8: BFA50006 <occ_kernel+0xfe4>
	v_mov_b32_e32 v11, 0x8328                                  // 000000000FCC: 7E1602FF 00008328
	v_mov_b32_e32 v14, -2.0                                    // 000000000FD4: 7E1C02F5
	ds_store_b32 v11, v14                                      // 000000000FD8: D8340000 00000E0B
	s_wait_dscnt 0x0                                           // 000000000FE0: BFC60000
	s_mov_b32 exec_lo, s49                                     // 000000000FE4: BEFE0031
	s_mov_b32 s49, exec_lo                                     // 000000000FE8: BEB1007E
	v_cmp_eq_u32_e32 vcc_lo, 0, v2                             // 000000000FEC: 7C940480
	s_and_b32 exec_lo, exec_lo, vcc_lo                         // 000000000FF0: 8B7E6A7E
	s_cbranch_execz 6                                          // 000000000FF4: BFA50006 <occ_kernel+0x1010>
	v_mov_b32_e32 v11, 0x832c                                  // 000000000FF8: 7E1602FF 0000832C
	v_mov_b32_e32 v14, 0                                       // 000000001000: 7E1C0280
	ds_store_b32 v11, v14                                      // 000000001004: D8340000 00000E0B
	s_wait_dscnt 0x0                                           // 00000000100C: BFC60000
	s_mov_b32 exec_lo, s49                                     // 000000001010: BEFE0031
	s_mov_b32 s49, exec_lo                                     // 000000001014: BEB1007E
	v_cmp_eq_u32_e32 vcc_lo, 0, v2                             // 000000001018: 7C940480
	s_and_b32 exec_lo, exec_lo, vcc_lo                         // 00000000101C: 8B7E6A7E
	s_cbranch_execz 6                                          // 000000001020: BFA50006 <occ_kernel+0x103c>
	v_mov_b32_e32 v11, 0x8330                                  // 000000001024: 7E1602FF 00008330
	v_mov_b32_e32 v14, 0                                       // 00000000102C: 7E1C0280
	ds_store_b32 v11, v14                                      // 000000001030: D8340000 00000E0B
	s_wait_dscnt 0x0                                           // 000000001038: BFC60000
	s_mov_b32 exec_lo, s49                                     // 00000000103C: BEFE0031
	s_mov_b32 s49, exec_lo                                     // 000000001040: BEB1007E
	v_cmp_eq_u32_e32 vcc_lo, 0, v2                             // 000000001044: 7C940480
	s_and_b32 exec_lo, exec_lo, vcc_lo                         // 000000001048: 8B7E6A7E
	s_cbranch_execz 6                                          // 00000000104C: BFA50006 <occ_kernel+0x1068>
	v_mov_b32_e32 v11, 0x8334                                  // 000000001050: 7E1602FF 00008334
	v_mov_b32_e32 v14, 0                                       // 000000001058: 7E1C0280
	ds_store_b32 v11, v14                                      // 00000000105C: D8340000 00000E0B
	s_wait_dscnt 0x0                                           // 000000001064: BFC60000
	s_mov_b32 exec_lo, s49                                     // 000000001068: BEFE0031
	s_mov_b32 s49, exec_lo                                     // 00000000106C: BEB1007E
	v_cmp_eq_u32_e32 vcc_lo, 0, v2                             // 000000001070: 7C940480
	s_and_b32 exec_lo, exec_lo, vcc_lo                         // 000000001074: 8B7E6A7E
	s_cbranch_execz 6                                          // 000000001078: BFA50006 <occ_kernel+0x1094>
	v_mov_b32_e32 v11, 0x8338                                  // 00000000107C: 7E1602FF 00008338
	v_mov_b32_e32 v14, 0                                       // 000000001084: 7E1C0280
	ds_store_b32 v11, v14                                      // 000000001088: D8340000 00000E0B
	s_wait_dscnt 0x0                                           // 000000001090: BFC60000
	s_mov_b32 exec_lo, s49                                     // 000000001094: BEFE0031
	s_mov_b32 s49, exec_lo                                     // 000000001098: BEB1007E
	v_cmp_eq_u32_e32 vcc_lo, 0, v2                             // 00000000109C: 7C940480
	s_and_b32 exec_lo, exec_lo, vcc_lo                         // 0000000010A0: 8B7E6A7E
	s_cbranch_execz 6                                          // 0000000010A4: BFA50006 <occ_kernel+0x10c0>
	v_mov_b32_e32 v11, 0x833c                                  // 0000000010A8: 7E1602FF 0000833C
	v_mov_b32_e32 v14, 0                                       // 0000000010B0: 7E1C0280
	ds_store_b32 v11, v14                                      // 0000000010B4: D8340000 00000E0B
	s_wait_dscnt 0x0                                           // 0000000010BC: BFC60000
	s_mov_b32 exec_lo, s49                                     // 0000000010C0: BEFE0031
	s_mov_b32 s49, exec_lo                                     // 0000000010C4: BEB1007E
	v_cmp_eq_u32_e32 vcc_lo, 0, v2                             // 0000000010C8: 7C940480
	s_and_b32 exec_lo, exec_lo, vcc_lo                         // 0000000010CC: 8B7E6A7E
	s_cbranch_execz 6                                          // 0000000010D0: BFA50006 <occ_kernel+0x10ec>
	v_mov_b32_e32 v11, 0x8340                                  // 0000000010D4: 7E1602FF 00008340
	v_mov_b32_e32 v14, -1                                      // 0000000010DC: 7E1C02C1
	ds_store_b32 v11, v14                                      // 0000000010E0: D8340000 00000E0B
	s_wait_dscnt 0x0                                           // 0000000010E8: BFC60000
	s_mov_b32 exec_lo, s49                                     // 0000000010EC: BEFE0031
	s_mov_b32 s49, exec_lo                                     // 0000000010F0: BEB1007E
	v_cmp_eq_u32_e32 vcc_lo, 0, v2                             // 0000000010F4: 7C940480
	s_and_b32 exec_lo, exec_lo, vcc_lo                         // 0000000010F8: 8B7E6A7E
	s_cbranch_execz 6                                          // 0000000010FC: BFA50006 <occ_kernel+0x1118>
	v_mov_b32_e32 v11, 0x8344                                  // 000000001100: 7E1602FF 00008344
	v_mov_b32_e32 v14, -1                                      // 000000001108: 7E1C02C1
	ds_store_b32 v11, v14                                      // 00000000110C: D8340000 00000E0B
	s_wait_dscnt 0x0                                           // 000000001114: BFC60000
	s_mov_b32 exec_lo, s49                                     // 000000001118: BEFE0031
	s_mov_b32 s49, exec_lo                                     // 00000000111C: BEB1007E
	v_cmp_eq_u32_e32 vcc_lo, 0, v2                             // 000000001120: 7C940480
	s_and_b32 exec_lo, exec_lo, vcc_lo                         // 000000001124: 8B7E6A7E
	s_cbranch_execz 6                                          // 000000001128: BFA50006 <occ_kernel+0x1144>
	v_mov_b32_e32 v11, 0x8348                                  // 00000000112C: 7E1602FF 00008348
	v_mov_b32_e32 v14, -2.0                                    // 000000001134: 7E1C02F5
	ds_store_b32 v11, v14                                      // 000000001138: D8340000 00000E0B
	s_wait_dscnt 0x0                                           // 000000001140: BFC60000
	s_mov_b32 exec_lo, s49                                     // 000000001144: BEFE0031
	s_mov_b32 s49, exec_lo                                     // 000000001148: BEB1007E
	v_cmp_eq_u32_e32 vcc_lo, 0, v2                             // 00000000114C: 7C940480
	s_and_b32 exec_lo, exec_lo, vcc_lo                         // 000000001150: 8B7E6A7E
	s_cbranch_execz 6                                          // 000000001154: BFA50006 <occ_kernel+0x1170>
	v_mov_b32_e32 v11, 0x834c                                  // 000000001158: 7E1602FF 0000834C
	v_mov_b32_e32 v14, 0                                       // 000000001160: 7E1C0280
	ds_store_b32 v11, v14                                      // 000000001164: D8340000 00000E0B
	s_wait_dscnt 0x0                                           // 00000000116C: BFC60000
	s_mov_b32 exec_lo, s49                                     // 000000001170: BEFE0031
	s_mov_b32 s49, exec_lo                                     // 000000001174: BEB1007E
	v_cmp_eq_u32_e32 vcc_lo, 0, v2                             // 000000001178: 7C940480
	s_and_b32 exec_lo, exec_lo, vcc_lo                         // 00000000117C: 8B7E6A7E
	s_cbranch_execz 6                                          // 000000001180: BFA50006 <occ_kernel+0x119c>
	v_mov_b32_e32 v11, 0x8350                                  // 000000001184: 7E1602FF 00008350
	v_mov_b32_e32 v14, 0                                       // 00000000118C: 7E1C0280
	ds_store_b32 v11, v14                                      // 000000001190: D8340000 00000E0B
	s_wait_dscnt 0x0                                           // 000000001198: BFC60000
	s_mov_b32 exec_lo, s49                                     // 00000000119C: BEFE0031
	s_mov_b32 s49, exec_lo                                     // 0000000011A0: BEB1007E
	v_cmp_eq_u32_e32 vcc_lo, 0, v2                             // 0000000011A4: 7C940480
	s_and_b32 exec_lo, exec_lo, vcc_lo                         // 0000000011A8: 8B7E6A7E
	s_cbranch_execz 6                                          // 0000000011AC: BFA50006 <occ_kernel+0x11c8>
	v_mov_b32_e32 v11, 0x8354                                  // 0000000011B0: 7E1602FF 00008354
	v_mov_b32_e32 v14, 0                                       // 0000000011B8: 7E1C0280
	ds_store_b32 v11, v14                                      // 0000000011BC: D8340000 00000E0B
	s_wait_dscnt 0x0                                           // 0000000011C4: BFC60000
	s_mov_b32 exec_lo, s49                                     // 0000000011C8: BEFE0031
	s_mov_b32 s49, exec_lo                                     // 0000000011CC: BEB1007E
	v_cmp_eq_u32_e32 vcc_lo, 0, v2                             // 0000000011D0: 7C940480
	s_and_b32 exec_lo, exec_lo, vcc_lo                         // 0000000011D4: 8B7E6A7E
	s_cbranch_execz 6                                          // 0000000011D8: BFA50006 <occ_kernel+0x11f4>
	v_mov_b32_e32 v11, 0x8358                                  // 0000000011DC: 7E1602FF 00008358
	v_mov_b32_e32 v14, 0                                       // 0000000011E4: 7E1C0280
	ds_store_b32 v11, v14                                      // 0000000011E8: D8340000 00000E0B
	s_wait_dscnt 0x0                                           // 0000000011F0: BFC60000
	s_mov_b32 exec_lo, s49                                     // 0000000011F4: BEFE0031
	s_mov_b32 s49, exec_lo                                     // 0000000011F8: BEB1007E
	v_cmp_eq_u32_e32 vcc_lo, 0, v2                             // 0000000011FC: 7C940480
	s_and_b32 exec_lo, exec_lo, vcc_lo                         // 000000001200: 8B7E6A7E
	s_cbranch_execz 6                                          // 000000001204: BFA50006 <occ_kernel+0x1220>
	v_mov_b32_e32 v11, 0x835c                                  // 000000001208: 7E1602FF 0000835C
	v_mov_b32_e32 v14, 0                                       // 000000001210: 7E1C0280
	ds_store_b32 v11, v14                                      // 000000001214: D8340000 00000E0B
	s_wait_dscnt 0x0                                           // 00000000121C: BFC60000
	s_mov_b32 exec_lo, s49                                     // 000000001220: BEFE0031
	s_mov_b32 s49, exec_lo                                     // 000000001224: BEB1007E
	v_cmp_eq_u32_e32 vcc_lo, 0, v2                             // 000000001228: 7C940480
	s_and_b32 exec_lo, exec_lo, vcc_lo                         // 00000000122C: 8B7E6A7E
	s_cbranch_execz 6                                          // 000000001230: BFA50006 <occ_kernel+0x124c>
	v_mov_b32_e32 v11, 0x8360                                  // 000000001234: 7E1602FF 00008360
	v_mov_b32_e32 v14, -1                                      // 00000000123C: 7E1C02C1
	ds_store_b32 v11, v14                                      // 000000001240: D8340000 00000E0B
	s_wait_dscnt 0x0                                           // 000000001248: BFC60000
	s_mov_b32 exec_lo, s49                                     // 00000000124C: BEFE0031
	s_mov_b32 s49, exec_lo                                     // 000000001250: BEB1007E
	v_cmp_eq_u32_e32 vcc_lo, 0, v2                             // 000000001254: 7C940480
	s_and_b32 exec_lo, exec_lo, vcc_lo                         // 000000001258: 8B7E6A7E
	s_cbranch_execz 6                                          // 00000000125C: BFA50006 <occ_kernel+0x1278>
	v_mov_b32_e32 v11, 0x8364                                  // 000000001260: 7E1602FF 00008364
	v_mov_b32_e32 v14, -1                                      // 000000001268: 7E1C02C1
	ds_store_b32 v11, v14                                      // 00000000126C: D8340000 00000E0B
	s_wait_dscnt 0x0                                           // 000000001274: BFC60000
	s_mov_b32 exec_lo, s49                                     // 000000001278: BEFE0031
	s_mov_b32 s49, exec_lo                                     // 00000000127C: BEB1007E
	v_cmp_eq_u32_e32 vcc_lo, 0, v2                             // 000000001280: 7C940480
	s_and_b32 exec_lo, exec_lo, vcc_lo                         // 000000001284: 8B7E6A7E
	s_cbranch_execz 6                                          // 000000001288: BFA50006 <occ_kernel+0x12a4>
	v_mov_b32_e32 v11, 0x8368                                  // 00000000128C: 7E1602FF 00008368
	v_mov_b32_e32 v14, -2.0                                    // 000000001294: 7E1C02F5
	ds_store_b32 v11, v14                                      // 000000001298: D8340000 00000E0B
	s_wait_dscnt 0x0                                           // 0000000012A0: BFC60000
	s_mov_b32 exec_lo, s49                                     // 0000000012A4: BEFE0031
	s_mov_b32 s49, exec_lo                                     // 0000000012A8: BEB1007E
	v_cmp_eq_u32_e32 vcc_lo, 0, v2                             // 0000000012AC: 7C940480
	s_and_b32 exec_lo, exec_lo, vcc_lo                         // 0000000012B0: 8B7E6A7E
	s_cbranch_execz 6                                          // 0000000012B4: BFA50006 <occ_kernel+0x12d0>
	v_mov_b32_e32 v11, 0x836c                                  // 0000000012B8: 7E1602FF 0000836C
	v_mov_b32_e32 v14, 0                                       // 0000000012C0: 7E1C0280
	ds_store_b32 v11, v14                                      // 0000000012C4: D8340000 00000E0B
	s_wait_dscnt 0x0                                           // 0000000012CC: BFC60000
	s_mov_b32 exec_lo, s49                                     // 0000000012D0: BEFE0031
	s_mov_b32 s49, exec_lo                                     // 0000000012D4: BEB1007E
	v_cmp_eq_u32_e32 vcc_lo, 0, v2                             // 0000000012D8: 7C940480
	s_and_b32 exec_lo, exec_lo, vcc_lo                         // 0000000012DC: 8B7E6A7E
	s_cbranch_execz 6                                          // 0000000012E0: BFA50006 <occ_kernel+0x12fc>
	v_mov_b32_e32 v11, 0x8370                                  // 0000000012E4: 7E1602FF 00008370
	v_mov_b32_e32 v14, 0                                       // 0000000012EC: 7E1C0280
	ds_store_b32 v11, v14                                      // 0000000012F0: D8340000 00000E0B
	s_wait_dscnt 0x0                                           // 0000000012F8: BFC60000
	s_mov_b32 exec_lo, s49                                     // 0000000012FC: BEFE0031
	s_mov_b32 s49, exec_lo                                     // 000000001300: BEB1007E
	v_cmp_eq_u32_e32 vcc_lo, 0, v2                             // 000000001304: 7C940480
	s_and_b32 exec_lo, exec_lo, vcc_lo                         // 000000001308: 8B7E6A7E
	s_cbranch_execz 6                                          // 00000000130C: BFA50006 <occ_kernel+0x1328>
	v_mov_b32_e32 v11, 0x8374                                  // 000000001310: 7E1602FF 00008374
	v_mov_b32_e32 v14, 0                                       // 000000001318: 7E1C0280
	ds_store_b32 v11, v14                                      // 00000000131C: D8340000 00000E0B
	s_wait_dscnt 0x0                                           // 000000001324: BFC60000
	s_mov_b32 exec_lo, s49                                     // 000000001328: BEFE0031
	s_mov_b32 s49, exec_lo                                     // 00000000132C: BEB1007E
	v_cmp_eq_u32_e32 vcc_lo, 0, v2                             // 000000001330: 7C940480
	s_and_b32 exec_lo, exec_lo, vcc_lo                         // 000000001334: 8B7E6A7E
	s_cbranch_execz 6                                          // 000000001338: BFA50006 <occ_kernel+0x1354>
	v_mov_b32_e32 v11, 0x8378                                  // 00000000133C: 7E1602FF 00008378
	v_mov_b32_e32 v14, 0                                       // 000000001344: 7E1C0280
	ds_store_b32 v11, v14                                      // 000000001348: D8340000 00000E0B
	s_wait_dscnt 0x0                                           // 000000001350: BFC60000
	s_mov_b32 exec_lo, s49                                     // 000000001354: BEFE0031
	s_mov_b32 s49, exec_lo                                     // 000000001358: BEB1007E
	v_cmp_eq_u32_e32 vcc_lo, 0, v2                             // 00000000135C: 7C940480
	s_and_b32 exec_lo, exec_lo, vcc_lo                         // 000000001360: 8B7E6A7E
	s_cbranch_execz 6                                          // 000000001364: BFA50006 <occ_kernel+0x1380>
	v_mov_b32_e32 v11, 0x837c                                  // 000000001368: 7E1602FF 0000837C
	v_mov_b32_e32 v14, 0                                       // 000000001370: 7E1C0280
	ds_store_b32 v11, v14                                      // 000000001374: D8340000 00000E0B
	s_wait_dscnt 0x0                                           // 00000000137C: BFC60000
	s_mov_b32 exec_lo, s49                                     // 000000001380: BEFE0031
	s_mov_b32 s49, exec_lo                                     // 000000001384: BEB1007E
	v_cmp_eq_u32_e32 vcc_lo, 0, v2                             // 000000001388: 7C940480
	s_and_b32 exec_lo, exec_lo, vcc_lo                         // 00000000138C: 8B7E6A7E
	s_cbranch_execz 6                                          // 000000001390: BFA50006 <occ_kernel+0x13ac>
	v_mov_b32_e32 v11, 0x8380                                  // 000000001394: 7E1602FF 00008380
	v_mov_b32_e32 v14, -1                                      // 00000000139C: 7E1C02C1
	ds_store_b32 v11, v14                                      // 0000000013A0: D8340000 00000E0B
	s_wait_dscnt 0x0                                           // 0000000013A8: BFC60000
	s_mov_b32 exec_lo, s49                                     // 0000000013AC: BEFE0031
	s_mov_b32 s49, exec_lo                                     // 0000000013B0: BEB1007E
	v_cmp_eq_u32_e32 vcc_lo, 0, v2                             // 0000000013B4: 7C940480
	s_and_b32 exec_lo, exec_lo, vcc_lo                         // 0000000013B8: 8B7E6A7E
	s_cbranch_execz 6                                          // 0000000013BC: BFA50006 <occ_kernel+0x13d8>
	v_mov_b32_e32 v11, 0x8384                                  // 0000000013C0: 7E1602FF 00008384
	v_mov_b32_e32 v14, -1                                      // 0000000013C8: 7E1C02C1
	ds_store_b32 v11, v14                                      // 0000000013CC: D8340000 00000E0B
	s_wait_dscnt 0x0                                           // 0000000013D4: BFC60000
	s_mov_b32 exec_lo, s49                                     // 0000000013D8: BEFE0031
	s_mov_b32 s49, exec_lo                                     // 0000000013DC: BEB1007E
	v_cmp_eq_u32_e32 vcc_lo, 0, v2                             // 0000000013E0: 7C940480
	s_and_b32 exec_lo, exec_lo, vcc_lo                         // 0000000013E4: 8B7E6A7E
	s_cbranch_execz 6                                          // 0000000013E8: BFA50006 <occ_kernel+0x1404>
	v_mov_b32_e32 v11, 0x8388                                  // 0000000013EC: 7E1602FF 00008388
	v_mov_b32_e32 v14, -2.0                                    // 0000000013F4: 7E1C02F5
	ds_store_b32 v11, v14                                      // 0000000013F8: D8340000 00000E0B
	s_wait_dscnt 0x0                                           // 000000001400: BFC60000
	s_mov_b32 exec_lo, s49                                     // 000000001404: BEFE0031
	s_mov_b32 s49, exec_lo                                     // 000000001408: BEB1007E
	v_cmp_eq_u32_e32 vcc_lo, 0, v2                             // 00000000140C: 7C940480
	s_and_b32 exec_lo, exec_lo, vcc_lo                         // 000000001410: 8B7E6A7E
	s_cbranch_execz 6                                          // 000000001414: BFA50006 <occ_kernel+0x1430>
	v_mov_b32_e32 v11, 0x838c                                  // 000000001418: 7E1602FF 0000838C
	v_mov_b32_e32 v14, 0                                       // 000000001420: 7E1C0280
	ds_store_b32 v11, v14                                      // 000000001424: D8340000 00000E0B
	s_wait_dscnt 0x0                                           // 00000000142C: BFC60000
	s_mov_b32 exec_lo, s49                                     // 000000001430: BEFE0031
	s_mov_b32 s49, exec_lo                                     // 000000001434: BEB1007E
	v_cmp_eq_u32_e32 vcc_lo, 0, v2                             // 000000001438: 7C940480
	s_and_b32 exec_lo, exec_lo, vcc_lo                         // 00000000143C: 8B7E6A7E
	s_cbranch_execz 6                                          // 000000001440: BFA50006 <occ_kernel+0x145c>
	v_mov_b32_e32 v11, 0x8390                                  // 000000001444: 7E1602FF 00008390
	v_mov_b32_e32 v14, 0                                       // 00000000144C: 7E1C0280
	ds_store_b32 v11, v14                                      // 000000001450: D8340000 00000E0B
	s_wait_dscnt 0x0                                           // 000000001458: BFC60000
	s_mov_b32 exec_lo, s49                                     // 00000000145C: BEFE0031
	s_mov_b32 s49, exec_lo                                     // 000000001460: BEB1007E
	v_cmp_eq_u32_e32 vcc_lo, 0, v2                             // 000000001464: 7C940480
	s_and_b32 exec_lo, exec_lo, vcc_lo                         // 000000001468: 8B7E6A7E
	s_cbranch_execz 6                                          // 00000000146C: BFA50006 <occ_kernel+0x1488>
	v_mov_b32_e32 v11, 0x8394                                  // 000000001470: 7E1602FF 00008394
	v_mov_b32_e32 v14, 0                                       // 000000001478: 7E1C0280
	ds_store_b32 v11, v14                                      // 00000000147C: D8340000 00000E0B
	s_wait_dscnt 0x0                                           // 000000001484: BFC60000
	s_mov_b32 exec_lo, s49                                     // 000000001488: BEFE0031
	s_mov_b32 s49, exec_lo                                     // 00000000148C: BEB1007E
	v_cmp_eq_u32_e32 vcc_lo, 0, v2                             // 000000001490: 7C940480
	s_and_b32 exec_lo, exec_lo, vcc_lo                         // 000000001494: 8B7E6A7E
	s_cbranch_execz 6                                          // 000000001498: BFA50006 <occ_kernel+0x14b4>
	v_mov_b32_e32 v11, 0x8398                                  // 00000000149C: 7E1602FF 00008398
	v_mov_b32_e32 v14, 0                                       // 0000000014A4: 7E1C0280
	ds_store_b32 v11, v14                                      // 0000000014A8: D8340000 00000E0B
	s_wait_dscnt 0x0                                           // 0000000014B0: BFC60000
	s_mov_b32 exec_lo, s49                                     // 0000000014B4: BEFE0031
	s_mov_b32 s49, exec_lo                                     // 0000000014B8: BEB1007E
	v_cmp_eq_u32_e32 vcc_lo, 0, v2                             // 0000000014BC: 7C940480
	s_and_b32 exec_lo, exec_lo, vcc_lo                         // 0000000014C0: 8B7E6A7E
	s_cbranch_execz 6                                          // 0000000014C4: BFA50006 <occ_kernel+0x14e0>
	v_mov_b32_e32 v11, 0x839c                                  // 0000000014C8: 7E1602FF 0000839C
	v_mov_b32_e32 v14, 0                                       // 0000000014D0: 7E1C0280
	ds_store_b32 v11, v14                                      // 0000000014D4: D8340000 00000E0B
	s_wait_dscnt 0x0                                           // 0000000014DC: BFC60000
	s_mov_b32 exec_lo, s49                                     // 0000000014E0: BEFE0031
	s_mov_b32 s49, exec_lo                                     // 0000000014E4: BEB1007E
	v_cmp_eq_u32_e32 vcc_lo, 0, v2                             // 0000000014E8: 7C940480
	s_and_b32 exec_lo, exec_lo, vcc_lo                         // 0000000014EC: 8B7E6A7E
	s_cbranch_execz 6                                          // 0000000014F0: BFA50006 <occ_kernel+0x150c>
	v_mov_b32_e32 v11, 0x83a0                                  // 0000000014F4: 7E1602FF 000083A0
	v_mov_b32_e32 v14, -1                                      // 0000000014FC: 7E1C02C1
	ds_store_b32 v11, v14                                      // 000000001500: D8340000 00000E0B
	s_wait_dscnt 0x0                                           // 000000001508: BFC60000
	s_mov_b32 exec_lo, s49                                     // 00000000150C: BEFE0031
	s_mov_b32 s49, exec_lo                                     // 000000001510: BEB1007E
	v_cmp_eq_u32_e32 vcc_lo, 0, v2                             // 000000001514: 7C940480
	s_and_b32 exec_lo, exec_lo, vcc_lo                         // 000000001518: 8B7E6A7E
	s_cbranch_execz 6                                          // 00000000151C: BFA50006 <occ_kernel+0x1538>
	v_mov_b32_e32 v11, 0x83a4                                  // 000000001520: 7E1602FF 000083A4
	v_mov_b32_e32 v14, -1                                      // 000000001528: 7E1C02C1
	ds_store_b32 v11, v14                                      // 00000000152C: D8340000 00000E0B
	s_wait_dscnt 0x0                                           // 000000001534: BFC60000
	s_mov_b32 exec_lo, s49                                     // 000000001538: BEFE0031
	s_mov_b32 s49, exec_lo                                     // 00000000153C: BEB1007E
	v_cmp_eq_u32_e32 vcc_lo, 0, v2                             // 000000001540: 7C940480
	s_and_b32 exec_lo, exec_lo, vcc_lo                         // 000000001544: 8B7E6A7E
	s_cbranch_execz 6                                          // 000000001548: BFA50006 <occ_kernel+0x1564>
	v_mov_b32_e32 v11, 0x83a8                                  // 00000000154C: 7E1602FF 000083A8
	v_mov_b32_e32 v14, -2.0                                    // 000000001554: 7E1C02F5
	ds_store_b32 v11, v14                                      // 000000001558: D8340000 00000E0B
	s_wait_dscnt 0x0                                           // 000000001560: BFC60000
	s_mov_b32 exec_lo, s49                                     // 000000001564: BEFE0031
	s_mov_b32 s49, exec_lo                                     // 000000001568: BEB1007E
	v_cmp_eq_u32_e32 vcc_lo, 0, v2                             // 00000000156C: 7C940480
	s_and_b32 exec_lo, exec_lo, vcc_lo                         // 000000001570: 8B7E6A7E
	s_cbranch_execz 6                                          // 000000001574: BFA50006 <occ_kernel+0x1590>
	v_mov_b32_e32 v11, 0x83ac                                  // 000000001578: 7E1602FF 000083AC
	v_mov_b32_e32 v14, 0                                       // 000000001580: 7E1C0280
	ds_store_b32 v11, v14                                      // 000000001584: D8340000 00000E0B
	s_wait_dscnt 0x0                                           // 00000000158C: BFC60000
	s_mov_b32 exec_lo, s49                                     // 000000001590: BEFE0031
	s_mov_b32 s49, exec_lo                                     // 000000001594: BEB1007E
	v_cmp_eq_u32_e32 vcc_lo, 0, v2                             // 000000001598: 7C940480
	s_and_b32 exec_lo, exec_lo, vcc_lo                         // 00000000159C: 8B7E6A7E
	s_cbranch_execz 6                                          // 0000000015A0: BFA50006 <occ_kernel+0x15bc>
	v_mov_b32_e32 v11, 0x83b0                                  // 0000000015A4: 7E1602FF 000083B0
	v_mov_b32_e32 v14, 0                                       // 0000000015AC: 7E1C0280
	ds_store_b32 v11, v14                                      // 0000000015B0: D8340000 00000E0B
	s_wait_dscnt 0x0                                           // 0000000015B8: BFC60000
	s_mov_b32 exec_lo, s49                                     // 0000000015BC: BEFE0031
	s_mov_b32 s49, exec_lo                                     // 0000000015C0: BEB1007E
	v_cmp_eq_u32_e32 vcc_lo, 0, v2                             // 0000000015C4: 7C940480
	s_and_b32 exec_lo, exec_lo, vcc_lo                         // 0000000015C8: 8B7E6A7E
	s_cbranch_execz 6                                          // 0000000015CC: BFA50006 <occ_kernel+0x15e8>
	v_mov_b32_e32 v11, 0x83b4                                  // 0000000015D0: 7E1602FF 000083B4
	v_mov_b32_e32 v14, 0                                       // 0000000015D8: 7E1C0280
	ds_store_b32 v11, v14                                      // 0000000015DC: D8340000 00000E0B
	s_wait_dscnt 0x0                                           // 0000000015E4: BFC60000
	s_mov_b32 exec_lo, s49                                     // 0000000015E8: BEFE0031
	s_mov_b32 s49, exec_lo                                     // 0000000015EC: BEB1007E
	v_cmp_eq_u32_e32 vcc_lo, 0, v2                             // 0000000015F0: 7C940480
	s_and_b32 exec_lo, exec_lo, vcc_lo                         // 0000000015F4: 8B7E6A7E
	s_cbranch_execz 6                                          // 0000000015F8: BFA50006 <occ_kernel+0x1614>
	v_mov_b32_e32 v11, 0x83b8                                  // 0000000015FC: 7E1602FF 000083B8
	v_mov_b32_e32 v14, 0                                       // 000000001604: 7E1C0280
	ds_store_b32 v11, v14                                      // 000000001608: D8340000 00000E0B
	s_wait_dscnt 0x0                                           // 000000001610: BFC60000
	s_mov_b32 exec_lo, s49                                     // 000000001614: BEFE0031
	s_mov_b32 s49, exec_lo                                     // 000000001618: BEB1007E
	v_cmp_eq_u32_e32 vcc_lo, 0, v2                             // 00000000161C: 7C940480
	s_and_b32 exec_lo, exec_lo, vcc_lo                         // 000000001620: 8B7E6A7E
	s_cbranch_execz 6                                          // 000000001624: BFA50006 <occ_kernel+0x1640>
	v_mov_b32_e32 v11, 0x83bc                                  // 000000001628: 7E1602FF 000083BC
	v_mov_b32_e32 v14, 0                                       // 000000001630: 7E1C0280
	ds_store_b32 v11, v14                                      // 000000001634: D8340000 00000E0B
	s_wait_dscnt 0x0                                           // 00000000163C: BFC60000
	s_mov_b32 exec_lo, s49                                     // 000000001640: BEFE0031
	s_mov_b32 s49, exec_lo                                     // 000000001644: BEB1007E
	v_cmp_eq_u32_e32 vcc_lo, 0, v2                             // 000000001648: 7C940480
	s_and_b32 exec_lo, exec_lo, vcc_lo                         // 00000000164C: 8B7E6A7E
	s_cbranch_execz 6                                          // 000000001650: BFA50006 <occ_kernel+0x166c>
	v_mov_b32_e32 v11, 0x83c0                                  // 000000001654: 7E1602FF 000083C0
	v_mov_b32_e32 v14, -1                                      // 00000000165C: 7E1C02C1
	ds_store_b32 v11, v14                                      // 000000001660: D8340000 00000E0B
	s_wait_dscnt 0x0                                           // 000000001668: BFC60000
	s_mov_b32 exec_lo, s49                                     // 00000000166C: BEFE0031
	s_mov_b32 s49, exec_lo                                     // 000000001670: BEB1007E
	v_cmp_eq_u32_e32 vcc_lo, 0, v2                             // 000000001674: 7C940480
	s_and_b32 exec_lo, exec_lo, vcc_lo                         // 000000001678: 8B7E6A7E
	s_cbranch_execz 6                                          // 00000000167C: BFA50006 <occ_kernel+0x1698>
	v_mov_b32_e32 v11, 0x83c4                                  // 000000001680: 7E1602FF 000083C4
	v_mov_b32_e32 v14, -1                                      // 000000001688: 7E1C02C1
	ds_store_b32 v11, v14                                      // 00000000168C: D8340000 00000E0B
	s_wait_dscnt 0x0                                           // 000000001694: BFC60000
	s_mov_b32 exec_lo, s49                                     // 000000001698: BEFE0031
	s_mov_b32 s49, exec_lo                                     // 00000000169C: BEB1007E
	v_cmp_eq_u32_e32 vcc_lo, 0, v2                             // 0000000016A0: 7C940480
	s_and_b32 exec_lo, exec_lo, vcc_lo                         // 0000000016A4: 8B7E6A7E
	s_cbranch_execz 6                                          // 0000000016A8: BFA50006 <occ_kernel+0x16c4>
	v_mov_b32_e32 v11, 0x83c8                                  // 0000000016AC: 7E1602FF 000083C8
	v_mov_b32_e32 v14, -2.0                                    // 0000000016B4: 7E1C02F5
	ds_store_b32 v11, v14                                      // 0000000016B8: D8340000 00000E0B
	s_wait_dscnt 0x0                                           // 0000000016C0: BFC60000
	s_mov_b32 exec_lo, s49                                     // 0000000016C4: BEFE0031
	s_mov_b32 s49, exec_lo                                     // 0000000016C8: BEB1007E
	v_cmp_eq_u32_e32 vcc_lo, 0, v2                             // 0000000016CC: 7C940480
	s_and_b32 exec_lo, exec_lo, vcc_lo                         // 0000000016D0: 8B7E6A7E
	s_cbranch_execz 6                                          // 0000000016D4: BFA50006 <occ_kernel+0x16f0>
	v_mov_b32_e32 v11, 0x83cc                                  // 0000000016D8: 7E1602FF 000083CC
	v_mov_b32_e32 v14, 0                                       // 0000000016E0: 7E1C0280
	ds_store_b32 v11, v14                                      // 0000000016E4: D8340000 00000E0B
	s_wait_dscnt 0x0                                           // 0000000016EC: BFC60000
	s_mov_b32 exec_lo, s49                                     // 0000000016F0: BEFE0031
	s_mov_b32 s49, exec_lo                                     // 0000000016F4: BEB1007E
	v_cmp_eq_u32_e32 vcc_lo, 0, v2                             // 0000000016F8: 7C940480
	s_and_b32 exec_lo, exec_lo, vcc_lo                         // 0000000016FC: 8B7E6A7E
	s_cbranch_execz 6                                          // 000000001700: BFA50006 <occ_kernel+0x171c>
	v_mov_b32_e32 v11, 0x83d0                                  // 000000001704: 7E1602FF 000083D0
	v_mov_b32_e32 v14, 0                                       // 00000000170C: 7E1C0280
	ds_store_b32 v11, v14                                      // 000000001710: D8340000 00000E0B
	s_wait_dscnt 0x0                                           // 000000001718: BFC60000
	s_mov_b32 exec_lo, s49                                     // 00000000171C: BEFE0031
	s_mov_b32 s49, exec_lo                                     // 000000001720: BEB1007E
	v_cmp_eq_u32_e32 vcc_lo, 0, v2                             // 000000001724: 7C940480
	s_and_b32 exec_lo, exec_lo, vcc_lo                         // 000000001728: 8B7E6A7E
	s_cbranch_execz 6                                          // 00000000172C: BFA50006 <occ_kernel+0x1748>
	v_mov_b32_e32 v11, 0x83d4                                  // 000000001730: 7E1602FF 000083D4
	v_mov_b32_e32 v14, 0                                       // 000000001738: 7E1C0280
	ds_store_b32 v11, v14                                      // 00000000173C: D8340000 00000E0B
	s_wait_dscnt 0x0                                           // 000000001744: BFC60000
	s_mov_b32 exec_lo, s49                                     // 000000001748: BEFE0031
	s_mov_b32 s49, exec_lo                                     // 00000000174C: BEB1007E
	v_cmp_eq_u32_e32 vcc_lo, 0, v2                             // 000000001750: 7C940480
	s_and_b32 exec_lo, exec_lo, vcc_lo                         // 000000001754: 8B7E6A7E
	s_cbranch_execz 6                                          // 000000001758: BFA50006 <occ_kernel+0x1774>
	v_mov_b32_e32 v11, 0x83d8                                  // 00000000175C: 7E1602FF 000083D8
	v_mov_b32_e32 v14, 0                                       // 000000001764: 7E1C0280
	ds_store_b32 v11, v14                                      // 000000001768: D8340000 00000E0B
	s_wait_dscnt 0x0                                           // 000000001770: BFC60000
	s_mov_b32 exec_lo, s49                                     // 000000001774: BEFE0031
	s_mov_b32 s49, exec_lo                                     // 000000001778: BEB1007E
	v_cmp_eq_u32_e32 vcc_lo, 0, v2                             // 00000000177C: 7C940480
	s_and_b32 exec_lo, exec_lo, vcc_lo                         // 000000001780: 8B7E6A7E
	s_cbranch_execz 6                                          // 000000001784: BFA50006 <occ_kernel+0x17a0>
	v_mov_b32_e32 v11, 0x83dc                                  // 000000001788: 7E1602FF 000083DC
	v_mov_b32_e32 v14, 0                                       // 000000001790: 7E1C0280
	ds_store_b32 v11, v14                                      // 000000001794: D8340000 00000E0B
	s_wait_dscnt 0x0                                           // 00000000179C: BFC60000
	s_mov_b32 exec_lo, s49                                     // 0000000017A0: BEFE0031
	s_mov_b32 s49, exec_lo                                     // 0000000017A4: BEB1007E
	v_cmp_eq_u32_e32 vcc_lo, 0, v2                             // 0000000017A8: 7C940480
	s_and_b32 exec_lo, exec_lo, vcc_lo                         // 0000000017AC: 8B7E6A7E
	s_cbranch_execz 6                                          // 0000000017B0: BFA50006 <occ_kernel+0x17cc>
	v_mov_b32_e32 v11, 0x83e0                                  // 0000000017B4: 7E1602FF 000083E0
	v_mov_b32_e32 v14, -1                                      // 0000000017BC: 7E1C02C1
	ds_store_b32 v11, v14                                      // 0000000017C0: D8340000 00000E0B
	s_wait_dscnt 0x0                                           // 0000000017C8: BFC60000
	s_mov_b32 exec_lo, s49                                     // 0000000017CC: BEFE0031
	s_mov_b32 s49, exec_lo                                     // 0000000017D0: BEB1007E
	v_cmp_eq_u32_e32 vcc_lo, 0, v2                             // 0000000017D4: 7C940480
	s_and_b32 exec_lo, exec_lo, vcc_lo                         // 0000000017D8: 8B7E6A7E
	s_cbranch_execz 6                                          // 0000000017DC: BFA50006 <occ_kernel+0x17f8>
	v_mov_b32_e32 v11, 0x83e4                                  // 0000000017E0: 7E1602FF 000083E4
	v_mov_b32_e32 v14, -1                                      // 0000000017E8: 7E1C02C1
	ds_store_b32 v11, v14                                      // 0000000017EC: D8340000 00000E0B
	s_wait_dscnt 0x0                                           // 0000000017F4: BFC60000
	s_mov_b32 exec_lo, s49                                     // 0000000017F8: BEFE0031
	s_mov_b32 s49, exec_lo                                     // 0000000017FC: BEB1007E
	v_cmp_eq_u32_e32 vcc_lo, 0, v2                             // 000000001800: 7C940480
	s_and_b32 exec_lo, exec_lo, vcc_lo                         // 000000001804: 8B7E6A7E
	s_cbranch_execz 6                                          // 000000001808: BFA50006 <occ_kernel+0x1824>
	v_mov_b32_e32 v11, 0x83e8                                  // 00000000180C: 7E1602FF 000083E8
	v_mov_b32_e32 v14, -2.0                                    // 000000001814: 7E1C02F5
	ds_store_b32 v11, v14                                      // 000000001818: D8340000 00000E0B
	s_wait_dscnt 0x0                                           // 000000001820: BFC60000
	s_mov_b32 exec_lo, s49                                     // 000000001824: BEFE0031
	s_mov_b32 s49, exec_lo                                     // 000000001828: BEB1007E
	v_cmp_eq_u32_e32 vcc_lo, 0, v2                             // 00000000182C: 7C940480
	s_and_b32 exec_lo, exec_lo, vcc_lo                         // 000000001830: 8B7E6A7E
	s_cbranch_execz 6                                          // 000000001834: BFA50006 <occ_kernel+0x1850>
	v_mov_b32_e32 v11, 0x83ec                                  // 000000001838: 7E1602FF 000083EC
	v_mov_b32_e32 v14, 0                                       // 000000001840: 7E1C0280
	ds_store_b32 v11, v14                                      // 000000001844: D8340000 00000E0B
	s_wait_dscnt 0x0                                           // 00000000184C: BFC60000
	s_mov_b32 exec_lo, s49                                     // 000000001850: BEFE0031
	s_mov_b32 s49, exec_lo                                     // 000000001854: BEB1007E
	v_cmp_eq_u32_e32 vcc_lo, 0, v2                             // 000000001858: 7C940480
	s_and_b32 exec_lo, exec_lo, vcc_lo                         // 00000000185C: 8B7E6A7E
	s_cbranch_execz 6                                          // 000000001860: BFA50006 <occ_kernel+0x187c>
	v_mov_b32_e32 v11, 0x83f0                                  // 000000001864: 7E1602FF 000083F0
	v_mov_b32_e32 v14, 0                                       // 00000000186C: 7E1C0280
	ds_store_b32 v11, v14                                      // 000000001870: D8340000 00000E0B
	s_wait_dscnt 0x0                                           // 000000001878: BFC60000
	s_mov_b32 exec_lo, s49                                     // 00000000187C: BEFE0031
	s_mov_b32 s49, exec_lo                                     // 000000001880: BEB1007E
	v_cmp_eq_u32_e32 vcc_lo, 0, v2                             // 000000001884: 7C940480
	s_and_b32 exec_lo, exec_lo, vcc_lo                         // 000000001888: 8B7E6A7E
	s_cbranch_execz 6                                          // 00000000188C: BFA50006 <occ_kernel+0x18a8>
	v_mov_b32_e32 v11, 0x83f4                                  // 000000001890: 7E1602FF 000083F4
	v_mov_b32_e32 v14, 0                                       // 000000001898: 7E1C0280
	ds_store_b32 v11, v14                                      // 00000000189C: D8340000 00000E0B
	s_wait_dscnt 0x0                                           // 0000000018A4: BFC60000
	s_mov_b32 exec_lo, s49                                     // 0000000018A8: BEFE0031
	s_mov_b32 s49, exec_lo                                     // 0000000018AC: BEB1007E
	v_cmp_eq_u32_e32 vcc_lo, 0, v2                             // 0000000018B0: 7C940480
	s_and_b32 exec_lo, exec_lo, vcc_lo                         // 0000000018B4: 8B7E6A7E
	s_cbranch_execz 6                                          // 0000000018B8: BFA50006 <occ_kernel+0x18d4>
	v_mov_b32_e32 v11, 0x83f8                                  // 0000000018BC: 7E1602FF 000083F8
	v_mov_b32_e32 v14, 0                                       // 0000000018C4: 7E1C0280
	ds_store_b32 v11, v14                                      // 0000000018C8: D8340000 00000E0B
	s_wait_dscnt 0x0                                           // 0000000018D0: BFC60000
	s_mov_b32 exec_lo, s49                                     // 0000000018D4: BEFE0031
	s_mov_b32 s49, exec_lo                                     // 0000000018D8: BEB1007E
	v_cmp_eq_u32_e32 vcc_lo, 0, v2                             // 0000000018DC: 7C940480
	s_and_b32 exec_lo, exec_lo, vcc_lo                         // 0000000018E0: 8B7E6A7E
	s_cbranch_execz 6                                          // 0000000018E4: BFA50006 <occ_kernel+0x1900>
	v_mov_b32_e32 v11, 0x83fc                                  // 0000000018E8: 7E1602FF 000083FC
	v_mov_b32_e32 v14, 0                                       // 0000000018F0: 7E1C0280
	ds_store_b32 v11, v14                                      // 0000000018F4: D8340000 00000E0B
	s_wait_dscnt 0x0                                           // 0000000018FC: BFC60000
	s_mov_b32 exec_lo, s49                                     // 000000001900: BEFE0031
	s_mov_b32 s49, exec_lo                                     // 000000001904: BEB1007E
	v_cmp_eq_u32_e32 vcc_lo, 0, v2                             // 000000001908: 7C940480
	s_and_b32 exec_lo, exec_lo, vcc_lo                         // 00000000190C: 8B7E6A7E
	s_cbranch_execz 6                                          // 000000001910: BFA50006 <occ_kernel+0x192c>
	v_mov_b32_e32 v11, 0x8400                                  // 000000001914: 7E1602FF 00008400
	v_mov_b32_e32 v14, -1                                      // 00000000191C: 7E1C02C1
	ds_store_b32 v11, v14                                      // 000000001920: D8340000 00000E0B
	s_wait_dscnt 0x0                                           // 000000001928: BFC60000
	s_mov_b32 exec_lo, s49                                     // 00000000192C: BEFE0031
	s_mov_b32 s49, exec_lo                                     // 000000001930: BEB1007E
	v_cmp_eq_u32_e32 vcc_lo, 0, v2                             // 000000001934: 7C940480
	s_and_b32 exec_lo, exec_lo, vcc_lo                         // 000000001938: 8B7E6A7E
	s_cbranch_execz 6                                          // 00000000193C: BFA50006 <occ_kernel+0x1958>
	v_mov_b32_e32 v11, 0x8404                                  // 000000001940: 7E1602FF 00008404
	v_mov_b32_e32 v14, -1                                      // 000000001948: 7E1C02C1
	ds_store_b32 v11, v14                                      // 00000000194C: D8340000 00000E0B
	s_wait_dscnt 0x0                                           // 000000001954: BFC60000
	s_mov_b32 exec_lo, s49                                     // 000000001958: BEFE0031
	s_mov_b32 s49, exec_lo                                     // 00000000195C: BEB1007E
	v_cmp_eq_u32_e32 vcc_lo, 0, v2                             // 000000001960: 7C940480
	s_and_b32 exec_lo, exec_lo, vcc_lo                         // 000000001964: 8B7E6A7E
	s_cbranch_execz 6                                          // 000000001968: BFA50006 <occ_kernel+0x1984>
	v_mov_b32_e32 v11, 0x8408                                  // 00000000196C: 7E1602FF 00008408
	v_mov_b32_e32 v14, -2.0                                    // 000000001974: 7E1C02F5
	ds_store_b32 v11, v14                                      // 000000001978: D8340000 00000E0B
	s_wait_dscnt 0x0                                           // 000000001980: BFC60000
	s_mov_b32 exec_lo, s49                                     // 000000001984: BEFE0031
	s_mov_b32 s49, exec_lo                                     // 000000001988: BEB1007E
	v_cmp_eq_u32_e32 vcc_lo, 0, v2                             // 00000000198C: 7C940480
	s_and_b32 exec_lo, exec_lo, vcc_lo                         // 000000001990: 8B7E6A7E
	s_cbranch_execz 6                                          // 000000001994: BFA50006 <occ_kernel+0x19b0>
	v_mov_b32_e32 v11, 0x840c                                  // 000000001998: 7E1602FF 0000840C
	v_mov_b32_e32 v14, 0                                       // 0000000019A0: 7E1C0280
	ds_store_b32 v11, v14                                      // 0000000019A4: D8340000 00000E0B
	s_wait_dscnt 0x0                                           // 0000000019AC: BFC60000
	s_mov_b32 exec_lo, s49                                     // 0000000019B0: BEFE0031
	s_mov_b32 s49, exec_lo                                     // 0000000019B4: BEB1007E
	v_cmp_eq_u32_e32 vcc_lo, 0, v2                             // 0000000019B8: 7C940480
	s_and_b32 exec_lo, exec_lo, vcc_lo                         // 0000000019BC: 8B7E6A7E
	s_cbranch_execz 6                                          // 0000000019C0: BFA50006 <occ_kernel+0x19dc>
	v_mov_b32_e32 v11, 0x8410                                  // 0000000019C4: 7E1602FF 00008410
	v_mov_b32_e32 v14, 0                                       // 0000000019CC: 7E1C0280
	ds_store_b32 v11, v14                                      // 0000000019D0: D8340000 00000E0B
	s_wait_dscnt 0x0                                           // 0000000019D8: BFC60000
	s_mov_b32 exec_lo, s49                                     // 0000000019DC: BEFE0031
	s_mov_b32 s49, exec_lo                                     // 0000000019E0: BEB1007E
	v_cmp_eq_u32_e32 vcc_lo, 0, v2                             // 0000000019E4: 7C940480
	s_and_b32 exec_lo, exec_lo, vcc_lo                         // 0000000019E8: 8B7E6A7E
	s_cbranch_execz 6                                          // 0000000019EC: BFA50006 <occ_kernel+0x1a08>
	v_mov_b32_e32 v11, 0x8414                                  // 0000000019F0: 7E1602FF 00008414
	v_mov_b32_e32 v14, 0                                       // 0000000019F8: 7E1C0280
	ds_store_b32 v11, v14                                      // 0000000019FC: D8340000 00000E0B
	s_wait_dscnt 0x0                                           // 000000001A04: BFC60000
	s_mov_b32 exec_lo, s49                                     // 000000001A08: BEFE0031
	s_mov_b32 s49, exec_lo                                     // 000000001A0C: BEB1007E
	v_cmp_eq_u32_e32 vcc_lo, 0, v2                             // 000000001A10: 7C940480
	s_and_b32 exec_lo, exec_lo, vcc_lo                         // 000000001A14: 8B7E6A7E
	s_cbranch_execz 6                                          // 000000001A18: BFA50006 <occ_kernel+0x1a34>
	v_mov_b32_e32 v11, 0x8418                                  // 000000001A1C: 7E1602FF 00008418
	v_mov_b32_e32 v14, 0                                       // 000000001A24: 7E1C0280
	ds_store_b32 v11, v14                                      // 000000001A28: D8340000 00000E0B
	s_wait_dscnt 0x0                                           // 000000001A30: BFC60000
	s_mov_b32 exec_lo, s49                                     // 000000001A34: BEFE0031
	s_mov_b32 s49, exec_lo                                     // 000000001A38: BEB1007E
	v_cmp_eq_u32_e32 vcc_lo, 0, v2                             // 000000001A3C: 7C940480
	s_and_b32 exec_lo, exec_lo, vcc_lo                         // 000000001A40: 8B7E6A7E
	s_cbranch_execz 6                                          // 000000001A44: BFA50006 <occ_kernel+0x1a60>
	v_mov_b32_e32 v11, 0x841c                                  // 000000001A48: 7E1602FF 0000841C
	v_mov_b32_e32 v14, 0                                       // 000000001A50: 7E1C0280
	ds_store_b32 v11, v14                                      // 000000001A54: D8340000 00000E0B
	s_wait_dscnt 0x0                                           // 000000001A5C: BFC60000
	s_mov_b32 exec_lo, s49                                     // 000000001A60: BEFE0031
	s_mov_b32 s49, exec_lo                                     // 000000001A64: BEB1007E
	v_cmp_eq_u32_e32 vcc_lo, 0, v2                             // 000000001A68: 7C940480
	s_and_b32 exec_lo, exec_lo, vcc_lo                         // 000000001A6C: 8B7E6A7E
	s_cbranch_execz 6                                          // 000000001A70: BFA50006 <occ_kernel+0x1a8c>
	v_mov_b32_e32 v11, 0x8420                                  // 000000001A74: 7E1602FF 00008420
	v_mov_b32_e32 v14, -1                                      // 000000001A7C: 7E1C02C1
	ds_store_b32 v11, v14                                      // 000000001A80: D8340000 00000E0B
	s_wait_dscnt 0x0                                           // 000000001A88: BFC60000
	s_mov_b32 exec_lo, s49                                     // 000000001A8C: BEFE0031
	s_mov_b32 s49, exec_lo                                     // 000000001A90: BEB1007E
	v_cmp_eq_u32_e32 vcc_lo, 0, v2                             // 000000001A94: 7C940480
	s_and_b32 exec_lo, exec_lo, vcc_lo                         // 000000001A98: 8B7E6A7E
	s_cbranch_execz 6                                          // 000000001A9C: BFA50006 <occ_kernel+0x1ab8>
	v_mov_b32_e32 v11, 0x8424                                  // 000000001AA0: 7E1602FF 00008424
	v_mov_b32_e32 v14, -1                                      // 000000001AA8: 7E1C02C1
	ds_store_b32 v11, v14                                      // 000000001AAC: D8340000 00000E0B
	s_wait_dscnt 0x0                                           // 000000001AB4: BFC60000
	s_mov_b32 exec_lo, s49                                     // 000000001AB8: BEFE0031
	s_mov_b32 s49, exec_lo                                     // 000000001ABC: BEB1007E
	v_cmp_eq_u32_e32 vcc_lo, 0, v2                             // 000000001AC0: 7C940480
	s_and_b32 exec_lo, exec_lo, vcc_lo                         // 000000001AC4: 8B7E6A7E
	s_cbranch_execz 6                                          // 000000001AC8: BFA50006 <occ_kernel+0x1ae4>
	v_mov_b32_e32 v11, 0x8428                                  // 000000001ACC: 7E1602FF 00008428
	v_mov_b32_e32 v14, -2.0                                    // 000000001AD4: 7E1C02F5
	ds_store_b32 v11, v14                                      // 000000001AD8: D8340000 00000E0B
	s_wait_dscnt 0x0                                           // 000000001AE0: BFC60000
	s_mov_b32 exec_lo, s49                                     // 000000001AE4: BEFE0031
	s_mov_b32 s49, exec_lo                                     // 000000001AE8: BEB1007E
	v_cmp_eq_u32_e32 vcc_lo, 0, v2                             // 000000001AEC: 7C940480
	s_and_b32 exec_lo, exec_lo, vcc_lo                         // 000000001AF0: 8B7E6A7E
	s_cbranch_execz 6                                          // 000000001AF4: BFA50006 <occ_kernel+0x1b10>
	v_mov_b32_e32 v11, 0x842c                                  // 000000001AF8: 7E1602FF 0000842C
	v_mov_b32_e32 v14, 0                                       // 000000001B00: 7E1C0280
	ds_store_b32 v11, v14                                      // 000000001B04: D8340000 00000E0B
	s_wait_dscnt 0x0                                           // 000000001B0C: BFC60000
	s_mov_b32 exec_lo, s49                                     // 000000001B10: BEFE0031
	s_mov_b32 s49, exec_lo                                     // 000000001B14: BEB1007E
	v_cmp_eq_u32_e32 vcc_lo, 0, v2                             // 000000001B18: 7C940480
	s_and_b32 exec_lo, exec_lo, vcc_lo                         // 000000001B1C: 8B7E6A7E
	s_cbranch_execz 6                                          // 000000001B20: BFA50006 <occ_kernel+0x1b3c>
	v_mov_b32_e32 v11, 0x8430                                  // 000000001B24: 7E1602FF 00008430
	v_mov_b32_e32 v14, 0                                       // 000000001B2C: 7E1C0280
	ds_store_b32 v11, v14                                      // 000000001B30: D8340000 00000E0B
	s_wait_dscnt 0x0                                           // 000000001B38: BFC60000
	s_mov_b32 exec_lo, s49                                     // 000000001B3C: BEFE0031
	s_mov_b32 s49, exec_lo                                     // 000000001B40: BEB1007E
	v_cmp_eq_u32_e32 vcc_lo, 0, v2                             // 000000001B44: 7C940480
	s_and_b32 exec_lo, exec_lo, vcc_lo                         // 000000001B48: 8B7E6A7E
	s_cbranch_execz 6                                          // 000000001B4C: BFA50006 <occ_kernel+0x1b68>
	v_mov_b32_e32 v11, 0x8434                                  // 000000001B50: 7E1602FF 00008434
	v_mov_b32_e32 v14, 0                                       // 000000001B58: 7E1C0280
	ds_store_b32 v11, v14                                      // 000000001B5C: D8340000 00000E0B
	s_wait_dscnt 0x0                                           // 000000001B64: BFC60000
	s_mov_b32 exec_lo, s49                                     // 000000001B68: BEFE0031
	s_mov_b32 s49, exec_lo                                     // 000000001B6C: BEB1007E
	v_cmp_eq_u32_e32 vcc_lo, 0, v2                             // 000000001B70: 7C940480
	s_and_b32 exec_lo, exec_lo, vcc_lo                         // 000000001B74: 8B7E6A7E
	s_cbranch_execz 6                                          // 000000001B78: BFA50006 <occ_kernel+0x1b94>
	v_mov_b32_e32 v11, 0x8438                                  // 000000001B7C: 7E1602FF 00008438
	v_mov_b32_e32 v14, 0                                       // 000000001B84: 7E1C0280
	ds_store_b32 v11, v14                                      // 000000001B88: D8340000 00000E0B
	s_wait_dscnt 0x0                                           // 000000001B90: BFC60000
	s_mov_b32 exec_lo, s49                                     // 000000001B94: BEFE0031
	s_mov_b32 s49, exec_lo                                     // 000000001B98: BEB1007E
	v_cmp_eq_u32_e32 vcc_lo, 0, v2                             // 000000001B9C: 7C940480
	s_and_b32 exec_lo, exec_lo, vcc_lo                         // 000000001BA0: 8B7E6A7E
	s_cbranch_execz 6                                          // 000000001BA4: BFA50006 <occ_kernel+0x1bc0>
	v_mov_b32_e32 v11, 0x843c                                  // 000000001BA8: 7E1602FF 0000843C
	v_mov_b32_e32 v14, 0                                       // 000000001BB0: 7E1C0280
	ds_store_b32 v11, v14                                      // 000000001BB4: D8340000 00000E0B
	s_wait_dscnt 0x0                                           // 000000001BBC: BFC60000
	s_mov_b32 exec_lo, s49                                     // 000000001BC0: BEFE0031
	s_mov_b32 s49, exec_lo                                     // 000000001BC4: BEB1007E
	v_cmp_eq_u32_e32 vcc_lo, 0, v2                             // 000000001BC8: 7C940480
	s_and_b32 exec_lo, exec_lo, vcc_lo                         // 000000001BCC: 8B7E6A7E
	s_cbranch_execz 6                                          // 000000001BD0: BFA50006 <occ_kernel+0x1bec>
	v_mov_b32_e32 v11, 0x8440                                  // 000000001BD4: 7E1602FF 00008440
	v_mov_b32_e32 v14, -1                                      // 000000001BDC: 7E1C02C1
	ds_store_b32 v11, v14                                      // 000000001BE0: D8340000 00000E0B
	s_wait_dscnt 0x0                                           // 000000001BE8: BFC60000
	s_mov_b32 exec_lo, s49                                     // 000000001BEC: BEFE0031
	s_mov_b32 s49, exec_lo                                     // 000000001BF0: BEB1007E
	v_cmp_eq_u32_e32 vcc_lo, 0, v2                             // 000000001BF4: 7C940480
	s_and_b32 exec_lo, exec_lo, vcc_lo                         // 000000001BF8: 8B7E6A7E
	s_cbranch_execz 6                                          // 000000001BFC: BFA50006 <occ_kernel+0x1c18>
	v_mov_b32_e32 v11, 0x8444                                  // 000000001C00: 7E1602FF 00008444
	v_mov_b32_e32 v14, -1                                      // 000000001C08: 7E1C02C1
	ds_store_b32 v11, v14                                      // 000000001C0C: D8340000 00000E0B
	s_wait_dscnt 0x0                                           // 000000001C14: BFC60000
	s_mov_b32 exec_lo, s49                                     // 000000001C18: BEFE0031
	s_mov_b32 s49, exec_lo                                     // 000000001C1C: BEB1007E
	v_cmp_eq_u32_e32 vcc_lo, 0, v2                             // 000000001C20: 7C940480
	s_and_b32 exec_lo, exec_lo, vcc_lo                         // 000000001C24: 8B7E6A7E
	s_cbranch_execz 6                                          // 000000001C28: BFA50006 <occ_kernel+0x1c44>
	v_mov_b32_e32 v11, 0x8448                                  // 000000001C2C: 7E1602FF 00008448
	v_mov_b32_e32 v14, -2.0                                    // 000000001C34: 7E1C02F5
	ds_store_b32 v11, v14                                      // 000000001C38: D8340000 00000E0B
	s_wait_dscnt 0x0                                           // 000000001C40: BFC60000
	s_mov_b32 exec_lo, s49                                     // 000000001C44: BEFE0031
	s_mov_b32 s49, exec_lo                                     // 000000001C48: BEB1007E
	v_cmp_eq_u32_e32 vcc_lo, 0, v2                             // 000000001C4C: 7C940480
	s_and_b32 exec_lo, exec_lo, vcc_lo                         // 000000001C50: 8B7E6A7E
	s_cbranch_execz 6                                          // 000000001C54: BFA50006 <occ_kernel+0x1c70>
	v_mov_b32_e32 v11, 0x844c                                  // 000000001C58: 7E1602FF 0000844C
	v_mov_b32_e32 v14, 0                                       // 000000001C60: 7E1C0280
	ds_store_b32 v11, v14                                      // 000000001C64: D8340000 00000E0B
	s_wait_dscnt 0x0                                           // 000000001C6C: BFC60000
	s_mov_b32 exec_lo, s49                                     // 000000001C70: BEFE0031
	s_mov_b32 s49, exec_lo                                     // 000000001C74: BEB1007E
	v_cmp_eq_u32_e32 vcc_lo, 0, v2                             // 000000001C78: 7C940480
	s_and_b32 exec_lo, exec_lo, vcc_lo                         // 000000001C7C: 8B7E6A7E
	s_cbranch_execz 6                                          // 000000001C80: BFA50006 <occ_kernel+0x1c9c>
	v_mov_b32_e32 v11, 0x8450                                  // 000000001C84: 7E1602FF 00008450
	v_mov_b32_e32 v14, 0                                       // 000000001C8C: 7E1C0280
	ds_store_b32 v11, v14                                      // 000000001C90: D8340000 00000E0B
	s_wait_dscnt 0x0                                           // 000000001C98: BFC60000
	s_mov_b32 exec_lo, s49                                     // 000000001C9C: BEFE0031
	s_mov_b32 s49, exec_lo                                     // 000000001CA0: BEB1007E
	v_cmp_eq_u32_e32 vcc_lo, 0, v2                             // 000000001CA4: 7C940480
	s_and_b32 exec_lo, exec_lo, vcc_lo                         // 000000001CA8: 8B7E6A7E
	s_cbranch_execz 6                                          // 000000001CAC: BFA50006 <occ_kernel+0x1cc8>
	v_mov_b32_e32 v11, 0x8454                                  // 000000001CB0: 7E1602FF 00008454
	v_mov_b32_e32 v14, 0                                       // 000000001CB8: 7E1C0280
	ds_store_b32 v11, v14                                      // 000000001CBC: D8340000 00000E0B
	s_wait_dscnt 0x0                                           // 000000001CC4: BFC60000
	s_mov_b32 exec_lo, s49                                     // 000000001CC8: BEFE0031
	s_mov_b32 s49, exec_lo                                     // 000000001CCC: BEB1007E
	v_cmp_eq_u32_e32 vcc_lo, 0, v2                             // 000000001CD0: 7C940480
	s_and_b32 exec_lo, exec_lo, vcc_lo                         // 000000001CD4: 8B7E6A7E
	s_cbranch_execz 6                                          // 000000001CD8: BFA50006 <occ_kernel+0x1cf4>
	v_mov_b32_e32 v11, 0x8458                                  // 000000001CDC: 7E1602FF 00008458
	v_mov_b32_e32 v14, 0                                       // 000000001CE4: 7E1C0280
	ds_store_b32 v11, v14                                      // 000000001CE8: D8340000 00000E0B
	s_wait_dscnt 0x0                                           // 000000001CF0: BFC60000
	s_mov_b32 exec_lo, s49                                     // 000000001CF4: BEFE0031
	s_mov_b32 s49, exec_lo                                     // 000000001CF8: BEB1007E
	v_cmp_eq_u32_e32 vcc_lo, 0, v2                             // 000000001CFC: 7C940480
	s_and_b32 exec_lo, exec_lo, vcc_lo                         // 000000001D00: 8B7E6A7E
	s_cbranch_execz 6                                          // 000000001D04: BFA50006 <occ_kernel+0x1d20>
	v_mov_b32_e32 v11, 0x845c                                  // 000000001D08: 7E1602FF 0000845C
	v_mov_b32_e32 v14, 0                                       // 000000001D10: 7E1C0280
	ds_store_b32 v11, v14                                      // 000000001D14: D8340000 00000E0B
	s_wait_dscnt 0x0                                           // 000000001D1C: BFC60000
	s_mov_b32 exec_lo, s49                                     // 000000001D20: BEFE0031
	s_mov_b32 s49, exec_lo                                     // 000000001D24: BEB1007E
	v_cmp_eq_u32_e32 vcc_lo, 0, v2                             // 000000001D28: 7C940480
	s_and_b32 exec_lo, exec_lo, vcc_lo                         // 000000001D2C: 8B7E6A7E
	s_cbranch_execz 6                                          // 000000001D30: BFA50006 <occ_kernel+0x1d4c>
	v_mov_b32_e32 v11, 0x8460                                  // 000000001D34: 7E1602FF 00008460
	v_mov_b32_e32 v14, -1                                      // 000000001D3C: 7E1C02C1
	ds_store_b32 v11, v14                                      // 000000001D40: D8340000 00000E0B
	s_wait_dscnt 0x0                                           // 000000001D48: BFC60000
	s_mov_b32 exec_lo, s49                                     // 000000001D4C: BEFE0031
	s_mov_b32 s49, exec_lo                                     // 000000001D50: BEB1007E
	v_cmp_eq_u32_e32 vcc_lo, 0, v2                             // 000000001D54: 7C940480
	s_and_b32 exec_lo, exec_lo, vcc_lo                         // 000000001D58: 8B7E6A7E
	s_cbranch_execz 6                                          // 000000001D5C: BFA50006 <occ_kernel+0x1d78>
	v_mov_b32_e32 v11, 0x8464                                  // 000000001D60: 7E1602FF 00008464
	v_mov_b32_e32 v14, -1                                      // 000000001D68: 7E1C02C1
	ds_store_b32 v11, v14                                      // 000000001D6C: D8340000 00000E0B
	s_wait_dscnt 0x0                                           // 000000001D74: BFC60000
	s_mov_b32 exec_lo, s49                                     // 000000001D78: BEFE0031
	s_mov_b32 s49, exec_lo                                     // 000000001D7C: BEB1007E
	v_cmp_eq_u32_e32 vcc_lo, 0, v2                             // 000000001D80: 7C940480
	s_and_b32 exec_lo, exec_lo, vcc_lo                         // 000000001D84: 8B7E6A7E
	s_cbranch_execz 6                                          // 000000001D88: BFA50006 <occ_kernel+0x1da4>
	v_mov_b32_e32 v11, 0x8468                                  // 000000001D8C: 7E1602FF 00008468
	v_mov_b32_e32 v14, -2.0                                    // 000000001D94: 7E1C02F5
	ds_store_b32 v11, v14                                      // 000000001D98: D8340000 00000E0B
	s_wait_dscnt 0x0                                           // 000000001DA0: BFC60000
	s_mov_b32 exec_lo, s49                                     // 000000001DA4: BEFE0031
	s_mov_b32 s49, exec_lo                                     // 000000001DA8: BEB1007E
	v_cmp_eq_u32_e32 vcc_lo, 0, v2                             // 000000001DAC: 7C940480
	s_and_b32 exec_lo, exec_lo, vcc_lo                         // 000000001DB0: 8B7E6A7E
	s_cbranch_execz 6                                          // 000000001DB4: BFA50006 <occ_kernel+0x1dd0>
	v_mov_b32_e32 v11, 0x846c                                  // 000000001DB8: 7E1602FF 0000846C
	v_mov_b32_e32 v14, 0                                       // 000000001DC0: 7E1C0280
	ds_store_b32 v11, v14                                      // 000000001DC4: D8340000 00000E0B
	s_wait_dscnt 0x0                                           // 000000001DCC: BFC60000
	s_mov_b32 exec_lo, s49                                     // 000000001DD0: BEFE0031
	s_mov_b32 s49, exec_lo                                     // 000000001DD4: BEB1007E
	v_cmp_eq_u32_e32 vcc_lo, 0, v2                             // 000000001DD8: 7C940480
	s_and_b32 exec_lo, exec_lo, vcc_lo                         // 000000001DDC: 8B7E6A7E
	s_cbranch_execz 6                                          // 000000001DE0: BFA50006 <occ_kernel+0x1dfc>
	v_mov_b32_e32 v11, 0x8470                                  // 000000001DE4: 7E1602FF 00008470
	v_mov_b32_e32 v14, 0                                       // 000000001DEC: 7E1C0280
	ds_store_b32 v11, v14                                      // 000000001DF0: D8340000 00000E0B
	s_wait_dscnt 0x0                                           // 000000001DF8: BFC60000
	s_mov_b32 exec_lo, s49                                     // 000000001DFC: BEFE0031
	s_mov_b32 s49, exec_lo                                     // 000000001E00: BEB1007E
	v_cmp_eq_u32_e32 vcc_lo, 0, v2                             // 000000001E04: 7C940480
	s_and_b32 exec_lo, exec_lo, vcc_lo                         // 000000001E08: 8B7E6A7E
	s_cbranch_execz 6                                          // 000000001E0C: BFA50006 <occ_kernel+0x1e28>
	v_mov_b32_e32 v11, 0x8474                                  // 000000001E10: 7E1602FF 00008474
	v_mov_b32_e32 v14, 0                                       // 000000001E18: 7E1C0280
	ds_store_b32 v11, v14                                      // 000000001E1C: D8340000 00000E0B
	s_wait_dscnt 0x0                                           // 000000001E24: BFC60000
	s_mov_b32 exec_lo, s49                                     // 000000001E28: BEFE0031
	s_mov_b32 s49, exec_lo                                     // 000000001E2C: BEB1007E
	v_cmp_eq_u32_e32 vcc_lo, 0, v2                             // 000000001E30: 7C940480
	s_and_b32 exec_lo, exec_lo, vcc_lo                         // 000000001E34: 8B7E6A7E
	s_cbranch_execz 6                                          // 000000001E38: BFA50006 <occ_kernel+0x1e54>
	v_mov_b32_e32 v11, 0x8478                                  // 000000001E3C: 7E1602FF 00008478
	v_mov_b32_e32 v14, 0                                       // 000000001E44: 7E1C0280
	ds_store_b32 v11, v14                                      // 000000001E48: D8340000 00000E0B
	s_wait_dscnt 0x0                                           // 000000001E50: BFC60000
	s_mov_b32 exec_lo, s49                                     // 000000001E54: BEFE0031
	s_mov_b32 s49, exec_lo                                     // 000000001E58: BEB1007E
	v_cmp_eq_u32_e32 vcc_lo, 0, v2                             // 000000001E5C: 7C940480
	s_and_b32 exec_lo, exec_lo, vcc_lo                         // 000000001E60: 8B7E6A7E
	s_cbranch_execz 6                                          // 000000001E64: BFA50006 <occ_kernel+0x1e80>
	v_mov_b32_e32 v11, 0x847c                                  // 000000001E68: 7E1602FF 0000847C
	v_mov_b32_e32 v14, 0                                       // 000000001E70: 7E1C0280
	ds_store_b32 v11, v14                                      // 000000001E74: D8340000 00000E0B
	s_wait_dscnt 0x0                                           // 000000001E7C: BFC60000
	s_mov_b32 exec_lo, s49                                     // 000000001E80: BEFE0031
	s_mov_b32 s49, exec_lo                                     // 000000001E84: BEB1007E
	v_cmp_eq_u32_e32 vcc_lo, 0, v2                             // 000000001E88: 7C940480
	s_and_b32 exec_lo, exec_lo, vcc_lo                         // 000000001E8C: 8B7E6A7E
	s_cbranch_execz 6                                          // 000000001E90: BFA50006 <occ_kernel+0x1eac>
	v_mov_b32_e32 v11, 0x8480                                  // 000000001E94: 7E1602FF 00008480
	v_mov_b32_e32 v14, -1                                      // 000000001E9C: 7E1C02C1
	ds_store_b32 v11, v14                                      // 000000001EA0: D8340000 00000E0B
	s_wait_dscnt 0x0                                           // 000000001EA8: BFC60000
	s_mov_b32 exec_lo, s49                                     // 000000001EAC: BEFE0031
	s_mov_b32 s49, exec_lo                                     // 000000001EB0: BEB1007E
	v_cmp_eq_u32_e32 vcc_lo, 0, v2                             // 000000001EB4: 7C940480
	s_and_b32 exec_lo, exec_lo, vcc_lo                         // 000000001EB8: 8B7E6A7E
	s_cbranch_execz 6                                          // 000000001EBC: BFA50006 <occ_kernel+0x1ed8>
	v_mov_b32_e32 v11, 0x8484                                  // 000000001EC0: 7E1602FF 00008484
	v_mov_b32_e32 v14, -1                                      // 000000001EC8: 7E1C02C1
	ds_store_b32 v11, v14                                      // 000000001ECC: D8340000 00000E0B
	s_wait_dscnt 0x0                                           // 000000001ED4: BFC60000
	s_mov_b32 exec_lo, s49                                     // 000000001ED8: BEFE0031
	s_mov_b32 s49, exec_lo                                     // 000000001EDC: BEB1007E
	v_cmp_eq_u32_e32 vcc_lo, 0, v2                             // 000000001EE0: 7C940480
	s_and_b32 exec_lo, exec_lo, vcc_lo                         // 000000001EE4: 8B7E6A7E
	s_cbranch_execz 6                                          // 000000001EE8: BFA50006 <occ_kernel+0x1f04>
	v_mov_b32_e32 v11, 0x8488                                  // 000000001EEC: 7E1602FF 00008488
	v_mov_b32_e32 v14, -2.0                                    // 000000001EF4: 7E1C02F5
	ds_store_b32 v11, v14                                      // 000000001EF8: D8340000 00000E0B
	s_wait_dscnt 0x0                                           // 000000001F00: BFC60000
	s_mov_b32 exec_lo, s49                                     // 000000001F04: BEFE0031
	s_mov_b32 s49, exec_lo                                     // 000000001F08: BEB1007E
	v_cmp_eq_u32_e32 vcc_lo, 0, v2                             // 000000001F0C: 7C940480
	s_and_b32 exec_lo, exec_lo, vcc_lo                         // 000000001F10: 8B7E6A7E
	s_cbranch_execz 6                                          // 000000001F14: BFA50006 <occ_kernel+0x1f30>
	v_mov_b32_e32 v11, 0x848c                                  // 000000001F18: 7E1602FF 0000848C
	v_mov_b32_e32 v14, 0                                       // 000000001F20: 7E1C0280
	ds_store_b32 v11, v14                                      // 000000001F24: D8340000 00000E0B
	s_wait_dscnt 0x0                                           // 000000001F2C: BFC60000
	s_mov_b32 exec_lo, s49                                     // 000000001F30: BEFE0031
	s_mov_b32 s49, exec_lo                                     // 000000001F34: BEB1007E
	v_cmp_eq_u32_e32 vcc_lo, 0, v2                             // 000000001F38: 7C940480
	s_and_b32 exec_lo, exec_lo, vcc_lo                         // 000000001F3C: 8B7E6A7E
	s_cbranch_execz 6                                          // 000000001F40: BFA50006 <occ_kernel+0x1f5c>
	v_mov_b32_e32 v11, 0x8490                                  // 000000001F44: 7E1602FF 00008490
	v_mov_b32_e32 v14, 0                                       // 000000001F4C: 7E1C0280
	ds_store_b32 v11, v14                                      // 000000001F50: D8340000 00000E0B
	s_wait_dscnt 0x0                                           // 000000001F58: BFC60000
	s_mov_b32 exec_lo, s49                                     // 000000001F5C: BEFE0031
	s_mov_b32 s49, exec_lo                                     // 000000001F60: BEB1007E
	v_cmp_eq_u32_e32 vcc_lo, 0, v2                             // 000000001F64: 7C940480
	s_and_b32 exec_lo, exec_lo, vcc_lo                         // 000000001F68: 8B7E6A7E
	s_cbranch_execz 6                                          // 000000001F6C: BFA50006 <occ_kernel+0x1f88>
	v_mov_b32_e32 v11, 0x8494                                  // 000000001F70: 7E1602FF 00008494
	v_mov_b32_e32 v14, 0                                       // 000000001F78: 7E1C0280
	ds_store_b32 v11, v14                                      // 000000001F7C: D8340000 00000E0B
	s_wait_dscnt 0x0                                           // 000000001F84: BFC60000
	s_mov_b32 exec_lo, s49                                     // 000000001F88: BEFE0031
	s_mov_b32 s49, exec_lo                                     // 000000001F8C: BEB1007E
	v_cmp_eq_u32_e32 vcc_lo, 0, v2                             // 000000001F90: 7C940480
	s_and_b32 exec_lo, exec_lo, vcc_lo                         // 000000001F94: 8B7E6A7E
	s_cbranch_execz 6                                          // 000000001F98: BFA50006 <occ_kernel+0x1fb4>
	v_mov_b32_e32 v11, 0x8498                                  // 000000001F9C: 7E1602FF 00008498
	v_mov_b32_e32 v14, 0                                       // 000000001FA4: 7E1C0280
	ds_store_b32 v11, v14                                      // 000000001FA8: D8340000 00000E0B
	s_wait_dscnt 0x0                                           // 000000001FB0: BFC60000
	s_mov_b32 exec_lo, s49                                     // 000000001FB4: BEFE0031
	s_mov_b32 s49, exec_lo                                     // 000000001FB8: BEB1007E
	v_cmp_eq_u32_e32 vcc_lo, 0, v2                             // 000000001FBC: 7C940480
	s_and_b32 exec_lo, exec_lo, vcc_lo                         // 000000001FC0: 8B7E6A7E
	s_cbranch_execz 6                                          // 000000001FC4: BFA50006 <occ_kernel+0x1fe0>
	v_mov_b32_e32 v11, 0x849c                                  // 000000001FC8: 7E1602FF 0000849C
	v_mov_b32_e32 v14, 0                                       // 000000001FD0: 7E1C0280
	ds_store_b32 v11, v14                                      // 000000001FD4: D8340000 00000E0B
	s_wait_dscnt 0x0                                           // 000000001FDC: BFC60000
	s_mov_b32 exec_lo, s49                                     // 000000001FE0: BEFE0031
	s_mov_b32 s49, exec_lo                                     // 000000001FE4: BEB1007E
	v_cmp_eq_u32_e32 vcc_lo, 0, v2                             // 000000001FE8: 7C940480
	s_and_b32 exec_lo, exec_lo, vcc_lo                         // 000000001FEC: 8B7E6A7E
	s_cbranch_execz 6                                          // 000000001FF0: BFA50006 <occ_kernel+0x200c>
	v_mov_b32_e32 v11, 0x84a0                                  // 000000001FF4: 7E1602FF 000084A0
	v_mov_b32_e32 v14, -1                                      // 000000001FFC: 7E1C02C1
	ds_store_b32 v11, v14                                      // 000000002000: D8340000 00000E0B
	s_wait_dscnt 0x0                                           // 000000002008: BFC60000
	s_mov_b32 exec_lo, s49                                     // 00000000200C: BEFE0031
	s_mov_b32 s49, exec_lo                                     // 000000002010: BEB1007E
	v_cmp_eq_u32_e32 vcc_lo, 0, v2                             // 000000002014: 7C940480
	s_and_b32 exec_lo, exec_lo, vcc_lo                         // 000000002018: 8B7E6A7E
	s_cbranch_execz 6                                          // 00000000201C: BFA50006 <occ_kernel+0x2038>
	v_mov_b32_e32 v11, 0x84a4                                  // 000000002020: 7E1602FF 000084A4
	v_mov_b32_e32 v14, -1                                      // 000000002028: 7E1C02C1
	ds_store_b32 v11, v14                                      // 00000000202C: D8340000 00000E0B
	s_wait_dscnt 0x0                                           // 000000002034: BFC60000
	s_mov_b32 exec_lo, s49                                     // 000000002038: BEFE0031
	s_mov_b32 s49, exec_lo                                     // 00000000203C: BEB1007E
	v_cmp_eq_u32_e32 vcc_lo, 0, v2                             // 000000002040: 7C940480
	s_and_b32 exec_lo, exec_lo, vcc_lo                         // 000000002044: 8B7E6A7E
	s_cbranch_execz 6                                          // 000000002048: BFA50006 <occ_kernel+0x2064>
	v_mov_b32_e32 v11, 0x84a8                                  // 00000000204C: 7E1602FF 000084A8
	v_mov_b32_e32 v14, -2.0                                    // 000000002054: 7E1C02F5
	ds_store_b32 v11, v14                                      // 000000002058: D8340000 00000E0B
	s_wait_dscnt 0x0                                           // 000000002060: BFC60000
	s_mov_b32 exec_lo, s49                                     // 000000002064: BEFE0031
	s_mov_b32 s49, exec_lo                                     // 000000002068: BEB1007E
	v_cmp_eq_u32_e32 vcc_lo, 0, v2                             // 00000000206C: 7C940480
	s_and_b32 exec_lo, exec_lo, vcc_lo                         // 000000002070: 8B7E6A7E
	s_cbranch_execz 6                                          // 000000002074: BFA50006 <occ_kernel+0x2090>
	v_mov_b32_e32 v11, 0x84ac                                  // 000000002078: 7E1602FF 000084AC
	v_mov_b32_e32 v14, 0                                       // 000000002080: 7E1C0280
	ds_store_b32 v11, v14                                      // 000000002084: D8340000 00000E0B
	s_wait_dscnt 0x0                                           // 00000000208C: BFC60000
	s_mov_b32 exec_lo, s49                                     // 000000002090: BEFE0031
	s_mov_b32 s49, exec_lo                                     // 000000002094: BEB1007E
	v_cmp_eq_u32_e32 vcc_lo, 0, v2                             // 000000002098: 7C940480
	s_and_b32 exec_lo, exec_lo, vcc_lo                         // 00000000209C: 8B7E6A7E
	s_cbranch_execz 6                                          // 0000000020A0: BFA50006 <occ_kernel+0x20bc>
	v_mov_b32_e32 v11, 0x84b0                                  // 0000000020A4: 7E1602FF 000084B0
	v_mov_b32_e32 v14, 0                                       // 0000000020AC: 7E1C0280
	ds_store_b32 v11, v14                                      // 0000000020B0: D8340000 00000E0B
	s_wait_dscnt 0x0                                           // 0000000020B8: BFC60000
	s_mov_b32 exec_lo, s49                                     // 0000000020BC: BEFE0031
	s_mov_b32 s49, exec_lo                                     // 0000000020C0: BEB1007E
	v_cmp_eq_u32_e32 vcc_lo, 0, v2                             // 0000000020C4: 7C940480
	s_and_b32 exec_lo, exec_lo, vcc_lo                         // 0000000020C8: 8B7E6A7E
	s_cbranch_execz 6                                          // 0000000020CC: BFA50006 <occ_kernel+0x20e8>
	v_mov_b32_e32 v11, 0x84b4                                  // 0000000020D0: 7E1602FF 000084B4
	v_mov_b32_e32 v14, 0                                       // 0000000020D8: 7E1C0280
	ds_store_b32 v11, v14                                      // 0000000020DC: D8340000 00000E0B
	s_wait_dscnt 0x0                                           // 0000000020E4: BFC60000
	s_mov_b32 exec_lo, s49                                     // 0000000020E8: BEFE0031
	s_mov_b32 s49, exec_lo                                     // 0000000020EC: BEB1007E
	v_cmp_eq_u32_e32 vcc_lo, 0, v2                             // 0000000020F0: 7C940480
	s_and_b32 exec_lo, exec_lo, vcc_lo                         // 0000000020F4: 8B7E6A7E
	s_cbranch_execz 6                                          // 0000000020F8: BFA50006 <occ_kernel+0x2114>
	v_mov_b32_e32 v11, 0x84b8                                  // 0000000020FC: 7E1602FF 000084B8
	v_mov_b32_e32 v14, 0                                       // 000000002104: 7E1C0280
	ds_store_b32 v11, v14                                      // 000000002108: D8340000 00000E0B
	s_wait_dscnt 0x0                                           // 000000002110: BFC60000
	s_mov_b32 exec_lo, s49                                     // 000000002114: BEFE0031
	s_mov_b32 s49, exec_lo                                     // 000000002118: BEB1007E
	v_cmp_eq_u32_e32 vcc_lo, 0, v2                             // 00000000211C: 7C940480
	s_and_b32 exec_lo, exec_lo, vcc_lo                         // 000000002120: 8B7E6A7E
	s_cbranch_execz 6                                          // 000000002124: BFA50006 <occ_kernel+0x2140>
	v_mov_b32_e32 v11, 0x84bc                                  // 000000002128: 7E1602FF 000084BC
	v_mov_b32_e32 v14, 0                                       // 000000002130: 7E1C0280
	ds_store_b32 v11, v14                                      // 000000002134: D8340000 00000E0B
	s_wait_dscnt 0x0                                           // 00000000213C: BFC60000
	s_mov_b32 exec_lo, s49                                     // 000000002140: BEFE0031
	s_mov_b32 s49, exec_lo                                     // 000000002144: BEB1007E
	v_cmp_eq_u32_e32 vcc_lo, 0, v2                             // 000000002148: 7C940480
	s_and_b32 exec_lo, exec_lo, vcc_lo                         // 00000000214C: 8B7E6A7E
	s_cbranch_execz 6                                          // 000000002150: BFA50006 <occ_kernel+0x216c>
	v_mov_b32_e32 v11, 0x84c0                                  // 000000002154: 7E1602FF 000084C0
	v_mov_b32_e32 v14, -1                                      // 00000000215C: 7E1C02C1
	ds_store_b32 v11, v14                                      // 000000002160: D8340000 00000E0B
	s_wait_dscnt 0x0                                           // 000000002168: BFC60000
	s_mov_b32 exec_lo, s49                                     // 00000000216C: BEFE0031
	s_mov_b32 s49, exec_lo                                     // 000000002170: BEB1007E
	v_cmp_eq_u32_e32 vcc_lo, 0, v2                             // 000000002174: 7C940480
	s_and_b32 exec_lo, exec_lo, vcc_lo                         // 000000002178: 8B7E6A7E
	s_cbranch_execz 6                                          // 00000000217C: BFA50006 <occ_kernel+0x2198>
	v_mov_b32_e32 v11, 0x84c4                                  // 000000002180: 7E1602FF 000084C4
	v_mov_b32_e32 v14, -1                                      // 000000002188: 7E1C02C1
	ds_store_b32 v11, v14                                      // 00000000218C: D8340000 00000E0B
	s_wait_dscnt 0x0                                           // 000000002194: BFC60000
	s_mov_b32 exec_lo, s49                                     // 000000002198: BEFE0031
	s_mov_b32 s49, exec_lo                                     // 00000000219C: BEB1007E
	v_cmp_eq_u32_e32 vcc_lo, 0, v2                             // 0000000021A0: 7C940480
	s_and_b32 exec_lo, exec_lo, vcc_lo                         // 0000000021A4: 8B7E6A7E
	s_cbranch_execz 6                                          // 0000000021A8: BFA50006 <occ_kernel+0x21c4>
	v_mov_b32_e32 v11, 0x84c8                                  // 0000000021AC: 7E1602FF 000084C8
	v_mov_b32_e32 v14, -2.0                                    // 0000000021B4: 7E1C02F5
	ds_store_b32 v11, v14                                      // 0000000021B8: D8340000 00000E0B
	s_wait_dscnt 0x0                                           // 0000000021C0: BFC60000
	s_mov_b32 exec_lo, s49                                     // 0000000021C4: BEFE0031
	s_mov_b32 s49, exec_lo                                     // 0000000021C8: BEB1007E
	v_cmp_eq_u32_e32 vcc_lo, 0, v2                             // 0000000021CC: 7C940480
	s_and_b32 exec_lo, exec_lo, vcc_lo                         // 0000000021D0: 8B7E6A7E
	s_cbranch_execz 6                                          // 0000000021D4: BFA50006 <occ_kernel+0x21f0>
	v_mov_b32_e32 v11, 0x84cc                                  // 0000000021D8: 7E1602FF 000084CC
	v_mov_b32_e32 v14, 0                                       // 0000000021E0: 7E1C0280
	ds_store_b32 v11, v14                                      // 0000000021E4: D8340000 00000E0B
	s_wait_dscnt 0x0                                           // 0000000021EC: BFC60000
	s_mov_b32 exec_lo, s49                                     // 0000000021F0: BEFE0031
	s_mov_b32 s49, exec_lo                                     // 0000000021F4: BEB1007E
	v_cmp_eq_u32_e32 vcc_lo, 0, v2                             // 0000000021F8: 7C940480
	s_and_b32 exec_lo, exec_lo, vcc_lo                         // 0000000021FC: 8B7E6A7E
	s_cbranch_execz 6                                          // 000000002200: BFA50006 <occ_kernel+0x221c>
	v_mov_b32_e32 v11, 0x84d0                                  // 000000002204: 7E1602FF 000084D0
	v_mov_b32_e32 v14, 0                                       // 00000000220C: 7E1C0280
	ds_store_b32 v11, v14                                      // 000000002210: D8340000 00000E0B
	s_wait_dscnt 0x0                                           // 000000002218: BFC60000
	s_mov_b32 exec_lo, s49                                     // 00000000221C: BEFE0031
	s_mov_b32 s49, exec_lo                                     // 000000002220: BEB1007E
	v_cmp_eq_u32_e32 vcc_lo, 0, v2                             // 000000002224: 7C940480
	s_and_b32 exec_lo, exec_lo, vcc_lo                         // 000000002228: 8B7E6A7E
	s_cbranch_execz 6                                          // 00000000222C: BFA50006 <occ_kernel+0x2248>
	v_mov_b32_e32 v11, 0x84d4                                  // 000000002230: 7E1602FF 000084D4
	v_mov_b32_e32 v14, 0                                       // 000000002238: 7E1C0280
	ds_store_b32 v11, v14                                      // 00000000223C: D8340000 00000E0B
	s_wait_dscnt 0x0                                           // 000000002244: BFC60000
	s_mov_b32 exec_lo, s49                                     // 000000002248: BEFE0031
	s_mov_b32 s49, exec_lo                                     // 00000000224C: BEB1007E
	v_cmp_eq_u32_e32 vcc_lo, 0, v2                             // 000000002250: 7C940480
	s_and_b32 exec_lo, exec_lo, vcc_lo                         // 000000002254: 8B7E6A7E
	s_cbranch_execz 6                                          // 000000002258: BFA50006 <occ_kernel+0x2274>
	v_mov_b32_e32 v11, 0x84d8                                  // 00000000225C: 7E1602FF 000084D8
	v_mov_b32_e32 v14, 0                                       // 000000002264: 7E1C0280
	ds_store_b32 v11, v14                                      // 000000002268: D8340000 00000E0B
	s_wait_dscnt 0x0                                           // 000000002270: BFC60000
	s_mov_b32 exec_lo, s49                                     // 000000002274: BEFE0031
	s_mov_b32 s49, exec_lo                                     // 000000002278: BEB1007E
	v_cmp_eq_u32_e32 vcc_lo, 0, v2                             // 00000000227C: 7C940480
	s_and_b32 exec_lo, exec_lo, vcc_lo                         // 000000002280: 8B7E6A7E
	s_cbranch_execz 6                                          // 000000002284: BFA50006 <occ_kernel+0x22a0>
	v_mov_b32_e32 v11, 0x84dc                                  // 000000002288: 7E1602FF 000084DC
	v_mov_b32_e32 v14, 0                                       // 000000002290: 7E1C0280
	ds_store_b32 v11, v14                                      // 000000002294: D8340000 00000E0B
	s_wait_dscnt 0x0                                           // 00000000229C: BFC60000
	s_mov_b32 exec_lo, s49                                     // 0000000022A0: BEFE0031
	s_mov_b32 s49, exec_lo                                     // 0000000022A4: BEB1007E
	v_cmp_eq_u32_e32 vcc_lo, 0, v2                             // 0000000022A8: 7C940480
	s_and_b32 exec_lo, exec_lo, vcc_lo                         // 0000000022AC: 8B7E6A7E
	s_cbranch_execz 6                                          // 0000000022B0: BFA50006 <occ_kernel+0x22cc>
	v_mov_b32_e32 v11, 0x84e0                                  // 0000000022B4: 7E1602FF 000084E0
	v_mov_b32_e32 v14, -1                                      // 0000000022BC: 7E1C02C1
	ds_store_b32 v11, v14                                      // 0000000022C0: D8340000 00000E0B
	s_wait_dscnt 0x0                                           // 0000000022C8: BFC60000
	s_mov_b32 exec_lo, s49                                     // 0000000022CC: BEFE0031
	s_mov_b32 s49, exec_lo                                     // 0000000022D0: BEB1007E
	v_cmp_eq_u32_e32 vcc_lo, 0, v2                             // 0000000022D4: 7C940480
	s_and_b32 exec_lo, exec_lo, vcc_lo                         // 0000000022D8: 8B7E6A7E
	s_cbranch_execz 6                                          // 0000000022DC: BFA50006 <occ_kernel+0x22f8>
	v_mov_b32_e32 v11, 0x84e4                                  // 0000000022E0: 7E1602FF 000084E4
	v_mov_b32_e32 v14, -1                                      // 0000000022E8: 7E1C02C1
	ds_store_b32 v11, v14                                      // 0000000022EC: D8340000 00000E0B
	s_wait_dscnt 0x0                                           // 0000000022F4: BFC60000
	s_mov_b32 exec_lo, s49                                     // 0000000022F8: BEFE0031
	s_mov_b32 s49, exec_lo                                     // 0000000022FC: BEB1007E
	v_cmp_eq_u32_e32 vcc_lo, 0, v2                             // 000000002300: 7C940480
	s_and_b32 exec_lo, exec_lo, vcc_lo                         // 000000002304: 8B7E6A7E
	s_cbranch_execz 6                                          // 000000002308: BFA50006 <occ_kernel+0x2324>
	v_mov_b32_e32 v11, 0x84e8                                  // 00000000230C: 7E1602FF 000084E8
	v_mov_b32_e32 v14, -2.0                                    // 000000002314: 7E1C02F5
	ds_store_b32 v11, v14                                      // 000000002318: D8340000 00000E0B
	s_wait_dscnt 0x0                                           // 000000002320: BFC60000
	s_mov_b32 exec_lo, s49                                     // 000000002324: BEFE0031
	s_mov_b32 s49, exec_lo                                     // 000000002328: BEB1007E
	v_cmp_eq_u32_e32 vcc_lo, 0, v2                             // 00000000232C: 7C940480
	s_and_b32 exec_lo, exec_lo, vcc_lo                         // 000000002330: 8B7E6A7E
	s_cbranch_execz 6                                          // 000000002334: BFA50006 <occ_kernel+0x2350>
	v_mov_b32_e32 v11, 0x84ec                                  // 000000002338: 7E1602FF 000084EC
	v_mov_b32_e32 v14, 0                                       // 000000002340: 7E1C0280
	ds_store_b32 v11, v14                                      // 000000002344: D8340000 00000E0B
	s_wait_dscnt 0x0                                           // 00000000234C: BFC60000
	s_mov_b32 exec_lo, s49                                     // 000000002350: BEFE0031
	s_mov_b32 s49, exec_lo                                     // 000000002354: BEB1007E
	v_cmp_eq_u32_e32 vcc_lo, 0, v2                             // 000000002358: 7C940480
	s_and_b32 exec_lo, exec_lo, vcc_lo                         // 00000000235C: 8B7E6A7E
	s_cbranch_execz 6                                          // 000000002360: BFA50006 <occ_kernel+0x237c>
	v_mov_b32_e32 v11, 0x84f0                                  // 000000002364: 7E1602FF 000084F0
	v_mov_b32_e32 v14, 0                                       // 00000000236C: 7E1C0280
	ds_store_b32 v11, v14                                      // 000000002370: D8340000 00000E0B
	s_wait_dscnt 0x0                                           // 000000002378: BFC60000
	s_mov_b32 exec_lo, s49                                     // 00000000237C: BEFE0031
	s_mov_b32 s49, exec_lo                                     // 000000002380: BEB1007E
	v_cmp_eq_u32_e32 vcc_lo, 0, v2                             // 000000002384: 7C940480
	s_and_b32 exec_lo, exec_lo, vcc_lo                         // 000000002388: 8B7E6A7E
	s_cbranch_execz 6                                          // 00000000238C: BFA50006 <occ_kernel+0x23a8>
	v_mov_b32_e32 v11, 0x84f4                                  // 000000002390: 7E1602FF 000084F4
	v_mov_b32_e32 v14, 0                                       // 000000002398: 7E1C0280
	ds_store_b32 v11, v14                                      // 00000000239C: D8340000 00000E0B
	s_wait_dscnt 0x0                                           // 0000000023A4: BFC60000
	s_mov_b32 exec_lo, s49                                     // 0000000023A8: BEFE0031
	s_mov_b32 s49, exec_lo                                     // 0000000023AC: BEB1007E
	v_cmp_eq_u32_e32 vcc_lo, 0, v2                             // 0000000023B0: 7C940480
	s_and_b32 exec_lo, exec_lo, vcc_lo                         // 0000000023B4: 8B7E6A7E
	s_cbranch_execz 6                                          // 0000000023B8: BFA50006 <occ_kernel+0x23d4>
	v_mov_b32_e32 v11, 0x84f8                                  // 0000000023BC: 7E1602FF 000084F8
	v_mov_b32_e32 v14, 0                                       // 0000000023C4: 7E1C0280
	ds_store_b32 v11, v14                                      // 0000000023C8: D8340000 00000E0B
	s_wait_dscnt 0x0                                           // 0000000023D0: BFC60000
	s_mov_b32 exec_lo, s49                                     // 0000000023D4: BEFE0031
	s_mov_b32 s49, exec_lo                                     // 0000000023D8: BEB1007E
	v_cmp_eq_u32_e32 vcc_lo, 0, v2                             // 0000000023DC: 7C940480
	s_and_b32 exec_lo, exec_lo, vcc_lo                         // 0000000023E0: 8B7E6A7E
	s_cbranch_execz 6                                          // 0000000023E4: BFA50006 <occ_kernel+0x2400>
	v_mov_b32_e32 v11, 0x84fc                                  // 0000000023E8: 7E1602FF 000084FC
	v_mov_b32_e32 v14, 0                                       // 0000000023F0: 7E1C0280
	ds_store_b32 v11, v14                                      // 0000000023F4: D8340000 00000E0B
	s_wait_dscnt 0x0                                           // 0000000023FC: BFC60000
	s_mov_b32 exec_lo, s49                                     // 000000002400: BEFE0031
	s_mov_b32 s49, exec_lo                                     // 000000002404: BEB1007E
	v_cmp_eq_u32_e32 vcc_lo, 0, v2                             // 000000002408: 7C940480
	s_and_b32 exec_lo, exec_lo, vcc_lo                         // 00000000240C: 8B7E6A7E
	s_cbranch_execz 6                                          // 000000002410: BFA50006 <occ_kernel+0x242c>
	v_mov_b32_e32 v11, 0x8500                                  // 000000002414: 7E1602FF 00008500
	v_mov_b32_e32 v14, -1                                      // 00000000241C: 7E1C02C1
	ds_store_b32 v11, v14                                      // 000000002420: D8340000 00000E0B
	s_wait_dscnt 0x0                                           // 000000002428: BFC60000
	s_mov_b32 exec_lo, s49                                     // 00000000242C: BEFE0031
	s_mov_b32 s49, exec_lo                                     // 000000002430: BEB1007E
	v_cmp_eq_u32_e32 vcc_lo, 0, v2                             // 000000002434: 7C940480
	s_and_b32 exec_lo, exec_lo, vcc_lo                         // 000000002438: 8B7E6A7E
	s_cbranch_execz 6                                          // 00000000243C: BFA50006 <occ_kernel+0x2458>
	v_mov_b32_e32 v11, 0x8504                                  // 000000002440: 7E1602FF 00008504
	v_mov_b32_e32 v14, -1                                      // 000000002448: 7E1C02C1
	ds_store_b32 v11, v14                                      // 00000000244C: D8340000 00000E0B
	s_wait_dscnt 0x0                                           // 000000002454: BFC60000
	s_mov_b32 exec_lo, s49                                     // 000000002458: BEFE0031
	s_mov_b32 s49, exec_lo                                     // 00000000245C: BEB1007E
	v_cmp_eq_u32_e32 vcc_lo, 0, v2                             // 000000002460: 7C940480
	s_and_b32 exec_lo, exec_lo, vcc_lo                         // 000000002464: 8B7E6A7E
	s_cbranch_execz 6                                          // 000000002468: BFA50006 <occ_kernel+0x2484>
	v_mov_b32_e32 v11, 0x8508                                  // 00000000246C: 7E1602FF 00008508
	v_mov_b32_e32 v14, -2.0                                    // 000000002474: 7E1C02F5
	ds_store_b32 v11, v14                                      // 000000002478: D8340000 00000E0B
	s_wait_dscnt 0x0                                           // 000000002480: BFC60000
	s_mov_b32 exec_lo, s49                                     // 000000002484: BEFE0031
	s_mov_b32 s49, exec_lo                                     // 000000002488: BEB1007E
	v_cmp_eq_u32_e32 vcc_lo, 0, v2                             // 00000000248C: 7C940480
	s_and_b32 exec_lo, exec_lo, vcc_lo                         // 000000002490: 8B7E6A7E
	s_cbranch_execz 6                                          // 000000002494: BFA50006 <occ_kernel+0x24b0>
	v_mov_b32_e32 v11, 0x850c                                  // 000000002498: 7E1602FF 0000850C
	v_mov_b32_e32 v14, 0                                       // 0000000024A0: 7E1C0280
	ds_store_b32 v11, v14                                      // 0000000024A4: D8340000 00000E0B
	s_wait_dscnt 0x0                                           // 0000000024AC: BFC60000
	s_mov_b32 exec_lo, s49                                     // 0000000024B0: BEFE0031
	s_mov_b32 s49, exec_lo                                     // 0000000024B4: BEB1007E
	v_cmp_eq_u32_e32 vcc_lo, 0, v2                             // 0000000024B8: 7C940480
	s_and_b32 exec_lo, exec_lo, vcc_lo                         // 0000000024BC: 8B7E6A7E
	s_cbranch_execz 6                                          // 0000000024C0: BFA50006 <occ_kernel+0x24dc>
	v_mov_b32_e32 v11, 0x8510                                  // 0000000024C4: 7E1602FF 00008510
	v_mov_b32_e32 v14, 0                                       // 0000000024CC: 7E1C0280
	ds_store_b32 v11, v14                                      // 0000000024D0: D8340000 00000E0B
	s_wait_dscnt 0x0                                           // 0000000024D8: BFC60000
	s_mov_b32 exec_lo, s49                                     // 0000000024DC: BEFE0031
	s_mov_b32 s49, exec_lo                                     // 0000000024E0: BEB1007E
	v_cmp_eq_u32_e32 vcc_lo, 0, v2                             // 0000000024E4: 7C940480
	s_and_b32 exec_lo, exec_lo, vcc_lo                         // 0000000024E8: 8B7E6A7E
	s_cbranch_execz 6                                          // 0000000024EC: BFA50006 <occ_kernel+0x2508>
	v_mov_b32_e32 v11, 0x8514                                  // 0000000024F0: 7E1602FF 00008514
	v_mov_b32_e32 v14, 0                                       // 0000000024F8: 7E1C0280
	ds_store_b32 v11, v14                                      // 0000000024FC: D8340000 00000E0B
	s_wait_dscnt 0x0                                           // 000000002504: BFC60000
	s_mov_b32 exec_lo, s49                                     // 000000002508: BEFE0031
	s_mov_b32 s49, exec_lo                                     // 00000000250C: BEB1007E
	v_cmp_eq_u32_e32 vcc_lo, 0, v2                             // 000000002510: 7C940480
	s_and_b32 exec_lo, exec_lo, vcc_lo                         // 000000002514: 8B7E6A7E
	s_cbranch_execz 6                                          // 000000002518: BFA50006 <occ_kernel+0x2534>
	v_mov_b32_e32 v11, 0x8518                                  // 00000000251C: 7E1602FF 00008518
	v_mov_b32_e32 v14, 0                                       // 000000002524: 7E1C0280
	ds_store_b32 v11, v14                                      // 000000002528: D8340000 00000E0B
	s_wait_dscnt 0x0                                           // 000000002530: BFC60000
	s_mov_b32 exec_lo, s49                                     // 000000002534: BEFE0031
	s_mov_b32 s49, exec_lo                                     // 000000002538: BEB1007E
	v_cmp_eq_u32_e32 vcc_lo, 0, v2                             // 00000000253C: 7C940480
	s_and_b32 exec_lo, exec_lo, vcc_lo                         // 000000002540: 8B7E6A7E
	s_cbranch_execz 6                                          // 000000002544: BFA50006 <occ_kernel+0x2560>
	v_mov_b32_e32 v11, 0x851c                                  // 000000002548: 7E1602FF 0000851C
	v_mov_b32_e32 v14, 0                                       // 000000002550: 7E1C0280
	ds_store_b32 v11, v14                                      // 000000002554: D8340000 00000E0B
	s_wait_dscnt 0x0                                           // 00000000255C: BFC60000
	s_mov_b32 exec_lo, s49                                     // 000000002560: BEFE0031
	s_mov_b32 s49, exec_lo                                     // 000000002564: BEB1007E
	v_cmp_eq_u32_e32 vcc_lo, 0, v2                             // 000000002568: 7C940480
	s_and_b32 exec_lo, exec_lo, vcc_lo                         // 00000000256C: 8B7E6A7E
	s_cbranch_execz 6                                          // 000000002570: BFA50006 <occ_kernel+0x258c>
	v_mov_b32_e32 v11, 0x8520                                  // 000000002574: 7E1602FF 00008520
	v_mov_b32_e32 v14, -1                                      // 00000000257C: 7E1C02C1
	ds_store_b32 v11, v14                                      // 000000002580: D8340000 00000E0B
	s_wait_dscnt 0x0                                           // 000000002588: BFC60000
	s_mov_b32 exec_lo, s49                                     // 00000000258C: BEFE0031
	s_mov_b32 s49, exec_lo                                     // 000000002590: BEB1007E
	v_cmp_eq_u32_e32 vcc_lo, 0, v2                             // 000000002594: 7C940480
	s_and_b32 exec_lo, exec_lo, vcc_lo                         // 000000002598: 8B7E6A7E
	s_cbranch_execz 6                                          // 00000000259C: BFA50006 <occ_kernel+0x25b8>
	v_mov_b32_e32 v11, 0x8524                                  // 0000000025A0: 7E1602FF 00008524
	v_mov_b32_e32 v14, -1                                      // 0000000025A8: 7E1C02C1
	ds_store_b32 v11, v14                                      // 0000000025AC: D8340000 00000E0B
	s_wait_dscnt 0x0                                           // 0000000025B4: BFC60000
	s_mov_b32 exec_lo, s49                                     // 0000000025B8: BEFE0031
	s_mov_b32 s49, exec_lo                                     // 0000000025BC: BEB1007E
	v_cmp_eq_u32_e32 vcc_lo, 0, v2                             // 0000000025C0: 7C940480
	s_and_b32 exec_lo, exec_lo, vcc_lo                         // 0000000025C4: 8B7E6A7E
	s_cbranch_execz 6                                          // 0000000025C8: BFA50006 <occ_kernel+0x25e4>
	v_mov_b32_e32 v11, 0x8528                                  // 0000000025CC: 7E1602FF 00008528
	v_mov_b32_e32 v14, -2.0                                    // 0000000025D4: 7E1C02F5
	ds_store_b32 v11, v14                                      // 0000000025D8: D8340000 00000E0B
	s_wait_dscnt 0x0                                           // 0000000025E0: BFC60000
	s_mov_b32 exec_lo, s49                                     // 0000000025E4: BEFE0031
	s_mov_b32 s49, exec_lo                                     // 0000000025E8: BEB1007E
	v_cmp_eq_u32_e32 vcc_lo, 0, v2                             // 0000000025EC: 7C940480
	s_and_b32 exec_lo, exec_lo, vcc_lo                         // 0000000025F0: 8B7E6A7E
	s_cbranch_execz 6                                          // 0000000025F4: BFA50006 <occ_kernel+0x2610>
	v_mov_b32_e32 v11, 0x852c                                  // 0000000025F8: 7E1602FF 0000852C
	v_mov_b32_e32 v14, 0                                       // 000000002600: 7E1C0280
	ds_store_b32 v11, v14                                      // 000000002604: D8340000 00000E0B
	s_wait_dscnt 0x0                                           // 00000000260C: BFC60000
	s_mov_b32 exec_lo, s49                                     // 000000002610: BEFE0031
	s_mov_b32 s49, exec_lo                                     // 000000002614: BEB1007E
	v_cmp_eq_u32_e32 vcc_lo, 0, v2                             // 000000002618: 7C940480
	s_and_b32 exec_lo, exec_lo, vcc_lo                         // 00000000261C: 8B7E6A7E
	s_cbranch_execz 6                                          // 000000002620: BFA50006 <occ_kernel+0x263c>
	v_mov_b32_e32 v11, 0x8530                                  // 000000002624: 7E1602FF 00008530
	v_mov_b32_e32 v14, 0                                       // 00000000262C: 7E1C0280
	ds_store_b32 v11, v14                                      // 000000002630: D8340000 00000E0B
	s_wait_dscnt 0x0                                           // 000000002638: BFC60000
	s_mov_b32 exec_lo, s49                                     // 00000000263C: BEFE0031
	s_mov_b32 s49, exec_lo                                     // 000000002640: BEB1007E
	v_cmp_eq_u32_e32 vcc_lo, 0, v2                             // 000000002644: 7C940480
	s_and_b32 exec_lo, exec_lo, vcc_lo                         // 000000002648: 8B7E6A7E
	s_cbranch_execz 6                                          // 00000000264C: BFA50006 <occ_kernel+0x2668>
	v_mov_b32_e32 v11, 0x8534                                  // 000000002650: 7E1602FF 00008534
	v_mov_b32_e32 v14, 0                                       // 000000002658: 7E1C0280
	ds_store_b32 v11, v14                                      // 00000000265C: D8340000 00000E0B
	s_wait_dscnt 0x0                                           // 000000002664: BFC60000
	s_mov_b32 exec_lo, s49                                     // 000000002668: BEFE0031
	s_mov_b32 s49, exec_lo                                     // 00000000266C: BEB1007E
	v_cmp_eq_u32_e32 vcc_lo, 0, v2                             // 000000002670: 7C940480
	s_and_b32 exec_lo, exec_lo, vcc_lo                         // 000000002674: 8B7E6A7E
	s_cbranch_execz 6                                          // 000000002678: BFA50006 <occ_kernel+0x2694>
	v_mov_b32_e32 v11, 0x8538                                  // 00000000267C: 7E1602FF 00008538
	v_mov_b32_e32 v14, 0                                       // 000000002684: 7E1C0280
	ds_store_b32 v11, v14                                      // 000000002688: D8340000 00000E0B
	s_wait_dscnt 0x0                                           // 000000002690: BFC60000
	s_mov_b32 exec_lo, s49                                     // 000000002694: BEFE0031
	s_mov_b32 s49, exec_lo                                     // 000000002698: BEB1007E
	v_cmp_eq_u32_e32 vcc_lo, 0, v2                             // 00000000269C: 7C940480
	s_and_b32 exec_lo, exec_lo, vcc_lo                         // 0000000026A0: 8B7E6A7E
	s_cbranch_execz 6                                          // 0000000026A4: BFA50006 <occ_kernel+0x26c0>
	v_mov_b32_e32 v11, 0x853c                                  // 0000000026A8: 7E1602FF 0000853C
	v_mov_b32_e32 v14, 0                                       // 0000000026B0: 7E1C0280
	ds_store_b32 v11, v14                                      // 0000000026B4: D8340000 00000E0B
	s_wait_dscnt 0x0                                           // 0000000026BC: BFC60000
	s_mov_b32 exec_lo, s49                                     // 0000000026C0: BEFE0031
	s_mov_b32 s49, exec_lo                                     // 0000000026C4: BEB1007E
	v_cmp_eq_u32_e32 vcc_lo, 0, v2                             // 0000000026C8: 7C940480
	s_and_b32 exec_lo, exec_lo, vcc_lo                         // 0000000026CC: 8B7E6A7E
	s_cbranch_execz 6                                          // 0000000026D0: BFA50006 <occ_kernel+0x26ec>
	v_mov_b32_e32 v11, 0x8540                                  // 0000000026D4: 7E1602FF 00008540
	v_mov_b32_e32 v14, -1                                      // 0000000026DC: 7E1C02C1
	ds_store_b32 v11, v14                                      // 0000000026E0: D8340000 00000E0B
	s_wait_dscnt 0x0                                           // 0000000026E8: BFC60000
	s_mov_b32 exec_lo, s49                                     // 0000000026EC: BEFE0031
	s_mov_b32 s49, exec_lo                                     // 0000000026F0: BEB1007E
	v_cmp_eq_u32_e32 vcc_lo, 0, v2                             // 0000000026F4: 7C940480
	s_and_b32 exec_lo, exec_lo, vcc_lo                         // 0000000026F8: 8B7E6A7E
	s_cbranch_execz 6                                          // 0000000026FC: BFA50006 <occ_kernel+0x2718>
	v_mov_b32_e32 v11, 0x8544                                  // 000000002700: 7E1602FF 00008544
	v_mov_b32_e32 v14, -1                                      // 000000002708: 7E1C02C1
	ds_store_b32 v11, v14                                      // 00000000270C: D8340000 00000E0B
	s_wait_dscnt 0x0                                           // 000000002714: BFC60000
	s_mov_b32 exec_lo, s49                                     // 000000002718: BEFE0031
	s_mov_b32 s49, exec_lo                                     // 00000000271C: BEB1007E
	v_cmp_eq_u32_e32 vcc_lo, 0, v2                             // 000000002720: 7C940480
	s_and_b32 exec_lo, exec_lo, vcc_lo                         // 000000002724: 8B7E6A7E
	s_cbranch_execz 6                                          // 000000002728: BFA50006 <occ_kernel+0x2744>
	v_mov_b32_e32 v11, 0x8548                                  // 00000000272C: 7E1602FF 00008548
	v_mov_b32_e32 v14, -2.0                                    // 000000002734: 7E1C02F5
	ds_store_b32 v11, v14                                      // 000000002738: D8340000 00000E0B
	s_wait_dscnt 0x0                                           // 000000002740: BFC60000
	s_mov_b32 exec_lo, s49                                     // 000000002744: BEFE0031
	s_mov_b32 s49, exec_lo                                     // 000000002748: BEB1007E
	v_cmp_eq_u32_e32 vcc_lo, 0, v2                             // 00000000274C: 7C940480
	s_and_b32 exec_lo, exec_lo, vcc_lo                         // 000000002750: 8B7E6A7E
	s_cbranch_execz 6                                          // 000000002754: BFA50006 <occ_kernel+0x2770>
	v_mov_b32_e32 v11, 0x854c                                  // 000000002758: 7E1602FF 0000854C
	v_mov_b32_e32 v14, 0                                       // 000000002760: 7E1C0280
	ds_store_b32 v11, v14                                      // 000000002764: D8340000 00000E0B
	s_wait_dscnt 0x0                                           // 00000000276C: BFC60000
	s_mov_b32 exec_lo, s49                                     // 000000002770: BEFE0031
	s_mov_b32 s49, exec_lo                                     // 000000002774: BEB1007E
	v_cmp_eq_u32_e32 vcc_lo, 0, v2                             // 000000002778: 7C940480
	s_and_b32 exec_lo, exec_lo, vcc_lo                         // 00000000277C: 8B7E6A7E
	s_cbranch_execz 6                                          // 000000002780: BFA50006 <occ_kernel+0x279c>
	v_mov_b32_e32 v11, 0x8550                                  // 000000002784: 7E1602FF 00008550
	v_mov_b32_e32 v14, 0                                       // 00000000278C: 7E1C0280
	ds_store_b32 v11, v14                                      // 000000002790: D8340000 00000E0B
	s_wait_dscnt 0x0                                           // 000000002798: BFC60000
	s_mov_b32 exec_lo, s49                                     // 00000000279C: BEFE0031
	s_mov_b32 s49, exec_lo                                     // 0000000027A0: BEB1007E
	v_cmp_eq_u32_e32 vcc_lo, 0, v2                             // 0000000027A4: 7C940480
	s_and_b32 exec_lo, exec_lo, vcc_lo                         // 0000000027A8: 8B7E6A7E
	s_cbranch_execz 6                                          // 0000000027AC: BFA50006 <occ_kernel+0x27c8>
	v_mov_b32_e32 v11, 0x8554                                  // 0000000027B0: 7E1602FF 00008554
	v_mov_b32_e32 v14, 0                                       // 0000000027B8: 7E1C0280
	ds_store_b32 v11, v14                                      // 0000000027BC: D8340000 00000E0B
	s_wait_dscnt 0x0                                           // 0000000027C4: BFC60000
	s_mov_b32 exec_lo, s49                                     // 0000000027C8: BEFE0031
	s_mov_b32 s49, exec_lo                                     // 0000000027CC: BEB1007E
	v_cmp_eq_u32_e32 vcc_lo, 0, v2                             // 0000000027D0: 7C940480
	s_and_b32 exec_lo, exec_lo, vcc_lo                         // 0000000027D4: 8B7E6A7E
	s_cbranch_execz 6                                          // 0000000027D8: BFA50006 <occ_kernel+0x27f4>
	v_mov_b32_e32 v11, 0x8558                                  // 0000000027DC: 7E1602FF 00008558
	v_mov_b32_e32 v14, 0                                       // 0000000027E4: 7E1C0280
	ds_store_b32 v11, v14                                      // 0000000027E8: D8340000 00000E0B
	s_wait_dscnt 0x0                                           // 0000000027F0: BFC60000
	s_mov_b32 exec_lo, s49                                     // 0000000027F4: BEFE0031
	s_mov_b32 s49, exec_lo                                     // 0000000027F8: BEB1007E
	v_cmp_eq_u32_e32 vcc_lo, 0, v2                             // 0000000027FC: 7C940480
	s_and_b32 exec_lo, exec_lo, vcc_lo                         // 000000002800: 8B7E6A7E
	s_cbranch_execz 6                                          // 000000002804: BFA50006 <occ_kernel+0x2820>
	v_mov_b32_e32 v11, 0x855c                                  // 000000002808: 7E1602FF 0000855C
	v_mov_b32_e32 v14, 0                                       // 000000002810: 7E1C0280
	ds_store_b32 v11, v14                                      // 000000002814: D8340000 00000E0B
	s_wait_dscnt 0x0                                           // 00000000281C: BFC60000
	s_mov_b32 exec_lo, s49                                     // 000000002820: BEFE0031
	s_mov_b32 s49, exec_lo                                     // 000000002824: BEB1007E
	v_cmp_eq_u32_e32 vcc_lo, 0, v2                             // 000000002828: 7C940480
	s_and_b32 exec_lo, exec_lo, vcc_lo                         // 00000000282C: 8B7E6A7E
	s_cbranch_execz 6                                          // 000000002830: BFA50006 <occ_kernel+0x284c>
	v_mov_b32_e32 v11, 0x8560                                  // 000000002834: 7E1602FF 00008560
	v_mov_b32_e32 v14, -1                                      // 00000000283C: 7E1C02C1
	ds_store_b32 v11, v14                                      // 000000002840: D8340000 00000E0B
	s_wait_dscnt 0x0                                           // 000000002848: BFC60000
	s_mov_b32 exec_lo, s49                                     // 00000000284C: BEFE0031
	s_mov_b32 s49, exec_lo                                     // 000000002850: BEB1007E
	v_cmp_eq_u32_e32 vcc_lo, 0, v2                             // 000000002854: 7C940480
	s_and_b32 exec_lo, exec_lo, vcc_lo                         // 000000002858: 8B7E6A7E
	s_cbranch_execz 6                                          // 00000000285C: BFA50006 <occ_kernel+0x2878>
	v_mov_b32_e32 v11, 0x8564                                  // 000000002860: 7E1602FF 00008564
	v_mov_b32_e32 v14, -1                                      // 000000002868: 7E1C02C1
	ds_store_b32 v11, v14                                      // 00000000286C: D8340000 00000E0B
	s_wait_dscnt 0x0                                           // 000000002874: BFC60000
	s_mov_b32 exec_lo, s49                                     // 000000002878: BEFE0031
	s_mov_b32 s49, exec_lo                                     // 00000000287C: BEB1007E
	v_cmp_eq_u32_e32 vcc_lo, 0, v2                             // 000000002880: 7C940480
	s_and_b32 exec_lo, exec_lo, vcc_lo                         // 000000002884: 8B7E6A7E
	s_cbranch_execz 6                                          // 000000002888: BFA50006 <occ_kernel+0x28a4>
	v_mov_b32_e32 v11, 0x8568                                  // 00000000288C: 7E1602FF 00008568
	v_mov_b32_e32 v14, -2.0                                    // 000000002894: 7E1C02F5
	ds_store_b32 v11, v14                                      // 000000002898: D8340000 00000E0B
	s_wait_dscnt 0x0                                           // 0000000028A0: BFC60000
	s_mov_b32 exec_lo, s49                                     // 0000000028A4: BEFE0031
	s_mov_b32 s49, exec_lo                                     // 0000000028A8: BEB1007E
	v_cmp_eq_u32_e32 vcc_lo, 0, v2                             // 0000000028AC: 7C940480
	s_and_b32 exec_lo, exec_lo, vcc_lo                         // 0000000028B0: 8B7E6A7E
	s_cbranch_execz 6                                          // 0000000028B4: BFA50006 <occ_kernel+0x28d0>
	v_mov_b32_e32 v11, 0x856c                                  // 0000000028B8: 7E1602FF 0000856C
	v_mov_b32_e32 v14, 0                                       // 0000000028C0: 7E1C0280
	ds_store_b32 v11, v14                                      // 0000000028C4: D8340000 00000E0B
	s_wait_dscnt 0x0                                           // 0000000028CC: BFC60000
	s_mov_b32 exec_lo, s49                                     // 0000000028D0: BEFE0031
	s_mov_b32 s49, exec_lo                                     // 0000000028D4: BEB1007E
	v_cmp_eq_u32_e32 vcc_lo, 0, v2                             // 0000000028D8: 7C940480
	s_and_b32 exec_lo, exec_lo, vcc_lo                         // 0000000028DC: 8B7E6A7E
	s_cbranch_execz 6                                          // 0000000028E0: BFA50006 <occ_kernel+0x28fc>
	v_mov_b32_e32 v11, 0x8570                                  // 0000000028E4: 7E1602FF 00008570
	v_mov_b32_e32 v14, 0                                       // 0000000028EC: 7E1C0280
	ds_store_b32 v11, v14                                      // 0000000028F0: D8340000 00000E0B
	s_wait_dscnt 0x0                                           // 0000000028F8: BFC60000
	s_mov_b32 exec_lo, s49                                     // 0000000028FC: BEFE0031
	s_mov_b32 s49, exec_lo                                     // 000000002900: BEB1007E
	v_cmp_eq_u32_e32 vcc_lo, 0, v2                             // 000000002904: 7C940480
	s_and_b32 exec_lo, exec_lo, vcc_lo                         // 000000002908: 8B7E6A7E
	s_cbranch_execz 6                                          // 00000000290C: BFA50006 <occ_kernel+0x2928>
	v_mov_b32_e32 v11, 0x8574                                  // 000000002910: 7E1602FF 00008574
	v_mov_b32_e32 v14, 0                                       // 000000002918: 7E1C0280
	ds_store_b32 v11, v14                                      // 00000000291C: D8340000 00000E0B
	s_wait_dscnt 0x0                                           // 000000002924: BFC60000
	s_mov_b32 exec_lo, s49                                     // 000000002928: BEFE0031
	s_mov_b32 s49, exec_lo                                     // 00000000292C: BEB1007E
	v_cmp_eq_u32_e32 vcc_lo, 0, v2                             // 000000002930: 7C940480
	s_and_b32 exec_lo, exec_lo, vcc_lo                         // 000000002934: 8B7E6A7E
	s_cbranch_execz 6                                          // 000000002938: BFA50006 <occ_kernel+0x2954>
	v_mov_b32_e32 v11, 0x8578                                  // 00000000293C: 7E1602FF 00008578
	v_mov_b32_e32 v14, 0                                       // 000000002944: 7E1C0280
	ds_store_b32 v11, v14                                      // 000000002948: D8340000 00000E0B
	s_wait_dscnt 0x0                                           // 000000002950: BFC60000
	s_mov_b32 exec_lo, s49                                     // 000000002954: BEFE0031
	s_mov_b32 s49, exec_lo                                     // 000000002958: BEB1007E
	v_cmp_eq_u32_e32 vcc_lo, 0, v2                             // 00000000295C: 7C940480
	s_and_b32 exec_lo, exec_lo, vcc_lo                         // 000000002960: 8B7E6A7E
	s_cbranch_execz 6                                          // 000000002964: BFA50006 <occ_kernel+0x2980>
	v_mov_b32_e32 v11, 0x857c                                  // 000000002968: 7E1602FF 0000857C
	v_mov_b32_e32 v14, 0                                       // 000000002970: 7E1C0280
	ds_store_b32 v11, v14                                      // 000000002974: D8340000 00000E0B
	s_wait_dscnt 0x0                                           // 00000000297C: BFC60000
	s_mov_b32 exec_lo, s49                                     // 000000002980: BEFE0031
	s_mov_b32 s49, exec_lo                                     // 000000002984: BEB1007E
	v_cmp_eq_u32_e32 vcc_lo, 0, v2                             // 000000002988: 7C940480
	s_and_b32 exec_lo, exec_lo, vcc_lo                         // 00000000298C: 8B7E6A7E
	s_cbranch_execz 6                                          // 000000002990: BFA50006 <occ_kernel+0x29ac>
	v_mov_b32_e32 v11, 0x8580                                  // 000000002994: 7E1602FF 00008580
	v_mov_b32_e32 v14, -1                                      // 00000000299C: 7E1C02C1
	ds_store_b32 v11, v14                                      // 0000000029A0: D8340000 00000E0B
	s_wait_dscnt 0x0                                           // 0000000029A8: BFC60000
	s_mov_b32 exec_lo, s49                                     // 0000000029AC: BEFE0031
	s_mov_b32 s49, exec_lo                                     // 0000000029B0: BEB1007E
	v_cmp_eq_u32_e32 vcc_lo, 0, v2                             // 0000000029B4: 7C940480
	s_and_b32 exec_lo, exec_lo, vcc_lo                         // 0000000029B8: 8B7E6A7E
	s_cbranch_execz 6                                          // 0000000029BC: BFA50006 <occ_kernel+0x29d8>
	v_mov_b32_e32 v11, 0x8584                                  // 0000000029C0: 7E1602FF 00008584
	v_mov_b32_e32 v14, -1                                      // 0000000029C8: 7E1C02C1
	ds_store_b32 v11, v14                                      // 0000000029CC: D8340000 00000E0B
	s_wait_dscnt 0x0                                           // 0000000029D4: BFC60000
	s_mov_b32 exec_lo, s49                                     // 0000000029D8: BEFE0031
	s_mov_b32 s49, exec_lo                                     // 0000000029DC: BEB1007E
	v_cmp_eq_u32_e32 vcc_lo, 0, v2                             // 0000000029E0: 7C940480
	s_and_b32 exec_lo, exec_lo, vcc_lo                         // 0000000029E4: 8B7E6A7E
	s_cbranch_execz 6                                          // 0000000029E8: BFA50006 <occ_kernel+0x2a04>
	v_mov_b32_e32 v11, 0x8588                                  // 0000000029EC: 7E1602FF 00008588
	v_mov_b32_e32 v14, -2.0                                    // 0000000029F4: 7E1C02F5
	ds_store_b32 v11, v14                                      // 0000000029F8: D8340000 00000E0B
	s_wait_dscnt 0x0                                           // 000000002A00: BFC60000
	s_mov_b32 exec_lo, s49                                     // 000000002A04: BEFE0031
	s_mov_b32 s49, exec_lo                                     // 000000002A08: BEB1007E
	v_cmp_eq_u32_e32 vcc_lo, 0, v2                             // 000000002A0C: 7C940480
	s_and_b32 exec_lo, exec_lo, vcc_lo                         // 000000002A10: 8B7E6A7E
	s_cbranch_execz 6                                          // 000000002A14: BFA50006 <occ_kernel+0x2a30>
	v_mov_b32_e32 v11, 0x858c                                  // 000000002A18: 7E1602FF 0000858C
	v_mov_b32_e32 v14, 0                                       // 000000002A20: 7E1C0280
	ds_store_b32 v11, v14                                      // 000000002A24: D8340000 00000E0B
	s_wait_dscnt 0x0                                           // 000000002A2C: BFC60000
	s_mov_b32 exec_lo, s49                                     // 000000002A30: BEFE0031
	s_mov_b32 s49, exec_lo                                     // 000000002A34: BEB1007E
	v_cmp_eq_u32_e32 vcc_lo, 0, v2                             // 000000002A38: 7C940480
	s_and_b32 exec_lo, exec_lo, vcc_lo                         // 000000002A3C: 8B7E6A7E
	s_cbranch_execz 6                                          // 000000002A40: BFA50006 <occ_kernel+0x2a5c>
	v_mov_b32_e32 v11, 0x8590                                  // 000000002A44: 7E1602FF 00008590
	v_mov_b32_e32 v14, 0                                       // 000000002A4C: 7E1C0280
	ds_store_b32 v11, v14                                      // 000000002A50: D8340000 00000E0B
	s_wait_dscnt 0x0                                           // 000000002A58: BFC60000
	s_mov_b32 exec_lo, s49                                     // 000000002A5C: BEFE0031
	s_mov_b32 s49, exec_lo                                     // 000000002A60: BEB1007E
	v_cmp_eq_u32_e32 vcc_lo, 0, v2                             // 000000002A64: 7C940480
	s_and_b32 exec_lo, exec_lo, vcc_lo                         // 000000002A68: 8B7E6A7E
	s_cbranch_execz 6                                          // 000000002A6C: BFA50006 <occ_kernel+0x2a88>
	v_mov_b32_e32 v11, 0x8594                                  // 000000002A70: 7E1602FF 00008594
	v_mov_b32_e32 v14, 0                                       // 000000002A78: 7E1C0280
	ds_store_b32 v11, v14                                      // 000000002A7C: D8340000 00000E0B
	s_wait_dscnt 0x0                                           // 000000002A84: BFC60000
	s_mov_b32 exec_lo, s49                                     // 000000002A88: BEFE0031
	s_mov_b32 s49, exec_lo                                     // 000000002A8C: BEB1007E
	v_cmp_eq_u32_e32 vcc_lo, 0, v2                             // 000000002A90: 7C940480
	s_and_b32 exec_lo, exec_lo, vcc_lo                         // 000000002A94: 8B7E6A7E
	s_cbranch_execz 6                                          // 000000002A98: BFA50006 <occ_kernel+0x2ab4>
	v_mov_b32_e32 v11, 0x8598                                  // 000000002A9C: 7E1602FF 00008598
	v_mov_b32_e32 v14, 0                                       // 000000002AA4: 7E1C0280
	ds_store_b32 v11, v14                                      // 000000002AA8: D8340000 00000E0B
	s_wait_dscnt 0x0                                           // 000000002AB0: BFC60000
	s_mov_b32 exec_lo, s49                                     // 000000002AB4: BEFE0031
	s_mov_b32 s49, exec_lo                                     // 000000002AB8: BEB1007E
	v_cmp_eq_u32_e32 vcc_lo, 0, v2                             // 000000002ABC: 7C940480
	s_and_b32 exec_lo, exec_lo, vcc_lo                         // 000000002AC0: 8B7E6A7E
	s_cbranch_execz 6                                          // 000000002AC4: BFA50006 <occ_kernel+0x2ae0>
	v_mov_b32_e32 v11, 0x859c                                  // 000000002AC8: 7E1602FF 0000859C
	v_mov_b32_e32 v14, 0                                       // 000000002AD0: 7E1C0280
	ds_store_b32 v11, v14                                      // 000000002AD4: D8340000 00000E0B
	s_wait_dscnt 0x0                                           // 000000002ADC: BFC60000
	s_mov_b32 exec_lo, s49                                     // 000000002AE0: BEFE0031
	s_mov_b32 s49, exec_lo                                     // 000000002AE4: BEB1007E
	v_cmp_eq_u32_e32 vcc_lo, 0, v2                             // 000000002AE8: 7C940480
	s_and_b32 exec_lo, exec_lo, vcc_lo                         // 000000002AEC: 8B7E6A7E
	s_cbranch_execz 6                                          // 000000002AF0: BFA50006 <occ_kernel+0x2b0c>
	v_mov_b32_e32 v11, 0x85a0                                  // 000000002AF4: 7E1602FF 000085A0
	v_mov_b32_e32 v14, -1                                      // 000000002AFC: 7E1C02C1
	ds_store_b32 v11, v14                                      // 000000002B00: D8340000 00000E0B
	s_wait_dscnt 0x0                                           // 000000002B08: BFC60000
	s_mov_b32 exec_lo, s49                                     // 000000002B0C: BEFE0031
	s_mov_b32 s49, exec_lo                                     // 000000002B10: BEB1007E
	v_cmp_eq_u32_e32 vcc_lo, 0, v2                             // 000000002B14: 7C940480
	s_and_b32 exec_lo, exec_lo, vcc_lo                         // 000000002B18: 8B7E6A7E
	s_cbranch_execz 6                                          // 000000002B1C: BFA50006 <occ_kernel+0x2b38>
	v_mov_b32_e32 v11, 0x85a4                                  // 000000002B20: 7E1602FF 000085A4
	v_mov_b32_e32 v14, -1                                      // 000000002B28: 7E1C02C1
	ds_store_b32 v11, v14                                      // 000000002B2C: D8340000 00000E0B
	s_wait_dscnt 0x0                                           // 000000002B34: BFC60000
	s_mov_b32 exec_lo, s49                                     // 000000002B38: BEFE0031
	s_mov_b32 s49, exec_lo                                     // 000000002B3C: BEB1007E
	v_cmp_eq_u32_e32 vcc_lo, 0, v2                             // 000000002B40: 7C940480
	s_and_b32 exec_lo, exec_lo, vcc_lo                         // 000000002B44: 8B7E6A7E
	s_cbranch_execz 6                                          // 000000002B48: BFA50006 <occ_kernel+0x2b64>
	v_mov_b32_e32 v11, 0x85a8                                  // 000000002B4C: 7E1602FF 000085A8
	v_mov_b32_e32 v14, -2.0                                    // 000000002B54: 7E1C02F5
	ds_store_b32 v11, v14                                      // 000000002B58: D8340000 00000E0B
	s_wait_dscnt 0x0                                           // 000000002B60: BFC60000
	s_mov_b32 exec_lo, s49                                     // 000000002B64: BEFE0031
	s_mov_b32 s49, exec_lo                                     // 000000002B68: BEB1007E
	v_cmp_eq_u32_e32 vcc_lo, 0, v2                             // 000000002B6C: 7C940480
	s_and_b32 exec_lo, exec_lo, vcc_lo                         // 000000002B70: 8B7E6A7E
	s_cbranch_execz 6                                          // 000000002B74: BFA50006 <occ_kernel+0x2b90>
	v_mov_b32_e32 v11, 0x85ac                                  // 000000002B78: 7E1602FF 000085AC
	v_mov_b32_e32 v14, 0                                       // 000000002B80: 7E1C0280
	ds_store_b32 v11, v14                                      // 000000002B84: D8340000 00000E0B
	s_wait_dscnt 0x0                                           // 000000002B8C: BFC60000
	s_mov_b32 exec_lo, s49                                     // 000000002B90: BEFE0031
	s_mov_b32 s49, exec_lo                                     // 000000002B94: BEB1007E
	v_cmp_eq_u32_e32 vcc_lo, 0, v2                             // 000000002B98: 7C940480
	s_and_b32 exec_lo, exec_lo, vcc_lo                         // 000000002B9C: 8B7E6A7E
	s_cbranch_execz 6                                          // 000000002BA0: BFA50006 <occ_kernel+0x2bbc>
	v_mov_b32_e32 v11, 0x85b0                                  // 000000002BA4: 7E1602FF 000085B0
	v_mov_b32_e32 v14, 0                                       // 000000002BAC: 7E1C0280
	ds_store_b32 v11, v14                                      // 000000002BB0: D8340000 00000E0B
	s_wait_dscnt 0x0                                           // 000000002BB8: BFC60000
	s_mov_b32 exec_lo, s49                                     // 000000002BBC: BEFE0031
	s_mov_b32 s49, exec_lo                                     // 000000002BC0: BEB1007E
	v_cmp_eq_u32_e32 vcc_lo, 0, v2                             // 000000002BC4: 7C940480
	s_and_b32 exec_lo, exec_lo, vcc_lo                         // 000000002BC8: 8B7E6A7E
	s_cbranch_execz 6                                          // 000000002BCC: BFA50006 <occ_kernel+0x2be8>
	v_mov_b32_e32 v11, 0x85b4                                  // 000000002BD0: 7E1602FF 000085B4
	v_mov_b32_e32 v14, 0                                       // 000000002BD8: 7E1C0280
	ds_store_b32 v11, v14                                      // 000000002BDC: D8340000 00000E0B
	s_wait_dscnt 0x0                                           // 000000002BE4: BFC60000
	s_mov_b32 exec_lo, s49                                     // 000000002BE8: BEFE0031
	s_mov_b32 s49, exec_lo                                     // 000000002BEC: BEB1007E
	v_cmp_eq_u32_e32 vcc_lo, 0, v2                             // 000000002BF0: 7C940480
	s_and_b32 exec_lo, exec_lo, vcc_lo                         // 000000002BF4: 8B7E6A7E
	s_cbranch_execz 6                                          // 000000002BF8: BFA50006 <occ_kernel+0x2c14>
	v_mov_b32_e32 v11, 0x85b8                                  // 000000002BFC: 7E1602FF 000085B8
	v_mov_b32_e32 v14, 0                                       // 000000002C04: 7E1C0280
	ds_store_b32 v11, v14                                      // 000000002C08: D8340000 00000E0B
	s_wait_dscnt 0x0                                           // 000000002C10: BFC60000
	s_mov_b32 exec_lo, s49                                     // 000000002C14: BEFE0031
	s_mov_b32 s49, exec_lo                                     // 000000002C18: BEB1007E
	v_cmp_eq_u32_e32 vcc_lo, 0, v2                             // 000000002C1C: 7C940480
	s_and_b32 exec_lo, exec_lo, vcc_lo                         // 000000002C20: 8B7E6A7E
	s_cbranch_execz 6                                          // 000000002C24: BFA50006 <occ_kernel+0x2c40>
	v_mov_b32_e32 v11, 0x85bc                                  // 000000002C28: 7E1602FF 000085BC
	v_mov_b32_e32 v14, 0                                       // 000000002C30: 7E1C0280
	ds_store_b32 v11, v14                                      // 000000002C34: D8340000 00000E0B
	s_wait_dscnt 0x0                                           // 000000002C3C: BFC60000
	s_mov_b32 exec_lo, s49                                     // 000000002C40: BEFE0031
	s_mov_b32 s49, exec_lo                                     // 000000002C44: BEB1007E
	v_cmp_eq_u32_e32 vcc_lo, 0, v2                             // 000000002C48: 7C940480
	s_and_b32 exec_lo, exec_lo, vcc_lo                         // 000000002C4C: 8B7E6A7E
	s_cbranch_execz 6                                          // 000000002C50: BFA50006 <occ_kernel+0x2c6c>
	v_mov_b32_e32 v11, 0x85c0                                  // 000000002C54: 7E1602FF 000085C0
	v_mov_b32_e32 v14, -1                                      // 000000002C5C: 7E1C02C1
	ds_store_b32 v11, v14                                      // 000000002C60: D8340000 00000E0B
	s_wait_dscnt 0x0                                           // 000000002C68: BFC60000
	s_mov_b32 exec_lo, s49                                     // 000000002C6C: BEFE0031
	s_mov_b32 s49, exec_lo                                     // 000000002C70: BEB1007E
	v_cmp_eq_u32_e32 vcc_lo, 0, v2                             // 000000002C74: 7C940480
	s_and_b32 exec_lo, exec_lo, vcc_lo                         // 000000002C78: 8B7E6A7E
	s_cbranch_execz 6                                          // 000000002C7C: BFA50006 <occ_kernel+0x2c98>
	v_mov_b32_e32 v11, 0x85c4                                  // 000000002C80: 7E1602FF 000085C4
	v_mov_b32_e32 v14, -1                                      // 000000002C88: 7E1C02C1
	ds_store_b32 v11, v14                                      // 000000002C8C: D8340000 00000E0B
	s_wait_dscnt 0x0                                           // 000000002C94: BFC60000
	s_mov_b32 exec_lo, s49                                     // 000000002C98: BEFE0031
	s_mov_b32 s49, exec_lo                                     // 000000002C9C: BEB1007E
	v_cmp_eq_u32_e32 vcc_lo, 0, v2                             // 000000002CA0: 7C940480
	s_and_b32 exec_lo, exec_lo, vcc_lo                         // 000000002CA4: 8B7E6A7E
	s_cbranch_execz 6                                          // 000000002CA8: BFA50006 <occ_kernel+0x2cc4>
	v_mov_b32_e32 v11, 0x85c8                                  // 000000002CAC: 7E1602FF 000085C8
	v_mov_b32_e32 v14, -2.0                                    // 000000002CB4: 7E1C02F5
	ds_store_b32 v11, v14                                      // 000000002CB8: D8340000 00000E0B
	s_wait_dscnt 0x0                                           // 000000002CC0: BFC60000
	s_mov_b32 exec_lo, s49                                     // 000000002CC4: BEFE0031
	s_mov_b32 s49, exec_lo                                     // 000000002CC8: BEB1007E
	v_cmp_eq_u32_e32 vcc_lo, 0, v2                             // 000000002CCC: 7C940480
	s_and_b32 exec_lo, exec_lo, vcc_lo                         // 000000002CD0: 8B7E6A7E
	s_cbranch_execz 6                                          // 000000002CD4: BFA50006 <occ_kernel+0x2cf0>
	v_mov_b32_e32 v11, 0x85cc                                  // 000000002CD8: 7E1602FF 000085CC
	v_mov_b32_e32 v14, 0                                       // 000000002CE0: 7E1C0280
	ds_store_b32 v11, v14                                      // 000000002CE4: D8340000 00000E0B
	s_wait_dscnt 0x0                                           // 000000002CEC: BFC60000
	s_mov_b32 exec_lo, s49                                     // 000000002CF0: BEFE0031
	s_mov_b32 s49, exec_lo                                     // 000000002CF4: BEB1007E
	v_cmp_eq_u32_e32 vcc_lo, 0, v2                             // 000000002CF8: 7C940480
	s_and_b32 exec_lo, exec_lo, vcc_lo                         // 000000002CFC: 8B7E6A7E
	s_cbranch_execz 6                                          // 000000002D00: BFA50006 <occ_kernel+0x2d1c>
	v_mov_b32_e32 v11, 0x85d0                                  // 000000002D04: 7E1602FF 000085D0
	v_mov_b32_e32 v14, 0                                       // 000000002D0C: 7E1C0280
	ds_store_b32 v11, v14                                      // 000000002D10: D8340000 00000E0B
	s_wait_dscnt 0x0                                           // 000000002D18: BFC60000
	s_mov_b32 exec_lo, s49                                     // 000000002D1C: BEFE0031
	s_mov_b32 s49, exec_lo                                     // 000000002D20: BEB1007E
	v_cmp_eq_u32_e32 vcc_lo, 0, v2                             // 000000002D24: 7C940480
	s_and_b32 exec_lo, exec_lo, vcc_lo                         // 000000002D28: 8B7E6A7E
	s_cbranch_execz 6                                          // 000000002D2C: BFA50006 <occ_kernel+0x2d48>
	v_mov_b32_e32 v11, 0x85d4                                  // 000000002D30: 7E1602FF 000085D4
	v_mov_b32_e32 v14, 0                                       // 000000002D38: 7E1C0280
	ds_store_b32 v11, v14                                      // 000000002D3C: D8340000 00000E0B
	s_wait_dscnt 0x0                                           // 000000002D44: BFC60000
	s_mov_b32 exec_lo, s49                                     // 000000002D48: BEFE0031
	s_mov_b32 s49, exec_lo                                     // 000000002D4C: BEB1007E
	v_cmp_eq_u32_e32 vcc_lo, 0, v2                             // 000000002D50: 7C940480
	s_and_b32 exec_lo, exec_lo, vcc_lo                         // 000000002D54: 8B7E6A7E
	s_cbranch_execz 6                                          // 000000002D58: BFA50006 <occ_kernel+0x2d74>
	v_mov_b32_e32 v11, 0x85d8                                  // 000000002D5C: 7E1602FF 000085D8
	v_mov_b32_e32 v14, 0                                       // 000000002D64: 7E1C0280
	ds_store_b32 v11, v14                                      // 000000002D68: D8340000 00000E0B
	s_wait_dscnt 0x0                                           // 000000002D70: BFC60000
	s_mov_b32 exec_lo, s49                                     // 000000002D74: BEFE0031
	s_mov_b32 s49, exec_lo                                     // 000000002D78: BEB1007E
	v_cmp_eq_u32_e32 vcc_lo, 0, v2                             // 000000002D7C: 7C940480
	s_and_b32 exec_lo, exec_lo, vcc_lo                         // 000000002D80: 8B7E6A7E
	s_cbranch_execz 6                                          // 000000002D84: BFA50006 <occ_kernel+0x2da0>
	v_mov_b32_e32 v11, 0x85dc                                  // 000000002D88: 7E1602FF 000085DC
	v_mov_b32_e32 v14, 0                                       // 000000002D90: 7E1C0280
	ds_store_b32 v11, v14                                      // 000000002D94: D8340000 00000E0B
	s_wait_dscnt 0x0                                           // 000000002D9C: BFC60000
	s_mov_b32 exec_lo, s49                                     // 000000002DA0: BEFE0031
	s_mov_b32 s49, exec_lo                                     // 000000002DA4: BEB1007E
	v_cmp_eq_u32_e32 vcc_lo, 0, v2                             // 000000002DA8: 7C940480
	s_and_b32 exec_lo, exec_lo, vcc_lo                         // 000000002DAC: 8B7E6A7E
	s_cbranch_execz 6                                          // 000000002DB0: BFA50006 <occ_kernel+0x2dcc>
	v_mov_b32_e32 v11, 0x85e0                                  // 000000002DB4: 7E1602FF 000085E0
	v_mov_b32_e32 v14, -1                                      // 000000002DBC: 7E1C02C1
	ds_store_b32 v11, v14                                      // 000000002DC0: D8340000 00000E0B
	s_wait_dscnt 0x0                                           // 000000002DC8: BFC60000
	s_mov_b32 exec_lo, s49                                     // 000000002DCC: BEFE0031
	s_mov_b32 s49, exec_lo                                     // 000000002DD0: BEB1007E
	v_cmp_eq_u32_e32 vcc_lo, 0, v2                             // 000000002DD4: 7C940480
	s_and_b32 exec_lo, exec_lo, vcc_lo                         // 000000002DD8: 8B7E6A7E
	s_cbranch_execz 6                                          // 000000002DDC: BFA50006 <occ_kernel+0x2df8>
	v_mov_b32_e32 v11, 0x85e4                                  // 000000002DE0: 7E1602FF 000085E4
	v_mov_b32_e32 v14, -1                                      // 000000002DE8: 7E1C02C1
	ds_store_b32 v11, v14                                      // 000000002DEC: D8340000 00000E0B
	s_wait_dscnt 0x0                                           // 000000002DF4: BFC60000
	s_mov_b32 exec_lo, s49                                     // 000000002DF8: BEFE0031
	s_mov_b32 s49, exec_lo                                     // 000000002DFC: BEB1007E
	v_cmp_eq_u32_e32 vcc_lo, 0, v2                             // 000000002E00: 7C940480
	s_and_b32 exec_lo, exec_lo, vcc_lo                         // 000000002E04: 8B7E6A7E
	s_cbranch_execz 6                                          // 000000002E08: BFA50006 <occ_kernel+0x2e24>
	v_mov_b32_e32 v11, 0x85e8                                  // 000000002E0C: 7E1602FF 000085E8
	v_mov_b32_e32 v14, -2.0                                    // 000000002E14: 7E1C02F5
	ds_store_b32 v11, v14                                      // 000000002E18: D8340000 00000E0B
	s_wait_dscnt 0x0                                           // 000000002E20: BFC60000
	s_mov_b32 exec_lo, s49                                     // 000000002E24: BEFE0031
	s_mov_b32 s49, exec_lo                                     // 000000002E28: BEB1007E
	v_cmp_eq_u32_e32 vcc_lo, 0, v2                             // 000000002E2C: 7C940480
	s_and_b32 exec_lo, exec_lo, vcc_lo                         // 000000002E30: 8B7E6A7E
	s_cbranch_execz 6                                          // 000000002E34: BFA50006 <occ_kernel+0x2e50>
	v_mov_b32_e32 v11, 0x85ec                                  // 000000002E38: 7E1602FF 000085EC
	v_mov_b32_e32 v14, 0                                       // 000000002E40: 7E1C0280
	ds_store_b32 v11, v14                                      // 000000002E44: D8340000 00000E0B
	s_wait_dscnt 0x0                                           // 000000002E4C: BFC60000
	s_mov_b32 exec_lo, s49                                     // 000000002E50: BEFE0031
	s_mov_b32 s49, exec_lo                                     // 000000002E54: BEB1007E
	v_cmp_eq_u32_e32 vcc_lo, 0, v2                             // 000000002E58: 7C940480
	s_and_b32 exec_lo, exec_lo, vcc_lo                         // 000000002E5C: 8B7E6A7E
	s_cbranch_execz 6                                          // 000000002E60: BFA50006 <occ_kernel+0x2e7c>
	v_mov_b32_e32 v11, 0x85f0                                  // 000000002E64: 7E1602FF 000085F0
	v_mov_b32_e32 v14, 0                                       // 000000002E6C: 7E1C0280
	ds_store_b32 v11, v14                                      // 000000002E70: D8340000 00000E0B
	s_wait_dscnt 0x0                                           // 000000002E78: BFC60000
	s_mov_b32 exec_lo, s49                                     // 000000002E7C: BEFE0031
	s_mov_b32 s49, exec_lo                                     // 000000002E80: BEB1007E
	v_cmp_eq_u32_e32 vcc_lo, 0, v2                             // 000000002E84: 7C940480
	s_and_b32 exec_lo, exec_lo, vcc_lo                         // 000000002E88: 8B7E6A7E
	s_cbranch_execz 6                                          // 000000002E8C: BFA50006 <occ_kernel+0x2ea8>
	v_mov_b32_e32 v11, 0x85f4                                  // 000000002E90: 7E1602FF 000085F4
	v_mov_b32_e32 v14, 0                                       // 000000002E98: 7E1C0280
	ds_store_b32 v11, v14                                      // 000000002E9C: D8340000 00000E0B
	s_wait_dscnt 0x0                                           // 000000002EA4: BFC60000
	s_mov_b32 exec_lo, s49                                     // 000000002EA8: BEFE0031
	s_mov_b32 s49, exec_lo                                     // 000000002EAC: BEB1007E
	v_cmp_eq_u32_e32 vcc_lo, 0, v2                             // 000000002EB0: 7C940480
	s_and_b32 exec_lo, exec_lo, vcc_lo                         // 000000002EB4: 8B7E6A7E
	s_cbranch_execz 6                                          // 000000002EB8: BFA50006 <occ_kernel+0x2ed4>
	v_mov_b32_e32 v11, 0x85f8                                  // 000000002EBC: 7E1602FF 000085F8
	v_mov_b32_e32 v14, 0                                       // 000000002EC4: 7E1C0280
	ds_store_b32 v11, v14                                      // 000000002EC8: D8340000 00000E0B
	s_wait_dscnt 0x0                                           // 000000002ED0: BFC60000
	s_mov_b32 exec_lo, s49                                     // 000000002ED4: BEFE0031
	s_mov_b32 s49, exec_lo                                     // 000000002ED8: BEB1007E
	v_cmp_eq_u32_e32 vcc_lo, 0, v2                             // 000000002EDC: 7C940480
	s_and_b32 exec_lo, exec_lo, vcc_lo                         // 000000002EE0: 8B7E6A7E
	s_cbranch_execz 6                                          // 000000002EE4: BFA50006 <occ_kernel+0x2f00>
	v_mov_b32_e32 v11, 0x85fc                                  // 000000002EE8: 7E1602FF 000085FC
	v_mov_b32_e32 v14, 0                                       // 000000002EF0: 7E1C0280
	ds_store_b32 v11, v14                                      // 000000002EF4: D8340000 00000E0B
	s_wait_dscnt 0x0                                           // 000000002EFC: BFC60000
	s_mov_b32 exec_lo, s49                                     // 000000002F00: BEFE0031
	s_lshl_b32 s45, 2, s68                                     // 000000002F04: 842D4482
	s_sub_co_u32 s45, 0, s45                                   // 000000002F08: 80AD2D80
	s_mov_b32 s49, exec_lo                                     // 000000002F0C: BEB1007E
	v_cmp_eq_u32_e32 vcc_lo, 0, v2                             // 000000002F10: 7C940480
	s_and_b32 exec_lo, exec_lo, vcc_lo                         // 000000002F14: 8B7E6A7E
	s_cbranch_execz 6                                          // 000000002F18: BFA50006 <occ_kernel+0x2f34>
	v_mov_b32_e32 v11, 0x8c                                    // 000000002F1C: 7E1602FF 0000008C
	v_mov_b32_e32 v14, s45                                     // 000000002F24: 7E1C022D
	ds_store_b32 v11, v14                                      // 000000002F28: D8340000 00000E0B
	s_wait_dscnt 0x0                                           // 000000002F30: BFC60000
	s_mov_b32 exec_lo, s49                                     // 000000002F34: BEFE0031
	s_mov_b32 s49, exec_lo                                     // 000000002F38: BEB1007E
	v_cmp_eq_u32_e32 vcc_lo, 0, v2                             // 000000002F3C: 7C940480
	s_and_b32 exec_lo, exec_lo, vcc_lo                         // 000000002F40: 8B7E6A7E
	s_cbranch_execz 6                                          // 000000002F44: BFA50006 <occ_kernel+0x2f60>
	v_mov_b32_e32 v11, 0x1fc                                   // 000000002F48: 7E1602FF 000001FC
	v_mov_b32_e32 v14, 0                                       // 000000002F50: 7E1C0280
	ds_store_b32 v11, v14                                      // 000000002F54: D8340000 00000E0B
	s_wait_dscnt 0x0                                           // 000000002F5C: BFC60000
	s_mov_b32 exec_lo, s49                                     // 000000002F60: BEFE0031
	s_mov_b32 s49, exec_lo                                     // 000000002F64: BEB1007E
	v_cmp_eq_u32_e32 vcc_lo, 0, v2                             // 000000002F68: 7C940480
	s_and_b32 exec_lo, exec_lo, vcc_lo                         // 000000002F6C: 8B7E6A7E
	s_cbranch_execz 6                                          // 000000002F70: BFA50006 <occ_kernel+0x2f8c>
	v_mov_b32_e32 v11, 0x90                                    // 000000002F74: 7E1602FF 00000090
	v_mov_b32_e32 v14, 0                                       // 000000002F7C: 7E1C0280
	ds_store_b32 v11, v14                                      // 000000002F80: D8340000 00000E0B
	s_wait_dscnt 0x0                                           // 000000002F88: BFC60000
	s_mov_b32 exec_lo, s49                                     // 000000002F8C: BEFE0031
	s_mov_b32 s49, exec_lo                                     // 000000002F90: BEB1007E
	v_cmp_eq_u32_e32 vcc_lo, 0, v2                             // 000000002F94: 7C940480
	s_and_b32 exec_lo, exec_lo, vcc_lo                         // 000000002F98: 8B7E6A7E
	s_cbranch_execz 6                                          // 000000002F9C: BFA50006 <occ_kernel+0x2fb8>
	v_mov_b32_e32 v11, 0x1f8                                   // 000000002FA0: 7E1602FF 000001F8
	v_mov_b32_e32 v14, 0                                       // 000000002FA8: 7E1C0280
	ds_store_b32 v11, v14                                      // 000000002FAC: D8340000 00000E0B
	s_wait_dscnt 0x0                                           // 000000002FB4: BFC60000
	s_mov_b32 exec_lo, s49                                     // 000000002FB8: BEFE0031
	s_mov_b32 s49, exec_lo                                     // 000000002FBC: BEB1007E
	v_cmp_eq_u32_e32 vcc_lo, 0, v2                             // 000000002FC0: 7C940480
	s_and_b32 exec_lo, exec_lo, vcc_lo                         // 000000002FC4: 8B7E6A7E
	s_cbranch_execz 6                                          // 000000002FC8: BFA50006 <occ_kernel+0x2fe4>
	v_mov_b32_e32 v11, 0x1f0                                   // 000000002FCC: 7E1602FF 000001F0
	v_mov_b32_e32 v14, 0                                       // 000000002FD4: 7E1C0280
	ds_store_b32 v11, v14                                      // 000000002FD8: D8340000 00000E0B
	s_wait_dscnt 0x0                                           // 000000002FE0: BFC60000
	s_mov_b32 exec_lo, s49                                     // 000000002FE4: BEFE0031
	s_mov_b32 s49, exec_lo                                     // 000000002FE8: BEB1007E
	v_cmp_eq_u32_e32 vcc_lo, 0, v2                             // 000000002FEC: 7C940480
	s_and_b32 exec_lo, exec_lo, vcc_lo                         // 000000002FF0: 8B7E6A7E
	s_cbranch_execz 6                                          // 000000002FF4: BFA50006 <occ_kernel+0x3010>
	v_mov_b32_e32 v11, 0x1f4                                   // 000000002FF8: 7E1602FF 000001F4
	v_mov_b32_e32 v14, 0                                       // 000000003000: 7E1C0280
	ds_store_b32 v11, v14                                      // 000000003004: D8340000 00000E0B
	s_wait_dscnt 0x0                                           // 00000000300C: BFC60000
	s_mov_b32 exec_lo, s49                                     // 000000003010: BEFE0031
	s_mov_b32 s49, exec_lo                                     // 000000003014: BEB1007E
	v_cmp_eq_u32_e32 vcc_lo, 0, v2                             // 000000003018: 7C940480
	s_and_b32 exec_lo, exec_lo, vcc_lo                         // 00000000301C: 8B7E6A7E
	s_cbranch_execz 6                                          // 000000003020: BFA50006 <occ_kernel+0x303c>
	v_mov_b32_e32 v11, 12                                      // 000000003024: 7E16028C
	v_mov_b32_e32 v14, 0xaced                                  // 000000003028: 7E1C02FF 0000ACED
	ds_store_b32 v11, v14                                      // 000000003030: D8340000 00000E0B
	s_wait_dscnt 0x0                                           // 000000003038: BFC60000
	s_mov_b32 exec_lo, s49                                     // 00000000303C: BEFE0031
	global_load_b32 v6, v4, s[0:1] offset:24 scope:SCOPE_DEV   // 000000003040: EE050000 00080006 00001804
	s_wait_loadcnt 0x0                                         // 00000000304C: BFC00000
	v_readfirstlane_b32 s69, v6                                // 000000003050: 7E8A0506
	s_barrier_signal -1                                        // 000000003054: BE804EC1
	s_barrier_wait 0xffff                                      // 000000003058: BF94FFFF
	s_branch 31                                                // 00000000305C: BFA0001F <occ_kernel+0x30dc>
	s_sleep 1                                                  // 000000003060: BF830001
	s_add_co_u32 s71, s71, 1                                   // 000000003064: 80478147
	s_cmp_ge_u32 s71, 64                                       // 000000003068: BF09C047
	s_cbranch_scc0 12                                          // 00000000306C: BFA1000C <occ_kernel+0x30a0>
	s_mov_b32 s71, 0                                           // 000000003070: BEC70080
	s_sendmsg_rtn_b64 s[62:63], sendmsg(MSG_RTN_GET_REALTIME)  // 000000003074: BEBE4D83
	s_wait_kmcnt 0x0                                           // 000000003078: BFC70000
	s_cmp_lg_u32 s101, 0                                       // 00000000307C: BF078065
	s_cbranch_scc0 3                                           // 000000003080: BFA10003 <occ_kernel+0x3090>
	s_mov_b32 s70, s62                                         // 000000003084: BEC6003E
	s_mov_b32 s101, 0                                          // 000000003088: BEE50080
	s_branch 4                                                 // 00000000308C: BFA00004 <occ_kernel+0x30a0>
	s_sub_co_u32 s62, s62, s70                                 // 000000003090: 80BE463E
	s_cmp_ge_u32 s62, 0x2faf080                                // 000000003094: BF09FF3E 02FAF080
	s_cbranch_scc1 3934                                        // 00000000309C: BFA20F5E <occ_kernel+0x6e18>
	v_mov_b32_e32 v11, 12                                      // 0000000030A0: 7E16028C
	ds_load_b32 v14, v11                                       // 0000000030A4: D8D80000 0E00000B
	s_wait_dscnt 0x0                                           // 0000000030AC: BFC60000
	v_readfirstlane_b32 s44, v14                               // 0000000030B0: 7E58050E
	s_cmp_eq_u32 s44, 0xaced                                   // 0000000030B4: BF06FF2C 0000ACED
	s_cbranch_scc0 65512                                       // 0000000030BC: BFA1FFE8 <occ_kernel+0x3060>
	global_load_b32 v6, v4, s[0:1] offset:24 scope:SCOPE_DEV   // 0000000030C0: EE050000 00080006 00001804
	s_wait_loadcnt 0x0                                         // 0000000030CC: BFC00000
	v_readfirstlane_b32 s69, v6                                // 0000000030D0: 7E8A0506
	s_barrier_signal -1                                        // 0000000030D4: BE804EC1
	s_barrier_wait 0xffff                                      // 0000000030D8: BF94FFFF
	s_add_co_u32 s71, s71, 1                                   // 0000000030DC: 80478147
	s_cmp_ge_u32 s71, 64                                       // 0000000030E0: BF09C047
	s_cbranch_scc0 12                                          // 0000000030E4: BFA1000C <occ_kernel+0x3118>
	s_mov_b32 s71, 0                                           // 0000000030E8: BEC70080
	s_sendmsg_rtn_b64 s[62:63], sendmsg(MSG_RTN_GET_REALTIME)  // 0000000030EC: BEBE4D83
	s_wait_kmcnt 0x0                                           // 0000000030F0: BFC70000
	s_cmp_lg_u32 s101, 0                                       // 0000000030F4: BF078065
	s_cbranch_scc0 3                                           // 0000000030F8: BFA10003 <occ_kernel+0x3108>
	s_mov_b32 s70, s62                                         // 0000000030FC: BEC6003E
	s_mov_b32 s101, 0                                          // 000000003100: BEE50080
	s_branch 4                                                 // 000000003104: BFA00004 <occ_kernel+0x3118>
	s_sub_co_u32 s62, s62, s70                                 // 000000003108: 80BE463E
	s_cmp_ge_u32 s62, 0x2faf080                                // 00000000310C: BF09FF3E 02FAF080
	s_cbranch_scc1 3904                                        // 000000003114: BFA20F40 <occ_kernel+0x6e18>
	s_cmp_eq_u32 s24, 2                                        // 000000003118: BF068218
	s_cbranch_scc1 0                                           // 00000000311C: BFA20000 <occ_kernel+0x3120>
	s_cmp_eq_u32 s24, 0                                        // 000000003120: BF068018
	s_cbranch_scc0 1                                           // 000000003124: BFA10001 <occ_kernel+0x312c>
	s_branch 0                                                 // 000000003128: BFA00000 <occ_kernel+0x312c>
	s_lshl_b32 s45, s24, 2                                     // 00000000312C: 842D8218
	s_add_co_u32 s45, s45, 20                                  // 000000003130: 802D942D
	v_mov_b32_e32 v11, s45                                     // 000000003134: 7E16022D
	ds_load_b32 v14, v11                                       // 000000003138: D8D80000 0E00000B
	s_wait_dscnt 0x0                                           // 000000003140: BFC60000
	v_readfirstlane_b32 s35, v14                               // 000000003144: 7E46050E
	s_cmp_eq_u32 s35, 3                                        // 000000003148: BF068323
	s_cbranch_scc1 3890                                        // 00000000314C: BFA20F32 <occ_kernel+0x6e18>
	s_cmp_eq_u32 s35, s34                                      // 000000003150: BF062223
	s_cbranch_scc1 3                                           // 000000003154: BFA20003 <occ_kernel+0x3164>
	s_alloc_vgpr 32                                            // 000000003158: BE8053A0
	s_cbranch_scc0 65534                                       // 00000000315C: BFA1FFFE <occ_kernel+0x3158>
	s_mov_b32 s34, s35                                         // 000000003160: BEA20023
	s_cmp_eq_u32 s24, 2                                        // 000000003164: BF068218
	s_cbranch_scc1 3682                                        // 000000003168: BFA20E62 <occ_kernel+0x6af4>
	s_cmp_eq_u32 s34, 0                                        // 00000000316C: BF068022
	s_cbranch_scc1 1                                           // 000000003170: BFA20001 <occ_kernel+0x3178>
	s_branch 1474                                              // 000000003174: BFA005C2 <occ_kernel+0x4880>
	v_mov_b32_e32 v11, 8                                       // 000000003178: 7E160288
	ds_load_b32 v14, v11                                       // 00000000317C: D8D80000 0E00000B
	s_wait_dscnt 0x0                                           // 000000003184: BFC60000
	v_readfirstlane_b32 s46, v14                               // 000000003188: 7E5C050E
	v_mov_b32_e32 v11, 4                                       // 00000000318C: 7E160284
	ds_load_b32 v14, v11                                       // 000000003190: D8D80000 0E00000B
	s_wait_dscnt 0x0                                           // 000000003198: BFC60000
	v_readfirstlane_b32 s44, v14                               // 00000000319C: 7E58050E
	s_cmp_ge_u32 s46, s44                                      // 0000000031A0: BF092C2E
	s_cbranch_scc0 2                                           // 0000000031A4: BFA10002 <occ_kernel+0x31b0>
	s_add_co_u32 s97, s97, 1                                   // 0000000031A8: 80618161
	s_branch 3663                                              // 0000000031AC: BFA00E4F <occ_kernel+0x6aec>
	s_and_b32 s45, s46, 31                                     // 0000000031B0: 8B2D9F2E
	s_lshl_b32 s48, s45, 5                                     // 0000000031B4: 8430852D
	s_add_co_u32 s48, s48, 0x8200                              // 0000000031B8: 8030FF30 00008200
	s_alloc_vgpr 0x70                                          // 0000000031C0: BE8053FF 00000070
	s_cbranch_scc0 3655                                        // 0000000031C8: BFA10E47 <occ_kernel+0x6ae8>
	v_mov_b32_e32 v11, 8                                       // 0000000031CC: 7E160288
	ds_load_b32 v14, v11                                       // 0000000031D0: D8D80000 0E00000B
	s_wait_dscnt 0x0                                           // 0000000031D8: BFC60000
	v_readfirstlane_b32 s46, v14                               // 0000000031DC: 7E5C050E
	v_mov_b32_e32 v11, 4                                       // 0000000031E0: 7E160284
	ds_load_b32 v14, v11                                       // 0000000031E4: D8D80000 0E00000B
	s_wait_dscnt 0x0                                           // 0000000031EC: BFC60000
	v_readfirstlane_b32 s44, v14                               // 0000000031F0: 7E58050E
	s_cmp_ge_u32 s46, s44                                      // 0000000031F4: BF092C2E
	s_cbranch_scc1 1437                                        // 0000000031F8: BFA2059D <occ_kernel+0x4870>
	s_and_b32 s45, s46, 31                                     // 0000000031FC: 8B2D9F2E
	s_lshl_b32 s48, s45, 5                                     // 000000003200: 8430852D
	s_add_co_u32 s48, s48, 0x8200                              // 000000003204: 8030FF30 00008200
	s_add_co_u32 s45, s48, 8                                   // 00000000320C: 802D8830
	v_mov_b32_e32 v11, s45                                     // 000000003210: 7E16022D
	ds_load_b32 v14, v11                                       // 000000003214: D8D80000 0E00000B
	s_wait_dscnt 0x0                                           // 00000000321C: BFC60000
	v_readfirstlane_b32 s33, v14                               // 000000003220: 7E42050E
	s_and_b32 s47, s33, -2.0                                   // 000000003224: 8B2FF521
	s_cmp_lg_u32 s47, 0                                        // 000000003228: BF07802F
	s_cbranch_scc1 1424                                        // 00000000322C: BFA20590 <occ_kernel+0x4870>
	s_and_b32 s47, s33, 0xff                                   // 000000003230: 8B2FFF21 000000FF
	s_cmp_ge_u32 s47, 4                                        // 000000003238: BF09842F
	s_cbranch_scc1 1420                                        // 00000000323C: BFA2058C <occ_kernel+0x4870>
	s_add_co_u32 s47, s33, 1                                   // 000000003240: 802F8121
	s_and_b32 s46, exec_lo, 1                                  // 000000003244: 8B2E817E
	s_cmp_eq_u32 s46, 0                                        // 000000003248: BF06802E
	s_cbranch_scc0 1                                           // 00000000324C: BFA10001 <occ_kernel+0x3254>
	s_add_co_u32 s102, s102, 1                                 // 000000003250: 80668166
	s_mov_b32 s49, exec_lo                                     // 000000003254: BEB1007E
	s_ctz_i32_b32 s46, s49                                     // 000000003258: BEAE0831
	v_cmp_eq_u32_e32 vcc_lo, s46, v2                           // 00000000325C: 7C94042E
	s_and_b32 exec_lo, exec_lo, vcc_lo                         // 000000003260: 8B7E6A7E
	s_cbranch_execz 7                                          // 000000003264: BFA50007 <occ_kernel+0x3284>
	v_mov_b32_e32 v11, s45                                     // 000000003268: 7E16022D
	v_mov_b32_e32 v14, s47                                     // 00000000326C: 7E1C022F
	v_mov_b32_e32 v13, s33                                     // 000000003270: 7E1A0221
	ds_cmpstore_rtn_b32 v13, v11, v14, v13                     // 000000003274: D8C00000 0D0D0E0B
	s_wait_dscnt 0x0                                           // 00000000327C: BFC60000
	v_readfirstlane_b32 s46, v13                               // 000000003280: 7E5C050D
	s_mov_b32 exec_lo, s49                                     // 000000003284: BEFE0031
	s_cmp_eq_u32 s46, s33                                      // 000000003288: BF06212E
	s_cbranch_scc0 1400                                        // 00000000328C: BFA10578 <occ_kernel+0x4870>
	s_and_b32 s33, s33, 0xff                                   // 000000003290: 8B21FF21 000000FF
	s_add_co_u32 s45, s48, 0                                   // 000000003298: 802D8030
	v_mov_b32_e32 v11, s45                                     // 00000000329C: 7E16022D
	ds_load_b32 v14, v11                                       // 0000000032A0: D8D80000 0E00000B
	s_wait_dscnt 0x0                                           // 0000000032A8: BFC60000
	v_readfirstlane_b32 s17, v14                               // 0000000032AC: 7E22050E
	s_lshr_b32 s41, s17, 28                                    // 0000000032B0: 85299C11
	s_min_u32 s41, s41, 1                                      // 0000000032B4: 89A98129
	s_and_b32 s17, s17, 0xfffffff                              // 0000000032B8: 8B11FF11 0FFFFFFF
	s_and_b32 s31, s17, s67                                    // 0000000032C0: 8B1F4311
	s_lshr_b32 s18, s17, s68                                   // 0000000032C4: 85124411
	s_sub_co_u32 s36, s11, 1                                   // 0000000032C8: 80A4810B
	s_min_u32 s18, s18, s36                                    // 0000000032CC: 89922412
	s_mul_hi_u32 s19, s18, s12                                 // 0000000032D0: 96930C12
	s_mul_i32 s36, s19, s13                                    // 0000000032D4: 96240D13
	s_sub_co_u32 s30, s18, s36                                 // 0000000032D8: 809E2412
	v_mov_b32_e32 v32, 0                                       // 0000000032DC: 7E400280
	v_mov_b32_e32 v33, 0                                       // 0000000032E0: 7E420280
	v_mov_b32_e32 v34, 0                                       // 0000000032E4: 7E440280
	v_mov_b32_e32 v35, 0                                       // 0000000032E8: 7E460280
	v_mov_b32_e32 v36, 0                                       // 0000000032EC: 7E480280
	v_mov_b32_e32 v37, 0                                       // 0000000032F0: 7E4A0280
	v_mov_b32_e32 v38, 0                                       // 0000000032F4: 7E4C0280
	v_mov_b32_e32 v39, 0                                       // 0000000032F8: 7E4E0280
	v_mov_b32_e32 v40, 0                                       // 0000000032FC: 7E500280
	v_mov_b32_e32 v41, 0                                       // 000000003300: 7E520280
	v_mov_b32_e32 v42, 0                                       // 000000003304: 7E540280
	v_mov_b32_e32 v43, 0                                       // 000000003308: 7E560280
	v_mov_b32_e32 v44, 0                                       // 00000000330C: 7E580280
	v_mov_b32_e32 v45, 0                                       // 000000003310: 7E5A0280
	v_mov_b32_e32 v46, 0                                       // 000000003314: 7E5C0280
	v_mov_b32_e32 v47, 0                                       // 000000003318: 7E5E0280
	v_mov_b32_e32 v48, 0                                       // 00000000331C: 7E600280
	v_mov_b32_e32 v49, 0                                       // 000000003320: 7E620280
	v_mov_b32_e32 v50, 0                                       // 000000003324: 7E640280
	v_mov_b32_e32 v51, 0                                       // 000000003328: 7E660280
	v_mov_b32_e32 v52, 0                                       // 00000000332C: 7E680280
	v_mov_b32_e32 v53, 0                                       // 000000003330: 7E6A0280
	v_mov_b32_e32 v54, 0                                       // 000000003334: 7E6C0280
	v_mov_b32_e32 v55, 0                                       // 000000003338: 7E6E0280
	v_mov_b32_e32 v56, 0                                       // 00000000333C: 7E700280
	v_mov_b32_e32 v57, 0                                       // 000000003340: 7E720280
	v_mov_b32_e32 v58, 0                                       // 000000003344: 7E740280
	v_mov_b32_e32 v59, 0                                       // 000000003348: 7E760280
	v_mov_b32_e32 v60, 0                                       // 00000000334C: 7E780280
	v_mov_b32_e32 v61, 0                                       // 000000003350: 7E7A0280
	v_mov_b32_e32 v62, 0                                       // 000000003354: 7E7C0280
	v_mov_b32_e32 v63, 0                                       // 000000003358: 7E7E0280
	v_mov_b32_e32 v64, 0                                       // 00000000335C: 7E800280
	v_mov_b32_e32 v65, 0                                       // 000000003360: 7E820280
	v_mov_b32_e32 v66, 0                                       // 000000003364: 7E840280
	v_mov_b32_e32 v67, 0                                       // 000000003368: 7E860280
	v_mov_b32_e32 v68, 0                                       // 00000000336C: 7E880280
	v_mov_b32_e32 v69, 0                                       // 000000003370: 7E8A0280
	v_mov_b32_e32 v70, 0                                       // 000000003374: 7E8C0280
	v_mov_b32_e32 v71, 0                                       // 000000003378: 7E8E0280
	v_mov_b32_e32 v72, 0                                       // 00000000337C: 7E900280
	v_mov_b32_e32 v73, 0                                       // 000000003380: 7E920280
	v_mov_b32_e32 v74, 0                                       // 000000003384: 7E940280
	v_mov_b32_e32 v75, 0                                       // 000000003388: 7E960280
	v_mov_b32_e32 v76, 0                                       // 00000000338C: 7E980280
	v_mov_b32_e32 v77, 0                                       // 000000003390: 7E9A0280
	v_mov_b32_e32 v78, 0                                       // 000000003394: 7E9C0280
	v_mov_b32_e32 v79, 0                                       // 000000003398: 7E9E0280
	v_mov_b32_e32 v80, 0                                       // 00000000339C: 7EA00280
	v_mov_b32_e32 v81, 0                                       // 0000000033A0: 7EA20280
	v_mov_b32_e32 v82, 0                                       // 0000000033A4: 7EA40280
	v_mov_b32_e32 v83, 0                                       // 0000000033A8: 7EA60280
	v_mov_b32_e32 v84, 0                                       // 0000000033AC: 7EA80280
	v_mov_b32_e32 v85, 0                                       // 0000000033B0: 7EAA0280
	v_mov_b32_e32 v86, 0                                       // 0000000033B4: 7EAC0280
	v_mov_b32_e32 v87, 0                                       // 0000000033B8: 7EAE0280
	v_mov_b32_e32 v88, 0                                       // 0000000033BC: 7EB00280
	v_mov_b32_e32 v89, 0                                       // 0000000033C0: 7EB20280
	v_mov_b32_e32 v90, 0                                       // 0000000033C4: 7EB40280
	v_mov_b32_e32 v91, 0                                       // 0000000033C8: 7EB60280
	v_mov_b32_e32 v92, 0                                       // 0000000033CC: 7EB80280
	v_mov_b32_e32 v93, 0                                       // 0000000033D0: 7EBA0280
	v_mov_b32_e32 v94, 0                                       // 0000000033D4: 7EBC0280
	v_mov_b32_e32 v95, 0                                       // 0000000033D8: 7EBE0280
	s_mul_i32 s20, s30, s14                                    // 0000000033DC: 96140E1E
	s_mul_i32 s21, s31, 16                                     // 0000000033E0: 9615901F
	s_mul_hi_u32 s25, s21, s10                                 // 0000000033E4: 96990A15
	s_mul_i32 s21, s21, s10                                    // 0000000033E8: 96150A15
	s_add_co_u32 s20, s20, s21                                 // 0000000033EC: 80141514
	s_add_co_ci_u32 s25, s25, 0                                // 0000000033F0: 82198019
	s_add_co_u32 s52, s4, s20                                  // 0000000033F4: 80341404
	s_add_co_ci_u32 s53, s5, s25                               // 0000000033F8: 82351905
	s_mul_i32 s42, s41, 4                                      // 0000000033FC: 962A8429
	s_add_co_u32 s42, s42, s33                                 // 000000003400: 802A212A
	s_mul_i32 s36, s19, 8                                      // 000000003404: 96248813
	s_add_co_u32 s36, s36, s42                                 // 000000003408: 80242A24
	s_mul_i32 s22, s36, 32                                     // 00000000340C: 9616A024
	s_mul_i32 s22, s22, s9                                     // 000000003410: 96160916
	s_mul_i32 s25, s31, 0x100                                  // 000000003414: 9619FF1F 00000100
	s_add_co_u32 s22, s22, s25                                 // 00000000341C: 80161916
	s_add_co_u32 s56, s2, s22                                  // 000000003420: 80381602
	s_add_co_ci_u32 s57, s3, 0                                 // 000000003424: 82398003
	s_lshl_b32 s32, s9, 4                                      // 000000003428: 84208409
	global_load_tr_b64 v[100:101], v9, s[52:53]                // 00000000342C: EE160034 00000064 00000009
	global_load_tr_b64 v[102:103], v9, s[52:53] offset:256     // 000000003438: EE160034 00000066 00010009
	global_load_tr_b64 v[104:105], v9, s[52:53] offset:512     // 000000003444: EE160034 00000068 00020009
	global_load_tr_b64 v[106:107], v9, s[52:53] offset:768     // 000000003450: EE160034 0000006A 00030009
	global_load_b64 v[96:97], v8, s[56:57]                     // 00000000345C: EE054038 00000060 00000008
	s_mul_i32 s58, s32, 1                                      // 000000003468: 963A8120
	s_add_co_u32 s58, s56, s58                                 // 00000000346C: 803A3A38
	s_add_co_ci_u32 s59, s57, 0                                // 000000003470: 823B8039
	global_load_b64 v[98:99], v8, s[58:59]                     // 000000003474: EE05403A 00000062 00000008
	s_wait_loadcnt 0x0                                         // 000000003480: BFC00000
	v_wmma_f32_16x16x16_fp8_fp8 v[32:39], v[96:97], v[100:101], v[32:39]// 000000003484: CC464020 1C82C960
	v_wmma_f32_16x16x16_fp8_fp8 v[40:47], v[96:97], v[102:103], v[40:47]// 00000000348C: CC464028 1CA2CD60
	v_wmma_f32_16x16x16_fp8_fp8 v[48:55], v[96:97], v[104:105], v[48:55]// 000000003494: CC464030 1CC2D160
	v_wmma_f32_16x16x16_fp8_fp8 v[56:63], v[96:97], v[106:107], v[56:63]// 00000000349C: CC464038 1CE2D560
	v_wmma_f32_16x16x16_fp8_fp8 v[64:71], v[98:99], v[100:101], v[64:71]// 0000000034A4: CC464040 1D02C962
	v_wmma_f32_16x16x16_fp8_fp8 v[72:79], v[98:99], v[102:103], v[72:79]// 0000000034AC: CC464048 1D22CD62
	v_wmma_f32_16x16x16_fp8_fp8 v[80:87], v[98:99], v[104:105], v[80:87]// 0000000034B4: CC464050 1D42D162
	v_wmma_f32_16x16x16_fp8_fp8 v[88:95], v[98:99], v[106:107], v[88:95]// 0000000034BC: CC464058 1D62D562
	s_add_co_u32 s52, s52, s10                                 // 0000000034C4: 80340A34
	s_add_co_ci_u32 s53, s53, 0                                // 0000000034C8: 82358035
	global_load_tr_b64 v[100:101], v9, s[52:53]                // 0000000034CC: EE160034 00000064 00000009
	global_load_tr_b64 v[102:103], v9, s[52:53] offset:256     // 0000000034D8: EE160034 00000066 00010009
	global_load_tr_b64 v[104:105], v9, s[52:53] offset:512     // 0000000034E4: EE160034 00000068 00020009
	global_load_tr_b64 v[106:107], v9, s[52:53] offset:768     // 0000000034F0: EE160034 0000006A 00030009
	global_load_b64 v[96:97], v8, s[56:57] offset:16           // 0000000034FC: EE054038 00000060 00001008
	s_mul_i32 s58, s32, 1                                      // 000000003508: 963A8120
	s_add_co_u32 s58, s56, s58                                 // 00000000350C: 803A3A38
	s_add_co_ci_u32 s59, s57, 0                                // 000000003510: 823B8039
	global_load_b64 v[98:99], v8, s[58:59] offset:16           // 000000003514: EE05403A 00000062 00001008
	s_wait_loadcnt 0x0                                         // 000000003520: BFC00000
	v_wmma_f32_16x16x16_fp8_fp8 v[32:39], v[96:97], v[100:101], v[32:39]// 000000003524: CC464020 1C82C960
	v_wmma_f32_16x16x16_fp8_fp8 v[40:47], v[96:97], v[102:103], v[40:47]// 00000000352C: CC464028 1CA2CD60
	v_wmma_f32_16x16x16_fp8_fp8 v[48:55], v[96:97], v[104:105], v[48:55]// 000000003534: CC464030 1CC2D160
	v_wmma_f32_16x16x16_fp8_fp8 v[56:63], v[96:97], v[106:107], v[56:63]// 00000000353C: CC464038 1CE2D560
	v_wmma_f32_16x16x16_fp8_fp8 v[64:71], v[98:99], v[100:101], v[64:71]// 000000003544: CC464040 1D02C962
	v_wmma_f32_16x16x16_fp8_fp8 v[72:79], v[98:99], v[102:103], v[72:79]// 00000000354C: CC464048 1D22CD62
	v_wmma_f32_16x16x16_fp8_fp8 v[80:87], v[98:99], v[104:105], v[80:87]// 000000003554: CC464050 1D42D162
	v_wmma_f32_16x16x16_fp8_fp8 v[88:95], v[98:99], v[106:107], v[88:95]// 00000000355C: CC464058 1D62D562
	s_add_co_u32 s52, s52, s10                                 // 000000003564: 80340A34
	s_add_co_ci_u32 s53, s53, 0                                // 000000003568: 82358035
	global_load_tr_b64 v[100:101], v9, s[52:53]                // 00000000356C: EE160034 00000064 00000009
	global_load_tr_b64 v[102:103], v9, s[52:53] offset:256     // 000000003578: EE160034 00000066 00010009
	global_load_tr_b64 v[104:105], v9, s[52:53] offset:512     // 000000003584: EE160034 00000068 00020009
	global_load_tr_b64 v[106:107], v9, s[52:53] offset:768     // 000000003590: EE160034 0000006A 00030009
	global_load_b64 v[96:97], v8, s[56:57] offset:32           // 00000000359C: EE054038 00000060 00002008
	s_mul_i32 s58, s32, 1                                      // 0000000035A8: 963A8120
	s_add_co_u32 s58, s56, s58                                 // 0000000035AC: 803A3A38
	s_add_co_ci_u32 s59, s57, 0                                // 0000000035B0: 823B8039
	global_load_b64 v[98:99], v8, s[58:59] offset:32           // 0000000035B4: EE05403A 00000062 00002008
	s_wait_loadcnt 0x0                                         // 0000000035C0: BFC00000
	v_wmma_f32_16x16x16_fp8_fp8 v[32:39], v[96:97], v[100:101], v[32:39]// 0000000035C4: CC464020 1C82C960
	v_wmma_f32_16x16x16_fp8_fp8 v[40:47], v[96:97], v[102:103], v[40:47]// 0000000035CC: CC464028 1CA2CD60
	v_wmma_f32_16x16x16_fp8_fp8 v[48:55], v[96:97], v[104:105], v[48:55]// 0000000035D4: CC464030 1CC2D160
	v_wmma_f32_16x16x16_fp8_fp8 v[56:63], v[96:97], v[106:107], v[56:63]// 0000000035DC: CC464038 1CE2D560
	v_wmma_f32_16x16x16_fp8_fp8 v[64:71], v[98:99], v[100:101], v[64:71]// 0000000035E4: CC464040 1D02C962
	v_wmma_f32_16x16x16_fp8_fp8 v[72:79], v[98:99], v[102:103], v[72:79]// 0000000035EC: CC464048 1D22CD62
	v_wmma_f32_16x16x16_fp8_fp8 v[80:87], v[98:99], v[104:105], v[80:87]// 0000000035F4: CC464050 1D42D162
	v_wmma_f32_16x16x16_fp8_fp8 v[88:95], v[98:99], v[106:107], v[88:95]// 0000000035FC: CC464058 1D62D562
	s_add_co_u32 s52, s52, s10                                 // 000000003604: 80340A34
	s_add_co_ci_u32 s53, s53, 0                                // 000000003608: 82358035
	global_load_tr_b64 v[100:101], v9, s[52:53]                // 00000000360C: EE160034 00000064 00000009
	global_load_tr_b64 v[102:103], v9, s[52:53] offset:256     // 000000003618: EE160034 00000066 00010009
	global_load_tr_b64 v[104:105], v9, s[52:53] offset:512     // 000000003624: EE160034 00000068 00020009
	global_load_tr_b64 v[106:107], v9, s[52:53] offset:768     // 000000003630: EE160034 0000006A 00030009
	global_load_b64 v[96:97], v8, s[56:57] offset:48           // 00000000363C: EE054038 00000060 00003008
	s_mul_i32 s58, s32, 1                                      // 000000003648: 963A8120
	s_add_co_u32 s58, s56, s58                                 // 00000000364C: 803A3A38
	s_add_co_ci_u32 s59, s57, 0                                // 000000003650: 823B8039
	global_load_b64 v[98:99], v8, s[58:59] offset:48           // 000000003654: EE05403A 00000062 00003008
	s_wait_loadcnt 0x0                                         // 000000003660: BFC00000
	v_wmma_f32_16x16x16_fp8_fp8 v[32:39], v[96:97], v[100:101], v[32:39]// 000000003664: CC464020 1C82C960
	v_wmma_f32_16x16x16_fp8_fp8 v[40:47], v[96:97], v[102:103], v[40:47]// 00000000366C: CC464028 1CA2CD60
	v_wmma_f32_16x16x16_fp8_fp8 v[48:55], v[96:97], v[104:105], v[48:55]// 000000003674: CC464030 1CC2D160
	v_wmma_f32_16x16x16_fp8_fp8 v[56:63], v[96:97], v[106:107], v[56:63]// 00000000367C: CC464038 1CE2D560
	v_wmma_f32_16x16x16_fp8_fp8 v[64:71], v[98:99], v[100:101], v[64:71]// 000000003684: CC464040 1D02C962
	v_wmma_f32_16x16x16_fp8_fp8 v[72:79], v[98:99], v[102:103], v[72:79]// 00000000368C: CC464048 1D22CD62
	v_wmma_f32_16x16x16_fp8_fp8 v[80:87], v[98:99], v[104:105], v[80:87]// 000000003694: CC464050 1D42D162
	v_wmma_f32_16x16x16_fp8_fp8 v[88:95], v[98:99], v[106:107], v[88:95]// 00000000369C: CC464058 1D62D562
	s_add_co_u32 s52, s52, s10                                 // 0000000036A4: 80340A34
	s_add_co_ci_u32 s53, s53, 0                                // 0000000036A8: 82358035
	global_load_tr_b64 v[100:101], v9, s[52:53]                // 0000000036AC: EE160034 00000064 00000009
	global_load_tr_b64 v[102:103], v9, s[52:53] offset:256     // 0000000036B8: EE160034 00000066 00010009
	global_load_tr_b64 v[104:105], v9, s[52:53] offset:512     // 0000000036C4: EE160034 00000068 00020009
	global_load_tr_b64 v[106:107], v9, s[52:53] offset:768     // 0000000036D0: EE160034 0000006A 00030009
	global_load_b64 v[96:97], v8, s[56:57] offset:64           // 0000000036DC: EE054038 00000060 00004008
	s_mul_i32 s58, s32, 1                                      // 0000000036E8: 963A8120
	s_add_co_u32 s58, s56, s58                                 // 0000000036EC: 803A3A38
	s_add_co_ci_u32 s59, s57, 0                                // 0000000036F0: 823B8039
	global_load_b64 v[98:99], v8, s[58:59] offset:64           // 0000000036F4: EE05403A 00000062 00004008
	s_wait_loadcnt 0x0                                         // 000000003700: BFC00000
	v_wmma_f32_16x16x16_fp8_fp8 v[32:39], v[96:97], v[100:101], v[32:39]// 000000003704: CC464020 1C82C960
	v_wmma_f32_16x16x16_fp8_fp8 v[40:47], v[96:97], v[102:103], v[40:47]// 00000000370C: CC464028 1CA2CD60
	v_wmma_f32_16x16x16_fp8_fp8 v[48:55], v[96:97], v[104:105], v[48:55]// 000000003714: CC464030 1CC2D160
	v_wmma_f32_16x16x16_fp8_fp8 v[56:63], v[96:97], v[106:107], v[56:63]// 00000000371C: CC464038 1CE2D560
	v_wmma_f32_16x16x16_fp8_fp8 v[64:71], v[98:99], v[100:101], v[64:71]// 000000003724: CC464040 1D02C962
	v_wmma_f32_16x16x16_fp8_fp8 v[72:79], v[98:99], v[102:103], v[72:79]// 00000000372C: CC464048 1D22CD62
	v_wmma_f32_16x16x16_fp8_fp8 v[80:87], v[98:99], v[104:105], v[80:87]// 000000003734: CC464050 1D42D162
	v_wmma_f32_16x16x16_fp8_fp8 v[88:95], v[98:99], v[106:107], v[88:95]// 00000000373C: CC464058 1D62D562
	s_add_co_u32 s52, s52, s10                                 // 000000003744: 80340A34
	s_add_co_ci_u32 s53, s53, 0                                // 000000003748: 82358035
	global_load_tr_b64 v[100:101], v9, s[52:53]                // 00000000374C: EE160034 00000064 00000009
	global_load_tr_b64 v[102:103], v9, s[52:53] offset:256     // 000000003758: EE160034 00000066 00010009
	global_load_tr_b64 v[104:105], v9, s[52:53] offset:512     // 000000003764: EE160034 00000068 00020009
	global_load_tr_b64 v[106:107], v9, s[52:53] offset:768     // 000000003770: EE160034 0000006A 00030009
	global_load_b64 v[96:97], v8, s[56:57] offset:80           // 00000000377C: EE054038 00000060 00005008
	s_mul_i32 s58, s32, 1                                      // 000000003788: 963A8120
	s_add_co_u32 s58, s56, s58                                 // 00000000378C: 803A3A38
	s_add_co_ci_u32 s59, s57, 0                                // 000000003790: 823B8039
	global_load_b64 v[98:99], v8, s[58:59] offset:80           // 000000003794: EE05403A 00000062 00005008
	s_wait_loadcnt 0x0                                         // 0000000037A0: BFC00000
	v_wmma_f32_16x16x16_fp8_fp8 v[32:39], v[96:97], v[100:101], v[32:39]// 0000000037A4: CC464020 1C82C960
	v_wmma_f32_16x16x16_fp8_fp8 v[40:47], v[96:97], v[102:103], v[40:47]// 0000000037AC: CC464028 1CA2CD60
	v_wmma_f32_16x16x16_fp8_fp8 v[48:55], v[96:97], v[104:105], v[48:55]// 0000000037B4: CC464030 1CC2D160
	v_wmma_f32_16x16x16_fp8_fp8 v[56:63], v[96:97], v[106:107], v[56:63]// 0000000037BC: CC464038 1CE2D560
	v_wmma_f32_16x16x16_fp8_fp8 v[64:71], v[98:99], v[100:101], v[64:71]// 0000000037C4: CC464040 1D02C962
	v_wmma_f32_16x16x16_fp8_fp8 v[72:79], v[98:99], v[102:103], v[72:79]// 0000000037CC: CC464048 1D22CD62
	v_wmma_f32_16x16x16_fp8_fp8 v[80:87], v[98:99], v[104:105], v[80:87]// 0000000037D4: CC464050 1D42D162
	v_wmma_f32_16x16x16_fp8_fp8 v[88:95], v[98:99], v[106:107], v[88:95]// 0000000037DC: CC464058 1D62D562
	s_add_co_u32 s52, s52, s10                                 // 0000000037E4: 80340A34
	s_add_co_ci_u32 s53, s53, 0                                // 0000000037E8: 82358035
	global_load_tr_b64 v[100:101], v9, s[52:53]                // 0000000037EC: EE160034 00000064 00000009
	global_load_tr_b64 v[102:103], v9, s[52:53] offset:256     // 0000000037F8: EE160034 00000066 00010009
	global_load_tr_b64 v[104:105], v9, s[52:53] offset:512     // 000000003804: EE160034 00000068 00020009
	global_load_tr_b64 v[106:107], v9, s[52:53] offset:768     // 000000003810: EE160034 0000006A 00030009
	global_load_b64 v[96:97], v8, s[56:57] offset:96           // 00000000381C: EE054038 00000060 00006008
	s_mul_i32 s58, s32, 1                                      // 000000003828: 963A8120
	s_add_co_u32 s58, s56, s58                                 // 00000000382C: 803A3A38
	s_add_co_ci_u32 s59, s57, 0                                // 000000003830: 823B8039
	global_load_b64 v[98:99], v8, s[58:59] offset:96           // 000000003834: EE05403A 00000062 00006008
	s_wait_loadcnt 0x0                                         // 000000003840: BFC00000
	v_wmma_f32_16x16x16_fp8_fp8 v[32:39], v[96:97], v[100:101], v[32:39]// 000000003844: CC464020 1C82C960
	v_wmma_f32_16x16x16_fp8_fp8 v[40:47], v[96:97], v[102:103], v[40:47]// 00000000384C: CC464028 1CA2CD60
	v_wmma_f32_16x16x16_fp8_fp8 v[48:55], v[96:97], v[104:105], v[48:55]// 000000003854: CC464030 1CC2D160
	v_wmma_f32_16x16x16_fp8_fp8 v[56:63], v[96:97], v[106:107], v[56:63]// 00000000385C: CC464038 1CE2D560
	v_wmma_f32_16x16x16_fp8_fp8 v[64:71], v[98:99], v[100:101], v[64:71]// 000000003864: CC464040 1D02C962
	v_wmma_f32_16x16x16_fp8_fp8 v[72:79], v[98:99], v[102:103], v[72:79]// 00000000386C: CC464048 1D22CD62
	v_wmma_f32_16x16x16_fp8_fp8 v[80:87], v[98:99], v[104:105], v[80:87]// 000000003874: CC464050 1D42D162
	v_wmma_f32_16x16x16_fp8_fp8 v[88:95], v[98:99], v[106:107], v[88:95]// 00000000387C: CC464058 1D62D562
	s_add_co_u32 s52, s52, s10                                 // 000000003884: 80340A34
	s_add_co_ci_u32 s53, s53, 0                                // 000000003888: 82358035
	global_load_tr_b64 v[100:101], v9, s[52:53]                // 00000000388C: EE160034 00000064 00000009
	global_load_tr_b64 v[102:103], v9, s[52:53] offset:256     // 000000003898: EE160034 00000066 00010009
	global_load_tr_b64 v[104:105], v9, s[52:53] offset:512     // 0000000038A4: EE160034 00000068 00020009
	global_load_tr_b64 v[106:107], v9, s[52:53] offset:768     // 0000000038B0: EE160034 0000006A 00030009
	global_load_b64 v[96:97], v8, s[56:57] offset:112          // 0000000038BC: EE054038 00000060 00007008
	s_mul_i32 s58, s32, 1                                      // 0000000038C8: 963A8120
	s_add_co_u32 s58, s56, s58                                 // 0000000038CC: 803A3A38
	s_add_co_ci_u32 s59, s57, 0                                // 0000000038D0: 823B8039
	global_load_b64 v[98:99], v8, s[58:59] offset:112          // 0000000038D4: EE05403A 00000062 00007008
	s_wait_loadcnt 0x0                                         // 0000000038E0: BFC00000
	v_wmma_f32_16x16x16_fp8_fp8 v[32:39], v[96:97], v[100:101], v[32:39]// 0000000038E4: CC464020 1C82C960
	v_wmma_f32_16x16x16_fp8_fp8 v[40:47], v[96:97], v[102:103], v[40:47]// 0000000038EC: CC464028 1CA2CD60
	v_wmma_f32_16x16x16_fp8_fp8 v[48:55], v[96:97], v[104:105], v[48:55]// 0000000038F4: CC464030 1CC2D160
	v_wmma_f32_16x16x16_fp8_fp8 v[56:63], v[96:97], v[106:107], v[56:63]// 0000000038FC: CC464038 1CE2D560
	v_wmma_f32_16x16x16_fp8_fp8 v[64:71], v[98:99], v[100:101], v[64:71]// 000000003904: CC464040 1D02C962
	v_wmma_f32_16x16x16_fp8_fp8 v[72:79], v[98:99], v[102:103], v[72:79]// 00000000390C: CC464048 1D22CD62
	v_wmma_f32_16x16x16_fp8_fp8 v[80:87], v[98:99], v[104:105], v[80:87]// 000000003914: CC464050 1D42D162
	v_wmma_f32_16x16x16_fp8_fp8 v[88:95], v[98:99], v[106:107], v[88:95]// 00000000391C: CC464058 1D62D562
	s_add_co_u32 s52, s52, s10                                 // 000000003924: 80340A34
	s_add_co_ci_u32 s53, s53, 0                                // 000000003928: 82358035
	global_load_tr_b64 v[100:101], v9, s[52:53]                // 00000000392C: EE160034 00000064 00000009
	global_load_tr_b64 v[102:103], v9, s[52:53] offset:256     // 000000003938: EE160034 00000066 00010009
	global_load_tr_b64 v[104:105], v9, s[52:53] offset:512     // 000000003944: EE160034 00000068 00020009
	global_load_tr_b64 v[106:107], v9, s[52:53] offset:768     // 000000003950: EE160034 0000006A 00030009
	global_load_b64 v[96:97], v8, s[56:57] offset:128          // 00000000395C: EE054038 00000060 00008008
	s_mul_i32 s58, s32, 1                                      // 000000003968: 963A8120
	s_add_co_u32 s58, s56, s58                                 // 00000000396C: 803A3A38
	s_add_co_ci_u32 s59, s57, 0                                // 000000003970: 823B8039
	global_load_b64 v[98:99], v8, s[58:59] offset:128          // 000000003974: EE05403A 00000062 00008008
	s_wait_loadcnt 0x0                                         // 000000003980: BFC00000
	v_wmma_f32_16x16x16_fp8_fp8 v[32:39], v[96:97], v[100:101], v[32:39]// 000000003984: CC464020 1C82C960
	v_wmma_f32_16x16x16_fp8_fp8 v[40:47], v[96:97], v[102:103], v[40:47]// 00000000398C: CC464028 1CA2CD60
	v_wmma_f32_16x16x16_fp8_fp8 v[48:55], v[96:97], v[104:105], v[48:55]// 000000003994: CC464030 1CC2D160
	v_wmma_f32_16x16x16_fp8_fp8 v[56:63], v[96:97], v[106:107], v[56:63]// 00000000399C: CC464038 1CE2D560
	v_wmma_f32_16x16x16_fp8_fp8 v[64:71], v[98:99], v[100:101], v[64:71]// 0000000039A4: CC464040 1D02C962
	v_wmma_f32_16x16x16_fp8_fp8 v[72:79], v[98:99], v[102:103], v[72:79]// 0000000039AC: CC464048 1D22CD62
	v_wmma_f32_16x16x16_fp8_fp8 v[80:87], v[98:99], v[104:105], v[80:87]// 0000000039B4: CC464050 1D42D162
	v_wmma_f32_16x16x16_fp8_fp8 v[88:95], v[98:99], v[106:107], v[88:95]// 0000000039BC: CC464058 1D62D562
	s_add_co_u32 s52, s52, s10                                 // 0000000039C4: 80340A34
	s_add_co_ci_u32 s53, s53, 0                                // 0000000039C8: 82358035
	global_load_tr_b64 v[100:101], v9, s[52:53]                // 0000000039CC: EE160034 00000064 00000009
	global_load_tr_b64 v[102:103], v9, s[52:53] offset:256     // 0000000039D8: EE160034 00000066 00010009
	global_load_tr_b64 v[104:105], v9, s[52:53] offset:512     // 0000000039E4: EE160034 00000068 00020009
	global_load_tr_b64 v[106:107], v9, s[52:53] offset:768     // 0000000039F0: EE160034 0000006A 00030009
	global_load_b64 v[96:97], v8, s[56:57] offset:144          // 0000000039FC: EE054038 00000060 00009008
	s_mul_i32 s58, s32, 1                                      // 000000003A08: 963A8120
	s_add_co_u32 s58, s56, s58                                 // 000000003A0C: 803A3A38
	s_add_co_ci_u32 s59, s57, 0                                // 000000003A10: 823B8039
	global_load_b64 v[98:99], v8, s[58:59] offset:144          // 000000003A14: EE05403A 00000062 00009008
	s_wait_loadcnt 0x0                                         // 000000003A20: BFC00000
	v_wmma_f32_16x16x16_fp8_fp8 v[32:39], v[96:97], v[100:101], v[32:39]// 000000003A24: CC464020 1C82C960
	v_wmma_f32_16x16x16_fp8_fp8 v[40:47], v[96:97], v[102:103], v[40:47]// 000000003A2C: CC464028 1CA2CD60
	v_wmma_f32_16x16x16_fp8_fp8 v[48:55], v[96:97], v[104:105], v[48:55]// 000000003A34: CC464030 1CC2D160
	v_wmma_f32_16x16x16_fp8_fp8 v[56:63], v[96:97], v[106:107], v[56:63]// 000000003A3C: CC464038 1CE2D560
	v_wmma_f32_16x16x16_fp8_fp8 v[64:71], v[98:99], v[100:101], v[64:71]// 000000003A44: CC464040 1D02C962
	v_wmma_f32_16x16x16_fp8_fp8 v[72:79], v[98:99], v[102:103], v[72:79]// 000000003A4C: CC464048 1D22CD62
	v_wmma_f32_16x16x16_fp8_fp8 v[80:87], v[98:99], v[104:105], v[80:87]// 000000003A54: CC464050 1D42D162
	v_wmma_f32_16x16x16_fp8_fp8 v[88:95], v[98:99], v[106:107], v[88:95]// 000000003A5C: CC464058 1D62D562
	s_add_co_u32 s52, s52, s10                                 // 000000003A64: 80340A34
	s_add_co_ci_u32 s53, s53, 0                                // 000000003A68: 82358035
	global_load_tr_b64 v[100:101], v9, s[52:53]                // 000000003A6C: EE160034 00000064 00000009
	global_load_tr_b64 v[102:103], v9, s[52:53] offset:256     // 000000003A78: EE160034 00000066 00010009
	global_load_tr_b64 v[104:105], v9, s[52:53] offset:512     // 000000003A84: EE160034 00000068 00020009
	global_load_tr_b64 v[106:107], v9, s[52:53] offset:768     // 000000003A90: EE160034 0000006A 00030009
	global_load_b64 v[96:97], v8, s[56:57] offset:160          // 000000003A9C: EE054038 00000060 0000A008
	s_mul_i32 s58, s32, 1                                      // 000000003AA8: 963A8120
	s_add_co_u32 s58, s56, s58                                 // 000000003AAC: 803A3A38
	s_add_co_ci_u32 s59, s57, 0                                // 000000003AB0: 823B8039
	global_load_b64 v[98:99], v8, s[58:59] offset:160          // 000000003AB4: EE05403A 00000062 0000A008
	s_wait_loadcnt 0x0                                         // 000000003AC0: BFC00000
	v_wmma_f32_16x16x16_fp8_fp8 v[32:39], v[96:97], v[100:101], v[32:39]// 000000003AC4: CC464020 1C82C960
	v_wmma_f32_16x16x16_fp8_fp8 v[40:47], v[96:97], v[102:103], v[40:47]// 000000003ACC: CC464028 1CA2CD60
	v_wmma_f32_16x16x16_fp8_fp8 v[48:55], v[96:97], v[104:105], v[48:55]// 000000003AD4: CC464030 1CC2D160
	v_wmma_f32_16x16x16_fp8_fp8 v[56:63], v[96:97], v[106:107], v[56:63]// 000000003ADC: CC464038 1CE2D560
	v_wmma_f32_16x16x16_fp8_fp8 v[64:71], v[98:99], v[100:101], v[64:71]// 000000003AE4: CC464040 1D02C962
	v_wmma_f32_16x16x16_fp8_fp8 v[72:79], v[98:99], v[102:103], v[72:79]// 000000003AEC: CC464048 1D22CD62
	v_wmma_f32_16x16x16_fp8_fp8 v[80:87], v[98:99], v[104:105], v[80:87]// 000000003AF4: CC464050 1D42D162
	v_wmma_f32_16x16x16_fp8_fp8 v[88:95], v[98:99], v[106:107], v[88:95]// 000000003AFC: CC464058 1D62D562
	s_add_co_u32 s52, s52, s10                                 // 000000003B04: 80340A34
	s_add_co_ci_u32 s53, s53, 0                                // 000000003B08: 82358035
	global_load_tr_b64 v[100:101], v9, s[52:53]                // 000000003B0C: EE160034 00000064 00000009
	global_load_tr_b64 v[102:103], v9, s[52:53] offset:256     // 000000003B18: EE160034 00000066 00010009
	global_load_tr_b64 v[104:105], v9, s[52:53] offset:512     // 000000003B24: EE160034 00000068 00020009
	global_load_tr_b64 v[106:107], v9, s[52:53] offset:768     // 000000003B30: EE160034 0000006A 00030009
	global_load_b64 v[96:97], v8, s[56:57] offset:176          // 000000003B3C: EE054038 00000060 0000B008
	s_mul_i32 s58, s32, 1                                      // 000000003B48: 963A8120
	s_add_co_u32 s58, s56, s58                                 // 000000003B4C: 803A3A38
	s_add_co_ci_u32 s59, s57, 0                                // 000000003B50: 823B8039
	global_load_b64 v[98:99], v8, s[58:59] offset:176          // 000000003B54: EE05403A 00000062 0000B008
	s_wait_loadcnt 0x0                                         // 000000003B60: BFC00000
	v_wmma_f32_16x16x16_fp8_fp8 v[32:39], v[96:97], v[100:101], v[32:39]// 000000003B64: CC464020 1C82C960
	v_wmma_f32_16x16x16_fp8_fp8 v[40:47], v[96:97], v[102:103], v[40:47]// 000000003B6C: CC464028 1CA2CD60
	v_wmma_f32_16x16x16_fp8_fp8 v[48:55], v[96:97], v[104:105], v[48:55]// 000000003B74: CC464030 1CC2D160
	v_wmma_f32_16x16x16_fp8_fp8 v[56:63], v[96:97], v[106:107], v[56:63]// 000000003B7C: CC464038 1CE2D560
	v_wmma_f32_16x16x16_fp8_fp8 v[64:71], v[98:99], v[100:101], v[64:71]// 000000003B84: CC464040 1D02C962
	v_wmma_f32_16x16x16_fp8_fp8 v[72:79], v[98:99], v[102:103], v[72:79]// 000000003B8C: CC464048 1D22CD62
	v_wmma_f32_16x16x16_fp8_fp8 v[80:87], v[98:99], v[104:105], v[80:87]// 000000003B94: CC464050 1D42D162
	v_wmma_f32_16x16x16_fp8_fp8 v[88:95], v[98:99], v[106:107], v[88:95]// 000000003B9C: CC464058 1D62D562
	s_add_co_u32 s52, s52, s10                                 // 000000003BA4: 80340A34
	s_add_co_ci_u32 s53, s53, 0                                // 000000003BA8: 82358035
	global_load_tr_b64 v[100:101], v9, s[52:53]                // 000000003BAC: EE160034 00000064 00000009
	global_load_tr_b64 v[102:103], v9, s[52:53] offset:256     // 000000003BB8: EE160034 00000066 00010009
	global_load_tr_b64 v[104:105], v9, s[52:53] offset:512     // 000000003BC4: EE160034 00000068 00020009
	global_load_tr_b64 v[106:107], v9, s[52:53] offset:768     // 000000003BD0: EE160034 0000006A 00030009
	global_load_b64 v[96:97], v8, s[56:57] offset:192          // 000000003BDC: EE054038 00000060 0000C008
	s_mul_i32 s58, s32, 1                                      // 000000003BE8: 963A8120
	s_add_co_u32 s58, s56, s58                                 // 000000003BEC: 803A3A38
	s_add_co_ci_u32 s59, s57, 0                                // 000000003BF0: 823B8039
	global_load_b64 v[98:99], v8, s[58:59] offset:192          // 000000003BF4: EE05403A 00000062 0000C008
	s_wait_loadcnt 0x0                                         // 000000003C00: BFC00000
	v_wmma_f32_16x16x16_fp8_fp8 v[32:39], v[96:97], v[100:101], v[32:39]// 000000003C04: CC464020 1C82C960
	v_wmma_f32_16x16x16_fp8_fp8 v[40:47], v[96:97], v[102:103], v[40:47]// 000000003C0C: CC464028 1CA2CD60
	v_wmma_f32_16x16x16_fp8_fp8 v[48:55], v[96:97], v[104:105], v[48:55]// 000000003C14: CC464030 1CC2D160
	v_wmma_f32_16x16x16_fp8_fp8 v[56:63], v[96:97], v[106:107], v[56:63]// 000000003C1C: CC464038 1CE2D560
	v_wmma_f32_16x16x16_fp8_fp8 v[64:71], v[98:99], v[100:101], v[64:71]// 000000003C24: CC464040 1D02C962
	v_wmma_f32_16x16x16_fp8_fp8 v[72:79], v[98:99], v[102:103], v[72:79]// 000000003C2C: CC464048 1D22CD62
	v_wmma_f32_16x16x16_fp8_fp8 v[80:87], v[98:99], v[104:105], v[80:87]// 000000003C34: CC464050 1D42D162
	v_wmma_f32_16x16x16_fp8_fp8 v[88:95], v[98:99], v[106:107], v[88:95]// 000000003C3C: CC464058 1D62D562
	s_add_co_u32 s52, s52, s10                                 // 000000003C44: 80340A34
	s_add_co_ci_u32 s53, s53, 0                                // 000000003C48: 82358035
	global_load_tr_b64 v[100:101], v9, s[52:53]                // 000000003C4C: EE160034 00000064 00000009
	global_load_tr_b64 v[102:103], v9, s[52:53] offset:256     // 000000003C58: EE160034 00000066 00010009
	global_load_tr_b64 v[104:105], v9, s[52:53] offset:512     // 000000003C64: EE160034 00000068 00020009
	global_load_tr_b64 v[106:107], v9, s[52:53] offset:768     // 000000003C70: EE160034 0000006A 00030009
	global_load_b64 v[96:97], v8, s[56:57] offset:208          // 000000003C7C: EE054038 00000060 0000D008
	s_mul_i32 s58, s32, 1                                      // 000000003C88: 963A8120
	s_add_co_u32 s58, s56, s58                                 // 000000003C8C: 803A3A38
	s_add_co_ci_u32 s59, s57, 0                                // 000000003C90: 823B8039
	global_load_b64 v[98:99], v8, s[58:59] offset:208          // 000000003C94: EE05403A 00000062 0000D008
	s_wait_loadcnt 0x0                                         // 000000003CA0: BFC00000
	v_wmma_f32_16x16x16_fp8_fp8 v[32:39], v[96:97], v[100:101], v[32:39]// 000000003CA4: CC464020 1C82C960
	v_wmma_f32_16x16x16_fp8_fp8 v[40:47], v[96:97], v[102:103], v[40:47]// 000000003CAC: CC464028 1CA2CD60
	v_wmma_f32_16x16x16_fp8_fp8 v[48:55], v[96:97], v[104:105], v[48:55]// 000000003CB4: CC464030 1CC2D160
	v_wmma_f32_16x16x16_fp8_fp8 v[56:63], v[96:97], v[106:107], v[56:63]// 000000003CBC: CC464038 1CE2D560
	v_wmma_f32_16x16x16_fp8_fp8 v[64:71], v[98:99], v[100:101], v[64:71]// 000000003CC4: CC464040 1D02C962
	v_wmma_f32_16x16x16_fp8_fp8 v[72:79], v[98:99], v[102:103], v[72:79]// 000000003CCC: CC464048 1D22CD62
	v_wmma_f32_16x16x16_fp8_fp8 v[80:87], v[98:99], v[104:105], v[80:87]// 000000003CD4: CC464050 1D42D162
	v_wmma_f32_16x16x16_fp8_fp8 v[88:95], v[98:99], v[106:107], v[88:95]// 000000003CDC: CC464058 1D62D562
	s_add_co_u32 s52, s52, s10                                 // 000000003CE4: 80340A34
	s_add_co_ci_u32 s53, s53, 0                                // 000000003CE8: 82358035
	global_load_tr_b64 v[100:101], v9, s[52:53]                // 000000003CEC: EE160034 00000064 00000009
	global_load_tr_b64 v[102:103], v9, s[52:53] offset:256     // 000000003CF8: EE160034 00000066 00010009
	global_load_tr_b64 v[104:105], v9, s[52:53] offset:512     // 000000003D04: EE160034 00000068 00020009
	global_load_tr_b64 v[106:107], v9, s[52:53] offset:768     // 000000003D10: EE160034 0000006A 00030009
	global_load_b64 v[96:97], v8, s[56:57] offset:224          // 000000003D1C: EE054038 00000060 0000E008
	s_mul_i32 s58, s32, 1                                      // 000000003D28: 963A8120
	s_add_co_u32 s58, s56, s58                                 // 000000003D2C: 803A3A38
	s_add_co_ci_u32 s59, s57, 0                                // 000000003D30: 823B8039
	global_load_b64 v[98:99], v8, s[58:59] offset:224          // 000000003D34: EE05403A 00000062 0000E008
	s_wait_loadcnt 0x0                                         // 000000003D40: BFC00000
	v_wmma_f32_16x16x16_fp8_fp8 v[32:39], v[96:97], v[100:101], v[32:39]// 000000003D44: CC464020 1C82C960
	v_wmma_f32_16x16x16_fp8_fp8 v[40:47], v[96:97], v[102:103], v[40:47]// 000000003D4C: CC464028 1CA2CD60
	v_wmma_f32_16x16x16_fp8_fp8 v[48:55], v[96:97], v[104:105], v[48:55]// 000000003D54: CC464030 1CC2D160
	v_wmma_f32_16x16x16_fp8_fp8 v[56:63], v[96:97], v[106:107], v[56:63]// 000000003D5C: CC464038 1CE2D560
	v_wmma_f32_16x16x16_fp8_fp8 v[64:71], v[98:99], v[100:101], v[64:71]// 000000003D64: CC464040 1D02C962
	v_wmma_f32_16x16x16_fp8_fp8 v[72:79], v[98:99], v[102:103], v[72:79]// 000000003D6C: CC464048 1D22CD62
	v_wmma_f32_16x16x16_fp8_fp8 v[80:87], v[98:99], v[104:105], v[80:87]// 000000003D74: CC464050 1D42D162
	v_wmma_f32_16x16x16_fp8_fp8 v[88:95], v[98:99], v[106:107], v[88:95]// 000000003D7C: CC464058 1D62D562
	s_add_co_u32 s52, s52, s10                                 // 000000003D84: 80340A34
	s_add_co_ci_u32 s53, s53, 0                                // 000000003D88: 82358035
	global_load_tr_b64 v[100:101], v9, s[52:53]                // 000000003D8C: EE160034 00000064 00000009
	global_load_tr_b64 v[102:103], v9, s[52:53] offset:256     // 000000003D98: EE160034 00000066 00010009
	global_load_tr_b64 v[104:105], v9, s[52:53] offset:512     // 000000003DA4: EE160034 00000068 00020009
	global_load_tr_b64 v[106:107], v9, s[52:53] offset:768     // 000000003DB0: EE160034 0000006A 00030009
	global_load_b64 v[96:97], v8, s[56:57] offset:240          // 000000003DBC: EE054038 00000060 0000F008
	s_mul_i32 s58, s32, 1                                      // 000000003DC8: 963A8120
	s_add_co_u32 s58, s56, s58                                 // 000000003DCC: 803A3A38
	s_add_co_ci_u32 s59, s57, 0                                // 000000003DD0: 823B8039
	global_load_b64 v[98:99], v8, s[58:59] offset:240          // 000000003DD4: EE05403A 00000062 0000F008
	s_wait_loadcnt 0x0                                         // 000000003DE0: BFC00000
	v_wmma_f32_16x16x16_fp8_fp8 v[32:39], v[96:97], v[100:101], v[32:39]// 000000003DE4: CC464020 1C82C960
	v_wmma_f32_16x16x16_fp8_fp8 v[40:47], v[96:97], v[102:103], v[40:47]// 000000003DEC: CC464028 1CA2CD60
	v_wmma_f32_16x16x16_fp8_fp8 v[48:55], v[96:97], v[104:105], v[48:55]// 000000003DF4: CC464030 1CC2D160
	v_wmma_f32_16x16x16_fp8_fp8 v[56:63], v[96:97], v[106:107], v[56:63]// 000000003DFC: CC464038 1CE2D560
	v_wmma_f32_16x16x16_fp8_fp8 v[64:71], v[98:99], v[100:101], v[64:71]// 000000003E04: CC464040 1D02C962
	v_wmma_f32_16x16x16_fp8_fp8 v[72:79], v[98:99], v[102:103], v[72:79]// 000000003E0C: CC464048 1D22CD62
	v_wmma_f32_16x16x16_fp8_fp8 v[80:87], v[98:99], v[104:105], v[80:87]// 000000003E14: CC464050 1D42D162
	v_wmma_f32_16x16x16_fp8_fp8 v[88:95], v[98:99], v[106:107], v[88:95]// 000000003E1C: CC464058 1D62D562
	s_mul_i32 s39, s33, 0x2000                                 // 000000003E24: 9627FF21 00002000
	s_add_co_u32 s39, s39, 0x200                               // 000000003E2C: 8027FF27 00000200
	v_add_nc_u32_e64 v12, v10, s39                             // 000000003E34: D525000C 02004F0A
	s_add_co_u32 s89, s89, 1                                   // 000000003E3C: 80598159
	ds_add_f32 v12, v32                                        // 000000003E40: D8540000 0000200C
	ds_add_f32 v12, v33 offset:4                               // 000000003E48: D8540004 0000210C
	ds_add_f32 v12, v34 offset:8                               // 000000003E50: D8540008 0000220C
	ds_add_f32 v12, v35 offset:12                              // 000000003E58: D854000C 0000230C
	ds_add_f32 v12, v36 offset:16                              // 000000003E60: D8540010 0000240C
	ds_add_f32 v12, v37 offset:20                              // 000000003E68: D8540014 0000250C
	ds_add_f32 v12, v38 offset:24                              // 000000003E70: D8540018 0000260C
	ds_add_f32 v12, v39 offset:28                              // 000000003E78: D854001C 0000270C
	ds_add_f32 v12, v40 offset:1024                            // 000000003E80: D8540400 0000280C
	ds_add_f32 v12, v41 offset:1028                            // 000000003E88: D8540404 0000290C
	ds_add_f32 v12, v42 offset:1032                            // 000000003E90: D8540408 00002A0C
	ds_add_f32 v12, v43 offset:1036                            // 000000003E98: D854040C 00002B0C
	ds_add_f32 v12, v44 offset:1040                            // 000000003EA0: D8540410 00002C0C
	ds_add_f32 v12, v45 offset:1044                            // 000000003EA8: D8540414 00002D0C
	ds_add_f32 v12, v46 offset:1048                            // 000000003EB0: D8540418 00002E0C
	ds_add_f32 v12, v47 offset:1052                            // 000000003EB8: D854041C 00002F0C
	ds_add_f32 v12, v48 offset:2048                            // 000000003EC0: D8540800 0000300C
	ds_add_f32 v12, v49 offset:2052                            // 000000003EC8: D8540804 0000310C
	ds_add_f32 v12, v50 offset:2056                            // 000000003ED0: D8540808 0000320C
	ds_add_f32 v12, v51 offset:2060                            // 000000003ED8: D854080C 0000330C
	ds_add_f32 v12, v52 offset:2064                            // 000000003EE0: D8540810 0000340C
	ds_add_f32 v12, v53 offset:2068                            // 000000003EE8: D8540814 0000350C
	ds_add_f32 v12, v54 offset:2072                            // 000000003EF0: D8540818 0000360C
	ds_add_f32 v12, v55 offset:2076                            // 000000003EF8: D854081C 0000370C
	ds_add_f32 v12, v56 offset:3072                            // 000000003F00: D8540C00 0000380C
	ds_add_f32 v12, v57 offset:3076                            // 000000003F08: D8540C04 0000390C
	ds_add_f32 v12, v58 offset:3080                            // 000000003F10: D8540C08 00003A0C
	ds_add_f32 v12, v59 offset:3084                            // 000000003F18: D8540C0C 00003B0C
	ds_add_f32 v12, v60 offset:3088                            // 000000003F20: D8540C10 00003C0C
	ds_add_f32 v12, v61 offset:3092                            // 000000003F28: D8540C14 00003D0C
	ds_add_f32 v12, v62 offset:3096                            // 000000003F30: D8540C18 00003E0C
	ds_add_f32 v12, v63 offset:3100                            // 000000003F38: D8540C1C 00003F0C
	ds_add_f32 v12, v64 offset:4096                            // 000000003F40: D8541000 0000400C
	ds_add_f32 v12, v65 offset:4100                            // 000000003F48: D8541004 0000410C
	ds_add_f32 v12, v66 offset:4104                            // 000000003F50: D8541008 0000420C
	ds_add_f32 v12, v67 offset:4108                            // 000000003F58: D854100C 0000430C
	ds_add_f32 v12, v68 offset:4112                            // 000000003F60: D8541010 0000440C
	ds_add_f32 v12, v69 offset:4116                            // 000000003F68: D8541014 0000450C
	ds_add_f32 v12, v70 offset:4120                            // 000000003F70: D8541018 0000460C
	ds_add_f32 v12, v71 offset:4124                            // 000000003F78: D854101C 0000470C
	ds_add_f32 v12, v72 offset:5120                            // 000000003F80: D8541400 0000480C
	ds_add_f32 v12, v73 offset:5124                            // 000000003F88: D8541404 0000490C
	ds_add_f32 v12, v74 offset:5128                            // 000000003F90: D8541408 00004A0C
	ds_add_f32 v12, v75 offset:5132                            // 000000003F98: D854140C 00004B0C
	ds_add_f32 v12, v76 offset:5136                            // 000000003FA0: D8541410 00004C0C
	ds_add_f32 v12, v77 offset:5140                            // 000000003FA8: D8541414 00004D0C
	ds_add_f32 v12, v78 offset:5144                            // 000000003FB0: D8541418 00004E0C
	ds_add_f32 v12, v79 offset:5148                            // 000000003FB8: D854141C 00004F0C
	ds_add_f32 v12, v80 offset:6144                            // 000000003FC0: D8541800 0000500C
	ds_add_f32 v12, v81 offset:6148                            // 000000003FC8: D8541804 0000510C
	ds_add_f32 v12, v82 offset:6152                            // 000000003FD0: D8541808 0000520C
	ds_add_f32 v12, v83 offset:6156                            // 000000003FD8: D854180C 0000530C
	ds_add_f32 v12, v84 offset:6160                            // 000000003FE0: D8541810 0000540C
	ds_add_f32 v12, v85 offset:6164                            // 000000003FE8: D8541814 0000550C
	ds_add_f32 v12, v86 offset:6168                            // 000000003FF0: D8541818 0000560C
	ds_add_f32 v12, v87 offset:6172                            // 000000003FF8: D854181C 0000570C
	ds_add_f32 v12, v88 offset:7168                            // 000000004000: D8541C00 0000580C
	ds_add_f32 v12, v89 offset:7172                            // 000000004008: D8541C04 0000590C
	ds_add_f32 v12, v90 offset:7176                            // 000000004010: D8541C08 00005A0C
	ds_add_f32 v12, v91 offset:7180                            // 000000004018: D8541C0C 00005B0C
	ds_add_f32 v12, v92 offset:7184                            // 000000004020: D8541C10 00005C0C
	ds_add_f32 v12, v93 offset:7188                            // 000000004028: D8541C14 00005D0C
	ds_add_f32 v12, v94 offset:7192                            // 000000004030: D8541C18 00005E0C
	ds_add_f32 v12, v95 offset:7196                            // 000000004038: D8541C1C 00005F0C
	s_branch 0                                                 // 000000004040: BFA00000 <occ_kernel+0x4044>
	s_wait_dscnt 0x0                                           // 000000004044: BFC60000
	s_add_co_u32 s85, s85, 1                                   // 000000004048: 80558155
	s_mov_b32 s101, 1                                          // 00000000404C: BEE50081
	s_add_co_u32 s45, s48, 12                                  // 000000004050: 802D8C30
	s_mov_b32 s49, exec_lo                                     // 000000004054: BEB1007E
	s_ctz_i32_b32 s47, s49                                     // 000000004058: BEAF0831
	v_cmp_eq_u32_e32 vcc_lo, s47, v2                           // 00000000405C: 7C94042F
	s_and_b32 exec_lo, exec_lo, vcc_lo                         // 000000004060: 8B7E6A7E
	s_cbranch_execz 6                                          // 000000004064: BFA50006 <occ_kernel+0x4080>
	v_mov_b32_e32 v11, s45                                     // 000000004068: 7E16022D
	v_mov_b32_e32 v14, 1                                       // 00000000406C: 7E1C0281
	ds_add_rtn_u32 v14, v11, v14                               // 000000004070: D8800000 0E000E0B
	s_wait_dscnt 0x0                                           // 000000004078: BFC60000
	v_readfirstlane_b32 s47, v14                               // 00000000407C: 7E5E050E
	s_mov_b32 exec_lo, s49                                     // 000000004080: BEFE0031
	s_mov_b32 s49, exec_lo                                     // 000000004084: BEB1007E
	s_ctz_i32_b32 s92, s49                                     // 000000004088: BEDC0831
	v_cmp_eq_u32_e32 vcc_lo, s92, v2                           // 00000000408C: 7C94045C
	s_and_b32 exec_lo, exec_lo, vcc_lo                         // 000000004090: 8B7E6A7E
	s_cbranch_execz 7                                          // 000000004094: BFA50007 <occ_kernel+0x40b4>
	v_mov_b32_e32 v11, 0x170                                   // 000000004098: 7E1602FF 00000170
	v_mov_b32_e32 v14, 1                                       // 0000000040A0: 7E1C0281
	ds_add_rtn_u32 v14, v11, v14                               // 0000000040A4: D8800000 0E000E0B
	s_wait_dscnt 0x0                                           // 0000000040AC: BFC60000
	v_readfirstlane_b32 s92, v14                               // 0000000040B0: 7EB8050E
	s_mov_b32 exec_lo, s49                                     // 0000000040B4: BEFE0031
	s_mul_hi_u32 s93, s92, 0x55555555                          // 0000000040B8: 96DDFF5C 55555555
	s_mul_i32 s93, s93, 3                                      // 0000000040C0: 965D835D
	s_sub_co_u32 s92, s92, s93                                 // 0000000040C4: 80DC5D5C
	s_cmp_ge_u32 s92, 3                                        // 0000000040C8: BF09835C
	s_cbranch_scc0 1                                           // 0000000040CC: BFA10001 <occ_kernel+0x40d4>
	s_sub_co_u32 s92, s92, 3                                   // 0000000040D0: 80DC835C
	s_add_co_u32 s92, s92, 3                                   // 0000000040D4: 805C835C
	s_lshl_b32 s92, s92, 2                                     // 0000000040D8: 845C825C
	s_add_co_u32 s92, s92, 0xf0                                // 0000000040DC: 805CFF5C 000000F0
	s_mov_b32 s49, exec_lo                                     // 0000000040E4: BEB1007E
	v_cmp_eq_u32_e32 vcc_lo, 0, v2                             // 0000000040E8: 7C940480
	s_and_b32 exec_lo, exec_lo, vcc_lo                         // 0000000040EC: 8B7E6A7E
	s_cbranch_execz 5                                          // 0000000040F0: BFA50005 <occ_kernel+0x4108>
	v_mov_b32_e32 v11, s92                                     // 0000000040F4: 7E16025C
	v_mov_b32_e32 v14, 1                                       // 0000000040F8: 7E1C0281
	ds_store_b32 v11, v14                                      // 0000000040FC: D8340000 00000E0B
	s_wait_dscnt 0x0                                           // 000000004104: BFC60000
	s_mov_b32 exec_lo, s49                                     // 000000004108: BEFE0031
	s_alloc_vgpr 32                                            // 00000000410C: BE8053A0
	s_cbranch_scc0 65534                                       // 000000004110: BFA1FFFE <occ_kernel+0x410c>
	s_lshl_b32 s43, s41, 2                                     // 000000004114: 842B8229
	s_add_co_u32 s43, s43, 0xa0                                // 000000004118: 802BFF2B 000000A0
	s_mov_b32 s49, exec_lo                                     // 000000004120: BEB1007E
	s_ctz_i32_b32 s51, s49                                     // 000000004124: BEB30831
	v_cmp_eq_u32_e32 vcc_lo, s51, v2                           // 000000004128: 7C940433
	s_and_b32 exec_lo, exec_lo, vcc_lo                         // 00000000412C: 8B7E6A7E
	s_cbranch_execz 6                                          // 000000004130: BFA50006 <occ_kernel+0x414c>
	v_mov_b32_e32 v11, s43                                     // 000000004134: 7E16022B
	v_mov_b32_e32 v14, 1                                       // 000000004138: 7E1C0281
	ds_add_rtn_u32 v14, v11, v14                               // 00000000413C: D8800000 0E000E0B
	s_wait_dscnt 0x0                                           // 000000004144: BFC60000
	v_readfirstlane_b32 s51, v14                               // 000000004148: 7E66050E
	s_mov_b32 exec_lo, s49                                     // 00000000414C: BEFE0031
	s_add_co_u32 s43, s66, 1                                   // 000000004150: 802B8142
	s_mul_i32 s43, s43, 4                                      // 000000004154: 962B842B
	s_cmp_lt_u32 s51, s43                                      // 000000004158: BF0A2B33
	s_cbranch_scc0 3                                           // 00000000415C: BFA10003 <occ_kernel+0x416c>
	s_add_co_u32 s51, s51, 1                                   // 000000004160: 80338133
	s_cmp_ge_u32 s51, s43                                      // 000000004164: BF092B33
	s_cbranch_scc1 4                                           // 000000004168: BFA20004 <occ_kernel+0x417c>
	s_add_co_u32 s47, s47, 1                                   // 00000000416C: 802F812F
	s_cmp_ge_u32 s47, 4                                        // 000000004170: BF09842F
	s_cbranch_scc0 64473                                       // 000000004174: BFA1FBD9 <occ_kernel+0x30dc>
	s_branch 396                                               // 000000004178: BFA0018C <occ_kernel+0x47ac>
	s_mul_i32 s38, s19, s13                                    // 00000000417C: 96260D13
	s_add_co_u32 s38, s38, s30                                 // 000000004180: 80261E26
	s_mul_i32 s38, s38, 0x10000                                // 000000004184: 9626FF26 00010000
	s_add_co_u32 s28, s6, s38                                  // 00000000418C: 801C2606
	s_add_co_ci_u32 s29, s7, 0                                 // 000000004190: 821D8007
	s_mul_i32 s39, s41, 0x8000                                 // 000000004194: 9627FF29 00008000
	s_add_co_u32 s28, s28, s39                                 // 00000000419C: 801C271C
	s_add_co_ci_u32 s29, s29, 0                                // 0000000041A0: 821D801D
	s_mov_b32 s39, 0x200                                       // 0000000041A4: BEA700FF 00000200
	v_add_nc_u32_e64 v12, v10, s39                             // 0000000041AC: D525000C 02004F0A
	ds_load_b128 v[16:19], v12                                 // 0000000041B4: DBFC0000 1000000C
	ds_load_b128 v[20:23], v12 offset:16                       // 0000000041BC: DBFC0010 1400000C
	s_wait_dscnt 0x0                                           // 0000000041C4: BFC60000
	global_store_b128 v10, v[16:19], s[28:29] scope:SCOPE_DEV  // 0000000041C8: EE07401C 08080000 0000000A
	global_store_b128 v10, v[20:23], s[28:29] offset:16 scope:SCOPE_DEV// 0000000041D4: EE07401C 0A080000 0000100A
	ds_load_b128 v[16:19], v12 offset:1024                     // 0000000041E0: DBFC0400 1000000C
	ds_load_b128 v[20:23], v12 offset:1040                     // 0000000041E8: DBFC0410 1400000C
	s_wait_dscnt 0x0                                           // 0000000041F0: BFC60000
	global_store_b128 v10, v[16:19], s[28:29] offset:1024 scope:SCOPE_DEV// 0000000041F4: EE07401C 08080000 0004000A
	global_store_b128 v10, v[20:23], s[28:29] offset:1040 scope:SCOPE_DEV// 000000004200: EE07401C 0A080000 0004100A
	ds_load_b128 v[16:19], v12 offset:2048                     // 00000000420C: DBFC0800 1000000C
	ds_load_b128 v[20:23], v12 offset:2064                     // 000000004214: DBFC0810 1400000C
	s_wait_dscnt 0x0                                           // 00000000421C: BFC60000
	global_store_b128 v10, v[16:19], s[28:29] offset:2048 scope:SCOPE_DEV// 000000004220: EE07401C 08080000 0008000A
	global_store_b128 v10, v[20:23], s[28:29] offset:2064 scope:SCOPE_DEV// 00000000422C: EE07401C 0A080000 0008100A
	ds_load_b128 v[16:19], v12 offset:3072                     // 000000004238: DBFC0C00 1000000C
	ds_load_b128 v[20:23], v12 offset:3088                     // 000000004240: DBFC0C10 1400000C
	s_wait_dscnt 0x0                                           // 000000004248: BFC60000
	global_store_b128 v10, v[16:19], s[28:29] offset:3072 scope:SCOPE_DEV// 00000000424C: EE07401C 08080000 000C000A
	global_store_b128 v10, v[20:23], s[28:29] offset:3088 scope:SCOPE_DEV// 000000004258: EE07401C 0A080000 000C100A
	ds_load_b128 v[16:19], v12 offset:4096                     // 000000004264: DBFC1000 1000000C
	ds_load_b128 v[20:23], v12 offset:4112                     // 00000000426C: DBFC1010 1400000C
	s_wait_dscnt 0x0                                           // 000000004274: BFC60000
	global_store_b128 v10, v[16:19], s[28:29] offset:4096 scope:SCOPE_DEV// 000000004278: EE07401C 08080000 0010000A
	global_store_b128 v10, v[20:23], s[28:29] offset:4112 scope:SCOPE_DEV// 000000004284: EE07401C 0A080000 0010100A
	ds_load_b128 v[16:19], v12 offset:5120                     // 000000004290: DBFC1400 1000000C
	ds_load_b128 v[20:23], v12 offset:5136                     // 000000004298: DBFC1410 1400000C
	s_wait_dscnt 0x0                                           // 0000000042A0: BFC60000
	global_store_b128 v10, v[16:19], s[28:29] offset:5120 scope:SCOPE_DEV// 0000000042A4: EE07401C 08080000 0014000A
	global_store_b128 v10, v[20:23], s[28:29] offset:5136 scope:SCOPE_DEV// 0000000042B0: EE07401C 0A080000 0014100A
	ds_load_b128 v[16:19], v12 offset:6144                     // 0000000042BC: DBFC1800 1000000C
	ds_load_b128 v[20:23], v12 offset:6160                     // 0000000042C4: DBFC1810 1400000C
	s_wait_dscnt 0x0                                           // 0000000042CC: BFC60000
	global_store_b128 v10, v[16:19], s[28:29] offset:6144 scope:SCOPE_DEV// 0000000042D0: EE07401C 08080000 0018000A
	global_store_b128 v10, v[20:23], s[28:29] offset:6160 scope:SCOPE_DEV// 0000000042DC: EE07401C 0A080000 0018100A
	ds_load_b128 v[16:19], v12 offset:7168                     // 0000000042E8: DBFC1C00 1000000C
	ds_load_b128 v[20:23], v12 offset:7184                     // 0000000042F0: DBFC1C10 1400000C
	s_wait_dscnt 0x0                                           // 0000000042F8: BFC60000
	global_store_b128 v10, v[16:19], s[28:29] offset:7168 scope:SCOPE_DEV// 0000000042FC: EE07401C 08080000 001C000A
	global_store_b128 v10, v[20:23], s[28:29] offset:7184 scope:SCOPE_DEV// 000000004308: EE07401C 0A080000 001C100A
	s_mov_b32 s39, 0x2200                                      // 000000004314: BEA700FF 00002200
	v_add_nc_u32_e64 v12, v10, s39                             // 00000000431C: D525000C 02004F0A
	ds_load_b128 v[16:19], v12                                 // 000000004324: DBFC0000 1000000C
	ds_load_b128 v[20:23], v12 offset:16                       // 00000000432C: DBFC0010 1400000C
	s_wait_dscnt 0x0                                           // 000000004334: BFC60000
	global_store_b128 v10, v[16:19], s[28:29] offset:8192 scope:SCOPE_DEV// 000000004338: EE07401C 08080000 0020000A
	global_store_b128 v10, v[20:23], s[28:29] offset:8208 scope:SCOPE_DEV// 000000004344: EE07401C 0A080000 0020100A
	ds_load_b128 v[16:19], v12 offset:1024                     // 000000004350: DBFC0400 1000000C
	ds_load_b128 v[20:23], v12 offset:1040                     // 000000004358: DBFC0410 1400000C
	s_wait_dscnt 0x0                                           // 000000004360: BFC60000
	global_store_b128 v10, v[16:19], s[28:29] offset:9216 scope:SCOPE_DEV// 000000004364: EE07401C 08080000 0024000A
	global_store_b128 v10, v[20:23], s[28:29] offset:9232 scope:SCOPE_DEV// 000000004370: EE07401C 0A080000 0024100A
	ds_load_b128 v[16:19], v12 offset:2048                     // 00000000437C: DBFC0800 1000000C
	ds_load_b128 v[20:23], v12 offset:2064                     // 000000004384: DBFC0810 1400000C
	s_wait_dscnt 0x0                                           // 00000000438C: BFC60000
	global_store_b128 v10, v[16:19], s[28:29] offset:10240 scope:SCOPE_DEV// 000000004390: EE07401C 08080000 0028000A
	global_store_b128 v10, v[20:23], s[28:29] offset:10256 scope:SCOPE_DEV// 00000000439C: EE07401C 0A080000 0028100A
	ds_load_b128 v[16:19], v12 offset:3072                     // 0000000043A8: DBFC0C00 1000000C
	ds_load_b128 v[20:23], v12 offset:3088                     // 0000000043B0: DBFC0C10 1400000C
	s_wait_dscnt 0x0                                           // 0000000043B8: BFC60000
	global_store_b128 v10, v[16:19], s[28:29] offset:11264 scope:SCOPE_DEV// 0000000043BC: EE07401C 08080000 002C000A
	global_store_b128 v10, v[20:23], s[28:29] offset:11280 scope:SCOPE_DEV// 0000000043C8: EE07401C 0A080000 002C100A
	ds_load_b128 v[16:19], v12 offset:4096                     // 0000000043D4: DBFC1000 1000000C
	ds_load_b128 v[20:23], v12 offset:4112                     // 0000000043DC: DBFC1010 1400000C
	s_wait_dscnt 0x0                                           // 0000000043E4: BFC60000
	global_store_b128 v10, v[16:19], s[28:29] offset:12288 scope:SCOPE_DEV// 0000000043E8: EE07401C 08080000 0030000A
	global_store_b128 v10, v[20:23], s[28:29] offset:12304 scope:SCOPE_DEV// 0000000043F4: EE07401C 0A080000 0030100A
	ds_load_b128 v[16:19], v12 offset:5120                     // 000000004400: DBFC1400 1000000C
	ds_load_b128 v[20:23], v12 offset:5136                     // 000000004408: DBFC1410 1400000C
	s_wait_dscnt 0x0                                           // 000000004410: BFC60000
	global_store_b128 v10, v[16:19], s[28:29] offset:13312 scope:SCOPE_DEV// 000000004414: EE07401C 08080000 0034000A
	global_store_b128 v10, v[20:23], s[28:29] offset:13328 scope:SCOPE_DEV// 000000004420: EE07401C 0A080000 0034100A
	ds_load_b128 v[16:19], v12 offset:6144                     // 00000000442C: DBFC1800 1000000C
	ds_load_b128 v[20:23], v12 offset:6160                     // 000000004434: DBFC1810 1400000C
	s_wait_dscnt 0x0                                           // 00000000443C: BFC60000
	global_store_b128 v10, v[16:19], s[28:29] offset:14336 scope:SCOPE_DEV// 000000004440: EE07401C 08080000 0038000A
	global_store_b128 v10, v[20:23], s[28:29] offset:14352 scope:SCOPE_DEV// 00000000444C: EE07401C 0A080000 0038100A
	ds_load_b128 v[16:19], v12 offset:7168                     // 000000004458: DBFC1C00 1000000C
	ds_load_b128 v[20:23], v12 offset:7184                     // 000000004460: DBFC1C10 1400000C
	s_wait_dscnt 0x0                                           // 000000004468: BFC60000
	global_store_b128 v10, v[16:19], s[28:29] offset:15360 scope:SCOPE_DEV// 00000000446C: EE07401C 08080000 003C000A
	global_store_b128 v10, v[20:23], s[28:29] offset:15376 scope:SCOPE_DEV// 000000004478: EE07401C 0A080000 003C100A
	s_mov_b32 s39, 0x4200                                      // 000000004484: BEA700FF 00004200
	v_add_nc_u32_e64 v12, v10, s39                             // 00000000448C: D525000C 02004F0A
	ds_load_b128 v[16:19], v12                                 // 000000004494: DBFC0000 1000000C
	ds_load_b128 v[20:23], v12 offset:16                       // 00000000449C: DBFC0010 1400000C
	s_wait_dscnt 0x0                                           // 0000000044A4: BFC60000
	global_store_b128 v10, v[16:19], s[28:29] offset:16384 scope:SCOPE_DEV// 0000000044A8: EE07401C 08080000 0040000A
	global_store_b128 v10, v[20:23], s[28:29] offset:16400 scope:SCOPE_DEV// 0000000044B4: EE07401C 0A080000 0040100A
	ds_load_b128 v[16:19], v12 offset:1024                     // 0000000044C0: DBFC0400 1000000C
	ds_load_b128 v[20:23], v12 offset:1040                     // 0000000044C8: DBFC0410 1400000C
	s_wait_dscnt 0x0                                           // 0000000044D0: BFC60000
	global_store_b128 v10, v[16:19], s[28:29] offset:17408 scope:SCOPE_DEV// 0000000044D4: EE07401C 08080000 0044000A
	global_store_b128 v10, v[20:23], s[28:29] offset:17424 scope:SCOPE_DEV// 0000000044E0: EE07401C 0A080000 0044100A
	ds_load_b128 v[16:19], v12 offset:2048                     // 0000000044EC: DBFC0800 1000000C
	ds_load_b128 v[20:23], v12 offset:2064                     // 0000000044F4: DBFC0810 1400000C
	s_wait_dscnt 0x0                                           // 0000000044FC: BFC60000
	global_store_b128 v10, v[16:19], s[28:29] offset:18432 scope:SCOPE_DEV// 000000004500: EE07401C 08080000 0048000A
	global_store_b128 v10, v[20:23], s[28:29] offset:18448 scope:SCOPE_DEV// 00000000450C: EE07401C 0A080000 0048100A
	ds_load_b128 v[16:19], v12 offset:3072                     // 000000004518: DBFC0C00 1000000C
	ds_load_b128 v[20:23], v12 offset:3088                     // 000000004520: DBFC0C10 1400000C
	s_wait_dscnt 0x0                                           // 000000004528: BFC60000
	global_store_b128 v10, v[16:19], s[28:29] offset:19456 scope:SCOPE_DEV// 00000000452C: EE07401C 08080000 004C000A
	global_store_b128 v10, v[20:23], s[28:29] offset:19472 scope:SCOPE_DEV// 000000004538: EE07401C 0A080000 004C100A
	ds_load_b128 v[16:19], v12 offset:4096                     // 000000004544: DBFC1000 1000000C
	ds_load_b128 v[20:23], v12 offset:4112                     // 00000000454C: DBFC1010 1400000C
	s_wait_dscnt 0x0                                           // 000000004554: BFC60000
	global_store_b128 v10, v[16:19], s[28:29] offset:20480 scope:SCOPE_DEV// 000000004558: EE07401C 08080000 0050000A
	global_store_b128 v10, v[20:23], s[28:29] offset:20496 scope:SCOPE_DEV// 000000004564: EE07401C 0A080000 0050100A
	ds_load_b128 v[16:19], v12 offset:5120                     // 000000004570: DBFC1400 1000000C
	ds_load_b128 v[20:23], v12 offset:5136                     // 000000004578: DBFC1410 1400000C
	s_wait_dscnt 0x0                                           // 000000004580: BFC60000
	global_store_b128 v10, v[16:19], s[28:29] offset:21504 scope:SCOPE_DEV// 000000004584: EE07401C 08080000 0054000A
	global_store_b128 v10, v[20:23], s[28:29] offset:21520 scope:SCOPE_DEV// 000000004590: EE07401C 0A080000 0054100A
	ds_load_b128 v[16:19], v12 offset:6144                     // 00000000459C: DBFC1800 1000000C
	ds_load_b128 v[20:23], v12 offset:6160                     // 0000000045A4: DBFC1810 1400000C
	s_wait_dscnt 0x0                                           // 0000000045AC: BFC60000
	global_store_b128 v10, v[16:19], s[28:29] offset:22528 scope:SCOPE_DEV// 0000000045B0: EE07401C 08080000 0058000A
	global_store_b128 v10, v[20:23], s[28:29] offset:22544 scope:SCOPE_DEV// 0000000045BC: EE07401C 0A080000 0058100A
	ds_load_b128 v[16:19], v12 offset:7168                     // 0000000045C8: DBFC1C00 1000000C
	ds_load_b128 v[20:23], v12 offset:7184                     // 0000000045D0: DBFC1C10 1400000C
	s_wait_dscnt 0x0                                           // 0000000045D8: BFC60000
	global_store_b128 v10, v[16:19], s[28:29] offset:23552 scope:SCOPE_DEV// 0000000045DC: EE07401C 08080000 005C000A
	global_store_b128 v10, v[20:23], s[28:29] offset:23568 scope:SCOPE_DEV// 0000000045E8: EE07401C 0A080000 005C100A
	s_mov_b32 s39, 0x6200                                      // 0000000045F4: BEA700FF 00006200
	v_add_nc_u32_e64 v12, v10, s39                             // 0000000045FC: D525000C 02004F0A
	ds_load_b128 v[16:19], v12                                 // 000000004604: DBFC0000 1000000C
	ds_load_b128 v[20:23], v12 offset:16                       // 00000000460C: DBFC0010 1400000C
	s_wait_dscnt 0x0                                           // 000000004614: BFC60000
	global_store_b128 v10, v[16:19], s[28:29] offset:24576 scope:SCOPE_DEV// 000000004618: EE07401C 08080000 0060000A
	global_store_b128 v10, v[20:23], s[28:29] offset:24592 scope:SCOPE_DEV// 000000004624: EE07401C 0A080000 0060100A
	ds_load_b128 v[16:19], v12 offset:1024                     // 000000004630: DBFC0400 1000000C
	ds_load_b128 v[20:23], v12 offset:1040                     // 000000004638: DBFC0410 1400000C
	s_wait_dscnt 0x0                                           // 000000004640: BFC60000
	global_store_b128 v10, v[16:19], s[28:29] offset:25600 scope:SCOPE_DEV// 000000004644: EE07401C 08080000 0064000A
	global_store_b128 v10, v[20:23], s[28:29] offset:25616 scope:SCOPE_DEV// 000000004650: EE07401C 0A080000 0064100A
	ds_load_b128 v[16:19], v12 offset:2048                     // 00000000465C: DBFC0800 1000000C
	ds_load_b128 v[20:23], v12 offset:2064                     // 000000004664: DBFC0810 1400000C
	s_wait_dscnt 0x0                                           // 00000000466C: BFC60000
	global_store_b128 v10, v[16:19], s[28:29] offset:26624 scope:SCOPE_DEV// 000000004670: EE07401C 08080000 0068000A
	global_store_b128 v10, v[20:23], s[28:29] offset:26640 scope:SCOPE_DEV// 00000000467C: EE07401C 0A080000 0068100A
	ds_load_b128 v[16:19], v12 offset:3072                     // 000000004688: DBFC0C00 1000000C
	ds_load_b128 v[20:23], v12 offset:3088                     // 000000004690: DBFC0C10 1400000C
	s_wait_dscnt 0x0                                           // 000000004698: BFC60000
	global_store_b128 v10, v[16:19], s[28:29] offset:27648 scope:SCOPE_DEV// 00000000469C: EE07401C 08080000 006C000A
	global_store_b128 v10, v[20:23], s[28:29] offset:27664 scope:SCOPE_DEV// 0000000046A8: EE07401C 0A080000 006C100A
	ds_load_b128 v[16:19], v12 offset:4096                     // 0000000046B4: DBFC1000 1000000C
	ds_load_b128 v[20:23], v12 offset:4112                     // 0000000046BC: DBFC1010 1400000C
	s_wait_dscnt 0x0                                           // 0000000046C4: BFC60000
	global_store_b128 v10, v[16:19], s[28:29] offset:28672 scope:SCOPE_DEV// 0000000046C8: EE07401C 08080000 0070000A
	global_store_b128 v10, v[20:23], s[28:29] offset:28688 scope:SCOPE_DEV// 0000000046D4: EE07401C 0A080000 0070100A
	ds_load_b128 v[16:19], v12 offset:5120                     // 0000000046E0: DBFC1400 1000000C
	ds_load_b128 v[20:23], v12 offset:5136                     // 0000000046E8: DBFC1410 1400000C
	s_wait_dscnt 0x0                                           // 0000000046F0: BFC60000
	global_store_b128 v10, v[16:19], s[28:29] offset:29696 scope:SCOPE_DEV// 0000000046F4: EE07401C 08080000 0074000A
	global_store_b128 v10, v[20:23], s[28:29] offset:29712 scope:SCOPE_DEV// 000000004700: EE07401C 0A080000 0074100A
	ds_load_b128 v[16:19], v12 offset:6144                     // 00000000470C: DBFC1800 1000000C
	ds_load_b128 v[20:23], v12 offset:6160                     // 000000004714: DBFC1810 1400000C
	s_wait_dscnt 0x0                                           // 00000000471C: BFC60000
	global_store_b128 v10, v[16:19], s[28:29] offset:30720 scope:SCOPE_DEV// 000000004720: EE07401C 08080000 0078000A
	global_store_b128 v10, v[20:23], s[28:29] offset:30736 scope:SCOPE_DEV// 00000000472C: EE07401C 0A080000 0078100A
	ds_load_b128 v[16:19], v12 offset:7168                     // 000000004738: DBFC1C00 1000000C
	ds_load_b128 v[20:23], v12 offset:7184                     // 000000004740: DBFC1C10 1400000C
	s_wait_dscnt 0x0                                           // 000000004748: BFC60000
	global_store_b128 v10, v[16:19], s[28:29] offset:31744 scope:SCOPE_DEV// 00000000474C: EE07401C 08080000 007C000A
	global_store_b128 v10, v[20:23], s[28:29] offset:31760 scope:SCOPE_DEV// 000000004758: EE07401C 0A080000 007C100A
	s_wait_storecnt 0x0                                        // 000000004764: BFC10000
	s_mov_b32 s45, 0x1f8                                       // 000000004768: BEAD00FF 000001F8
	s_mov_b32 s49, exec_lo                                     // 000000004770: BEB1007E
	s_ctz_i32_b32 s43, s49                                     // 000000004774: BEAB0831
	v_cmp_eq_u32_e32 vcc_lo, s43, v2                           // 000000004778: 7C94042B
	s_and_b32 exec_lo, exec_lo, vcc_lo                         // 00000000477C: 8B7E6A7E
	s_cbranch_execz 6                                          // 000000004780: BFA50006 <occ_kernel+0x479c>
	v_mov_b32_e32 v11, s45                                     // 000000004784: 7E16022D
	v_mov_b32_e32 v14, 1                                       // 000000004788: 7E1C0281
	ds_add_rtn_u32 v14, v11, v14                               // 00000000478C: D8800000 0E000E0B
	s_wait_dscnt 0x0                                           // 000000004794: BFC60000
	v_readfirstlane_b32 s43, v14                               // 000000004798: 7E56050E
	s_mov_b32 exec_lo, s49                                     // 00000000479C: BEFE0031
	s_add_co_u32 s47, s47, 1                                   // 0000000047A0: 802F812F
	s_cmp_ge_u32 s47, 4                                        // 0000000047A4: BF09842F
	s_cbranch_scc0 64076                                       // 0000000047A8: BFA1FA4C <occ_kernel+0x30dc>
	v_mov_b32_e32 v11, 8                                       // 0000000047AC: 7E160288
	ds_load_b32 v14, v11                                       // 0000000047B0: D8D80000 0E00000B
	s_wait_dscnt 0x0                                           // 0000000047B8: BFC60000
	v_readfirstlane_b32 s20, v14                               // 0000000047BC: 7E28050E
	v_mov_b32_e32 v11, 4                                       // 0000000047C0: 7E160284
	ds_load_b32 v14, v11                                       // 0000000047C4: D8D80000 0E00000B
	s_wait_dscnt 0x0                                           // 0000000047CC: BFC60000
	v_readfirstlane_b32 s21, v14                               // 0000000047D0: 7E2A050E
	s_cmp_ge_u32 s20, s21                                      // 0000000047D4: BF091514
	s_cbranch_scc1 36                                          // 0000000047D8: BFA20024 <occ_kernel+0x486c>
	s_and_b32 s22, s20, 31                                     // 0000000047DC: 8B169F14
	s_lshl_b32 s22, s22, 5                                     // 0000000047E0: 84168516
	s_add_co_u32 s22, s22, 0x8200                              // 0000000047E4: 8016FF16 00008200
	s_add_co_u32 s23, s22, 4                                   // 0000000047EC: 80178416
	v_mov_b32_e32 v11, s23                                     // 0000000047F0: 7E160217
	ds_load_b32 v14, v11                                       // 0000000047F4: D8D80000 0E00000B
	s_wait_dscnt 0x0                                           // 0000000047FC: BFC60000
	v_readfirstlane_b32 s23, v14                               // 000000004800: 7E2E050E
	s_cmp_lg_u32 s23, s20                                      // 000000004804: BF071417
	s_cbranch_scc1 24                                          // 000000004808: BFA20018 <occ_kernel+0x486c>
	s_add_co_u32 s23, s22, 12                                  // 00000000480C: 80178C16
	v_mov_b32_e32 v11, s23                                     // 000000004810: 7E160217
	ds_load_b32 v14, v11                                       // 000000004814: D8D80000 0E00000B
	s_wait_dscnt 0x0                                           // 00000000481C: BFC60000
	v_readfirstlane_b32 s23, v14                               // 000000004820: 7E2E050E
	s_cmp_lt_u32 s23, 4                                        // 000000004824: BF0A8417
	s_cbranch_scc1 16                                          // 000000004828: BFA20010 <occ_kernel+0x486c>
	s_mov_b32 s49, exec_lo                                     // 00000000482C: BEB1007E
	s_add_co_u32 s60, s20, 1                                   // 000000004830: 803C8114
	s_ctz_i32_b32 s60, s49                                     // 000000004834: BEBC0831
	v_cmp_eq_u32_e32 vcc_lo, s60, v2                           // 000000004838: 7C94043C
	s_add_co_u32 s60, s20, 1                                   // 00000000483C: 803C8114
	s_and_b32 exec_lo, exec_lo, vcc_lo                         // 000000004840: 8B7E6A7E
	s_cbranch_execz 7                                          // 000000004844: BFA50007 <occ_kernel+0x4864>
	v_mov_b32_e32 v11, 8                                       // 000000004848: 7E160288
	v_mov_b32_e32 v14, s60                                     // 00000000484C: 7E1C023C
	v_mov_b32_e32 v13, s20                                     // 000000004850: 7E1A0214
	ds_cmpstore_rtn_b32 v13, v11, v14, v13                     // 000000004854: D8C00000 0D0D0E0B
	s_wait_dscnt 0x0                                           // 00000000485C: BFC60000
	v_readfirstlane_b32 s60, v13                               // 000000004860: 7E78050D
	s_mov_b32 exec_lo, s49                                     // 000000004864: BEFE0031
	s_branch 65488                                             // 000000004868: BFA0FFD0 <occ_kernel+0x47ac>
	s_branch 64027                                             // 00000000486C: BFA0FA1B <occ_kernel+0x30dc>
	s_wait_storecnt 0x0                                        // 000000004870: BFC10000
	s_alloc_vgpr 32                                            // 000000004874: BE8053A0
	s_cbranch_scc0 65534                                       // 000000004878: BFA1FFFE <occ_kernel+0x4874>
	s_branch 64023                                             // 00000000487C: BFA0FA17 <occ_kernel+0x30dc>
	s_cmp_eq_u32 s24, 2                                        // 000000004880: BF068218
	s_cbranch_scc1 2203                                        // 000000004884: BFA2089B <occ_kernel+0x6af4>
	s_branch 0                                                 // 000000004888: BFA00000 <occ_kernel+0x488c>
	v_mov_b32_e32 v11, 0x1f0                                   // 00000000488C: 7E1602FF 000001F0
	ds_load_b32 v14, v11                                       // 000000004894: D8D80000 0E00000B
	s_wait_dscnt 0x0                                           // 00000000489C: BFC60000
	v_readfirstlane_b32 s16, v14                               // 0000000048A0: 7E20050E
	s_cmp_lg_u32 s16, 1                                        // 0000000048A4: BF078110
	s_cbranch_scc1 63                                          // 0000000048A8: BFA2003F <occ_kernel+0x49a8>
	s_mov_b32 s49, exec_lo                                     // 0000000048AC: BEB1007E
	s_ctz_i32_b32 s16, s49                                     // 0000000048B0: BE900831
	v_cmp_eq_u32_e32 vcc_lo, s16, v2                           // 0000000048B4: 7C940410
	s_and_b32 exec_lo, exec_lo, vcc_lo                         // 0000000048B8: 8B7E6A7E
	s_cbranch_execz 8                                          // 0000000048BC: BFA50008 <occ_kernel+0x48e0>
	v_mov_b32_e32 v11, 0x1f0                                   // 0000000048C0: 7E1602FF 000001F0
	v_mov_b32_e32 v14, 4                                       // 0000000048C8: 7E1C0284
	v_mov_b32_e32 v13, 1                                       // 0000000048CC: 7E1A0281
	ds_cmpstore_rtn_b32 v13, v11, v14, v13                     // 0000000048D0: D8C00000 0D0D0E0B
	s_wait_dscnt 0x0                                           // 0000000048D8: BFC60000
	v_readfirstlane_b32 s16, v13                               // 0000000048DC: 7E20050D
	s_mov_b32 exec_lo, s49                                     // 0000000048E0: BEFE0031
	s_cmp_eq_u32 s16, 1                                        // 0000000048E4: BF068110
	s_cbranch_scc0 47                                          // 0000000048E8: BFA1002F <occ_kernel+0x49a8>
	s_mov_b32 s17, exec_lo                                     // 0000000048EC: BE91007E
	v_cmp_eq_u32_e32 vcc_lo, 0, v2                             // 0000000048F0: 7C940480
	s_and_b32 exec_lo, exec_lo, vcc_lo                         // 0000000048F4: 8B7E6A7E
	s_cbranch_execz 5                                          // 0000000048F8: BFA50005 <occ_kernel+0x4910>
	v_mov_b32_e32 v3, 1                                        // 0000000048FC: 7E060281
	global_atomic_add_u32 v5, v4, v3, s[0:1] offset:20 th:TH_ATOMIC_RETURN scope:SCOPE_DEV// 000000004900: EE0D4000 01980005 00001404
	s_wait_loadcnt 0x0                                         // 00000000490C: BFC00000
	s_mov_b32 exec_lo, s17                                     // 000000004910: BEFE0011
	v_readfirstlane_b32 s18, v5                                // 000000004914: 7E240505
	s_cmp_ge_u32 s18, s69                                      // 000000004918: BF094512
	s_cbranch_scc1 23                                          // 00000000491C: BFA20017 <occ_kernel+0x497c>
	s_mov_b32 s49, exec_lo                                     // 000000004920: BEB1007E
	v_cmp_eq_u32_e32 vcc_lo, 0, v2                             // 000000004924: 7C940480
	s_and_b32 exec_lo, exec_lo, vcc_lo                         // 000000004928: 8B7E6A7E
	s_cbranch_execz 6                                          // 00000000492C: BFA50006 <occ_kernel+0x4948>
	v_mov_b32_e32 v11, 0x1f4                                   // 000000004930: 7E1602FF 000001F4
	v_mov_b32_e32 v14, s18                                     // 000000004938: 7E1C0212
	ds_store_b32 v11, v14                                      // 00000000493C: D8340000 00000E0B
	s_wait_dscnt 0x0                                           // 000000004944: BFC60000
	s_mov_b32 exec_lo, s49                                     // 000000004948: BEFE0031
	s_mov_b32 s49, exec_lo                                     // 00000000494C: BEB1007E
	v_cmp_eq_u32_e32 vcc_lo, 0, v2                             // 000000004950: 7C940480
	s_and_b32 exec_lo, exec_lo, vcc_lo                         // 000000004954: 8B7E6A7E
	s_cbranch_execz 6                                          // 000000004958: BFA50006 <occ_kernel+0x4974>
	v_mov_b32_e32 v11, 0x1f0                                   // 00000000495C: 7E1602FF 000001F0
	v_mov_b32_e32 v14, 2                                       // 000000004964: 7E1C0282
	ds_store_b32 v11, v14                                      // 000000004968: D8340000 00000E0B
	s_wait_dscnt 0x0                                           // 000000004970: BFC60000
	s_mov_b32 exec_lo, s49                                     // 000000004974: BEFE0031
	s_branch 11                                                // 000000004978: BFA0000B <occ_kernel+0x49a8>
	s_mov_b32 s49, exec_lo                                     // 00000000497C: BEB1007E
	v_cmp_eq_u32_e32 vcc_lo, 0, v2                             // 000000004980: 7C940480
	s_and_b32 exec_lo, exec_lo, vcc_lo                         // 000000004984: 8B7E6A7E
	s_cbranch_execz 6                                          // 000000004988: BFA50006 <occ_kernel+0x49a4>
	v_mov_b32_e32 v11, 0x1f0                                   // 00000000498C: 7E1602FF 000001F0
	v_mov_b32_e32 v14, 3                                       // 000000004994: 7E1C0283
	ds_store_b32 v11, v14                                      // 000000004998: D8340000 00000E0B
	s_wait_dscnt 0x0                                           // 0000000049A0: BFC60000
	s_mov_b32 exec_lo, s49                                     // 0000000049A4: BEFE0031
	s_cmp_eq_u32 s66, 0                                        // 0000000049A8: BF068042
	s_cbranch_scc1 1949                                        // 0000000049AC: BFA2079D <occ_kernel+0x6824>
	v_mov_b32_e32 v11, 16                                      // 0000000049B0: 7E160290
	ds_load_b32 v14, v11                                       // 0000000049B4: D8D80000 0E00000B
	s_wait_dscnt 0x0                                           // 0000000049BC: BFC60000
	v_readfirstlane_b32 s46, v14                               // 0000000049C0: 7E5C050E
	s_cmp_eq_u32 s46, 0xdead                                   // 0000000049C4: BF06FF2E 0000DEAD
	s_cbranch_scc1 2093                                        // 0000000049CC: BFA2082D <occ_kernel+0x6a84>
	s_mov_b32 s48, 0                                           // 0000000049D0: BEB00080
	s_cmp_ge_u32 s48, 8                                        // 0000000049D4: BF098830
	s_cbranch_scc1 2090                                        // 0000000049D8: BFA2082A <occ_kernel+0x6a84>
	v_mov_b32_e32 v11, 0x1fc                                   // 0000000049DC: 7E1602FF 000001FC
	ds_load_b32 v14, v11                                       // 0000000049E4: D8D80000 0E00000B
	s_wait_dscnt 0x0                                           // 0000000049EC: BFC60000
	v_readfirstlane_b32 s51, v14                               // 0000000049F0: 7E66050E
	s_and_b32 s47, s51, 1                                      // 0000000049F4: 8B2F8133
	s_cmp_lg_u32 s47, 0                                        // 0000000049F8: BF07802F
	s_cbranch_scc1 2081                                        // 0000000049FC: BFA20821 <occ_kernel+0x6a84>
	v_mov_b32_e32 v11, 0                                       // 000000004A00: 7E160280
	ds_load_b32 v14, v11                                       // 000000004A04: D8D80000 0E00000B
	s_wait_dscnt 0x0                                           // 000000004A0C: BFC60000
	v_readfirstlane_b32 s44, v14                               // 000000004A10: 7E58050E
	v_mov_b32_e32 v11, 8                                       // 000000004A14: 7E160288
	ds_load_b32 v14, v11                                       // 000000004A18: D8D80000 0E00000B
	s_wait_dscnt 0x0                                           // 000000004A20: BFC60000
	v_readfirstlane_b32 s45, v14                               // 000000004A24: 7E5A050E
	s_cmp_ge_u32 s44, s51                                      // 000000004A28: BF09332C
	s_cbranch_scc1 68                                          // 000000004A2C: BFA20044 <occ_kernel+0x4b40>
	s_and_b32 s46, s44, s67                                    // 000000004A30: 8B2E432C
	s_cmp_gt_u32 s46, s66                                      // 000000004A34: BF08422E
	s_cbranch_scc0 3                                           // 000000004A38: BFA10003 <occ_kernel+0x4a48>
	s_cmp_lg_u32 s44, s45                                      // 000000004A3C: BF072D2C
	s_cbranch_scc1 2064                                        // 000000004A40: BFA20810 <occ_kernel+0x6a84>
	s_branch 62                                                // 000000004A44: BFA0003E <occ_kernel+0x4b40>
	s_sub_co_u32 s47, s44, s45                                 // 000000004A48: 80AF2D2C
	s_cmp_ge_u32 s47, 32                                       // 000000004A4C: BF09A02F
	s_cbranch_scc1 2060                                        // 000000004A50: BFA2080C <occ_kernel+0x6a84>
	s_add_co_u32 s45, s44, 1                                   // 000000004A54: 802D812C
	s_mov_b32 s49, exec_lo                                     // 000000004A58: BEB1007E
	s_ctz_i32_b32 s47, s49                                     // 000000004A5C: BEAF0831
	v_cmp_eq_u32_e32 vcc_lo, s47, v2                           // 000000004A60: 7C94042F
	s_and_b32 exec_lo, exec_lo, vcc_lo                         // 000000004A64: 8B7E6A7E
	s_cbranch_execz 7                                          // 000000004A68: BFA50007 <occ_kernel+0x4a88>
	v_mov_b32_e32 v11, 0                                       // 000000004A6C: 7E160280
	v_mov_b32_e32 v14, s45                                     // 000000004A70: 7E1C022D
	v_mov_b32_e32 v13, s44                                     // 000000004A74: 7E1A022C
	ds_cmpstore_rtn_b32 v13, v11, v14, v13                     // 000000004A78: D8C00000 0D0D0E0B
	s_wait_dscnt 0x0                                           // 000000004A80: BFC60000
	v_readfirstlane_b32 s47, v13                               // 000000004A84: 7E5E050D
	s_mov_b32 exec_lo, s49                                     // 000000004A88: BEFE0031
	s_cmp_eq_u32 s47, s44                                      // 000000004A8C: BF062C2F
	s_cbranch_scc0 41                                          // 000000004A90: BFA10029 <occ_kernel+0x4b38>
	v_mov_b32_e32 v11, 0x90                                    // 000000004A94: 7E1602FF 00000090
	ds_load_b32 v14, v11                                       // 000000004A9C: D8D80000 0E00000B
	s_wait_dscnt 0x0                                           // 000000004AA4: BFC60000
	v_readfirstlane_b32 s52, v14                               // 000000004AA8: 7E68050E
	v_mov_b32_e32 v11, 0x8c                                    // 000000004AAC: 7E1602FF 0000008C
	ds_load_b32 v14, v11                                       // 000000004AB4: D8D80000 0E00000B
	s_wait_dscnt 0x0                                           // 000000004ABC: BFC60000
	v_readfirstlane_b32 s51, v14                               // 000000004AC0: 7E66050E
	s_sub_co_u32 s51, s44, s51                                 // 000000004AC4: 80B3332C
	s_and_b32 s47, s51, s67                                    // 000000004AC8: 8B2F4333
	s_cmp_gt_u32 s47, s66                                      // 000000004ACC: BF08422F
	s_cbranch_scc1 403                                         // 000000004AD0: BFA20193 <occ_kernel+0x5120>
	s_cmp_lg_u32 s47, s66                                      // 000000004AD4: BF07422F
	s_cbranch_scc1 17                                          // 000000004AD8: BFA20011 <occ_kernel+0x4b20>
	s_lshr_b32 s45, s51, s68                                   // 000000004ADC: 852D4433
	s_cmp_lg_u32 s45, 0                                        // 000000004AE0: BF07802D
	s_cbranch_scc1 14                                          // 000000004AE4: BFA2000E <occ_kernel+0x4b20>
	s_mov_b32 s49, exec_lo                                     // 000000004AE8: BEB1007E
	s_ctz_i32_b32 s45, s49                                     // 000000004AEC: BEAD0831
	v_cmp_eq_u32_e32 vcc_lo, s45, v2                           // 000000004AF0: 7C94042D
	s_and_b32 exec_lo, exec_lo, vcc_lo                         // 000000004AF4: 8B7E6A7E
	s_cbranch_execz 8                                          // 000000004AF8: BFA50008 <occ_kernel+0x4b1c>
	v_mov_b32_e32 v11, 0x1f0                                   // 000000004AFC: 7E1602FF 000001F0
	v_mov_b32_e32 v14, 1                                       // 000000004B04: 7E1C0281
	v_mov_b32_e32 v13, 0                                       // 000000004B08: 7E1A0280
	ds_cmpstore_rtn_b32 v13, v11, v14, v13                     // 000000004B0C: D8C00000 0D0D0E0B
	s_wait_dscnt 0x0                                           // 000000004B14: BFC60000
	v_readfirstlane_b32 s45, v13                               // 000000004B18: 7E5A050D
	s_mov_b32 exec_lo, s49                                     // 000000004B1C: BEFE0031
	s_lshl_b32 s52, s52, s68                                   // 000000004B20: 84344434
	s_or_b32 s52, s52, s47                                     // 000000004B24: 8C342F34
	s_lshr_b32 s47, s51, s68                                   // 000000004B28: 852F4433
	s_lshl_b32 s47, s47, 28                                    // 000000004B2C: 842F9C2F
	s_or_b32 s52, s52, s47                                     // 000000004B30: 8C342F34
	s_branch 471                                               // 000000004B34: BFA001D7 <occ_kernel+0x5294>
	s_add_co_u32 s48, s48, 1                                   // 000000004B38: 80308130
	s_branch 65445                                             // 000000004B3C: BFA0FFA5 <occ_kernel+0x49d4>
	s_mov_b32 s56, 1                                           // 000000004B40: BEB80081
	v_mov_b32_e32 v11, 8                                       // 000000004B44: 7E160288
	ds_load_b32 v14, v11                                       // 000000004B48: D8D80000 0E00000B
	s_wait_dscnt 0x0                                           // 000000004B50: BFC60000
	v_readfirstlane_b32 s54, v14                               // 000000004B54: 7E6C050E
	v_mov_b32_e32 v11, 0                                       // 000000004B58: 7E160280
	ds_load_b32 v14, v11                                       // 000000004B5C: D8D80000 0E00000B
	s_wait_dscnt 0x0                                           // 000000004B64: BFC60000
	v_readfirstlane_b32 s55, v14                               // 000000004B68: 7E6E050E
	s_cmp_lt_u32 s54, s55                                      // 000000004B6C: BF0A3736
	s_cbranch_scc1 1985                                        // 000000004B70: BFA207C1 <occ_kernel+0x6a78>
	v_mov_b32_e32 v11, 0x1fc                                   // 000000004B74: 7E1602FF 000001FC
	ds_load_b32 v14, v11                                       // 000000004B7C: D8D80000 0E00000B
	s_wait_dscnt 0x0                                           // 000000004B84: BFC60000
	v_readfirstlane_b32 s54, v14                               // 000000004B88: 7E6C050E
	s_and_b32 s54, s54, -2                                     // 000000004B8C: 8B36C236
	s_lshr_b32 s54, s54, s68                                   // 000000004B90: 85364436
	v_mov_b32_e32 v11, 0x1f8                                   // 000000004B94: 7E1602FF 000001F8
	ds_load_b32 v14, v11                                       // 000000004B9C: D8D80000 0E00000B
	s_wait_dscnt 0x0                                           // 000000004BA4: BFC60000
	v_readfirstlane_b32 s55, v14                               // 000000004BA8: 7E6E050E
	s_cmp_lt_u32 s55, s54                                      // 000000004BAC: BF0A3637
	s_cbranch_scc1 1969                                        // 000000004BB0: BFA207B1 <occ_kernel+0x6a78>
	s_or_b32 s45, s51, 1                                       // 000000004BB4: 8C2D8133
	s_mov_b32 s49, exec_lo                                     // 000000004BB8: BEB1007E
	s_ctz_i32_b32 s47, s49                                     // 000000004BBC: BEAF0831
	v_cmp_eq_u32_e32 vcc_lo, s47, v2                           // 000000004BC0: 7C94042F
	s_and_b32 exec_lo, exec_lo, vcc_lo                         // 000000004BC4: 8B7E6A7E
	s_cbranch_execz 8                                          // 000000004BC8: BFA50008 <occ_kernel+0x4bec>
	v_mov_b32_e32 v11, 0x1fc                                   // 000000004BCC: 7E1602FF 000001FC
	v_mov_b32_e32 v14, s45                                     // 000000004BD4: 7E1C022D
	v_mov_b32_e32 v13, s51                                     // 000000004BD8: 7E1A0233
	ds_cmpstore_rtn_b32 v13, v11, v14, v13                     // 000000004BDC: D8C00000 0D0D0E0B
	s_wait_dscnt 0x0                                           // 000000004BE4: BFC60000
	v_readfirstlane_b32 s47, v13                               // 000000004BE8: 7E5E050D
	s_mov_b32 exec_lo, s49                                     // 000000004BEC: BEFE0031
	s_cmp_eq_u32 s47, s51                                      // 000000004BF0: BF06332F
	s_cbranch_scc0 1955                                        // 000000004BF4: BFA107A3 <occ_kernel+0x6a84>
	v_mov_b32_e32 v11, 0                                       // 000000004BF8: 7E160280
	ds_load_b32 v14, v11                                       // 000000004BFC: D8D80000 0E00000B
	s_wait_dscnt 0x0                                           // 000000004C04: BFC60000
	v_readfirstlane_b32 s44, v14                               // 000000004C08: 7E58050E
	v_mov_b32_e32 v11, 8                                       // 000000004C0C: 7E160288
	ds_load_b32 v14, v11                                       // 000000004C10: D8D80000 0E00000B
	s_wait_dscnt 0x0                                           // 000000004C18: BFC60000
	v_readfirstlane_b32 s46, v14                               // 000000004C1C: 7E5C050E
	s_cmp_lt_u32 s46, s44                                      // 000000004C20: BF0A2C2E
	s_cbranch_scc1 277                                         // 000000004C24: BFA20115 <occ_kernel+0x507c>
	s_lshr_b32 s46, s51, s68                                   // 000000004C28: 852E4433
	v_mov_b32_e32 v11, 0x1f8                                   // 000000004C2C: 7E1602FF 000001F8
	ds_load_b32 v14, v11                                       // 000000004C34: D8D80000 0E00000B
	s_wait_dscnt 0x0                                           // 000000004C3C: BFC60000
	v_readfirstlane_b32 s47, v14                               // 000000004C40: 7E5E050E
	s_cmp_lt_u32 s47, s46                                      // 000000004C44: BF0A2E2F
	s_cbranch_scc1 268                                         // 000000004C48: BFA2010C <occ_kernel+0x507c>
	v_mov_b32_e32 v11, 0x8c                                    // 000000004C4C: 7E1602FF 0000008C
	ds_load_b32 v14, v11                                       // 000000004C54: D8D80000 0E00000B
	s_wait_dscnt 0x0                                           // 000000004C5C: BFC60000
	v_readfirstlane_b32 s53, v14                               // 000000004C60: 7E6A050E
	s_sub_co_u32 s53, s51, s53                                 // 000000004C64: 80B53533
	s_lshl_b32 s46, 2, s68                                     // 000000004C68: 842E4482
	s_cmp_ge_u32 s53, s46                                      // 000000004C6C: BF092E35
	s_cbranch_scc1 83                                          // 000000004C70: BFA20053 <occ_kernel+0x4dc0>
	v_mov_b32_e32 v16, 0                                       // 000000004C74: 7E200280
	v_mov_b32_e32 v17, 0                                       // 000000004C78: 7E220280
	v_mov_b32_e32 v18, 0                                       // 000000004C7C: 7E240280
	v_mov_b32_e32 v19, 0                                       // 000000004C80: 7E260280
	v_lshlrev_b32_e32 v12, 4, v2                               // 000000004C84: 30180484
	v_add_nc_u32_e32 v12, 0x200, v12                           // 000000004C88: 4A1818FF 00000200
	s_mov_b32 s45, 64                                          // 000000004C90: BEAD00C0
	ds_store_b128 v12, v[16:19]                                // 000000004C94: DB7C0000 0000100C
	v_add_nc_u32_e32 v12, 0x200, v12                           // 000000004C9C: 4A1818FF 00000200
	s_sub_co_u32 s45, s45, 1                                   // 000000004CA4: 80AD812D
	s_cmp_gt_u32 s45, 0                                        // 000000004CA8: BF08802D
	s_cbranch_scc1 65529                                       // 000000004CAC: BFA2FFF9 <occ_kernel+0x4c94>
	s_mov_b32 s45, 0                                           // 000000004CB0: BEAD0080
	s_mov_b32 s49, exec_lo                                     // 000000004CB4: BEB1007E
	v_cmp_eq_u32_e32 vcc_lo, 0, v2                             // 000000004CB8: 7C940480
	s_and_b32 exec_lo, exec_lo, vcc_lo                         // 000000004CBC: 8B7E6A7E
	s_cbranch_execz 6                                          // 000000004CC0: BFA50006 <occ_kernel+0x4cdc>
	v_mov_b32_e32 v11, 0xa0                                    // 000000004CC4: 7E1602FF 000000A0
	v_mov_b32_e32 v14, s45                                     // 000000004CCC: 7E1C022D
	ds_store_b32 v11, v14                                      // 000000004CD0: D8340000 00000E0B
	s_wait_dscnt 0x0                                           // 000000004CD8: BFC60000
	s_mov_b32 exec_lo, s49                                     // 000000004CDC: BEFE0031
	s_mov_b32 s49, exec_lo                                     // 000000004CE0: BEB1007E
	v_cmp_eq_u32_e32 vcc_lo, 0, v2                             // 000000004CE4: 7C940480
	s_and_b32 exec_lo, exec_lo, vcc_lo                         // 000000004CE8: 8B7E6A7E
	s_cbranch_execz 6                                          // 000000004CEC: BFA50006 <occ_kernel+0x4d08>
	v_mov_b32_e32 v11, 0xa4                                    // 000000004CF0: 7E1602FF 000000A4
	v_mov_b32_e32 v14, s45                                     // 000000004CF8: 7E1C022D
	ds_store_b32 v11, v14                                      // 000000004CFC: D8340000 00000E0B
	s_wait_dscnt 0x0                                           // 000000004D04: BFC60000
	s_mov_b32 exec_lo, s49                                     // 000000004D08: BEFE0031
	s_wait_dscnt 0x0                                           // 000000004D0C: BFC60000
	s_mov_b32 s49, exec_lo                                     // 000000004D10: BEB1007E
	v_cmp_eq_u32_e32 vcc_lo, 0, v2                             // 000000004D14: 7C940480
	s_and_b32 exec_lo, exec_lo, vcc_lo                         // 000000004D18: 8B7E6A7E
	s_cbranch_execz 5                                          // 000000004D1C: BFA50005 <occ_kernel+0x4d34>
	v_mov_b32_e32 v11, 0                                       // 000000004D20: 7E160280
	v_mov_b32_e32 v14, s51                                     // 000000004D24: 7E1C0233
	ds_store_b32 v11, v14                                      // 000000004D28: D8340000 00000E0B
	s_wait_dscnt 0x0                                           // 000000004D30: BFC60000
	s_mov_b32 exec_lo, s49                                     // 000000004D34: BEFE0031
	s_mov_b32 s49, exec_lo                                     // 000000004D38: BEB1007E
	v_cmp_eq_u32_e32 vcc_lo, 0, v2                             // 000000004D3C: 7C940480
	s_and_b32 exec_lo, exec_lo, vcc_lo                         // 000000004D40: 8B7E6A7E
	s_cbranch_execz 5                                          // 000000004D44: BFA50005 <occ_kernel+0x4d5c>
	v_mov_b32_e32 v11, 8                                       // 000000004D48: 7E160288
	v_mov_b32_e32 v14, s51                                     // 000000004D4C: 7E1C0233
	ds_store_b32 v11, v14                                      // 000000004D50: D8340000 00000E0B
	s_wait_dscnt 0x0                                           // 000000004D58: BFC60000
	s_mov_b32 exec_lo, s49                                     // 000000004D5C: BEFE0031
	s_mov_b32 s49, exec_lo                                     // 000000004D60: BEB1007E
	v_cmp_eq_u32_e32 vcc_lo, 0, v2                             // 000000004D64: 7C940480
	s_and_b32 exec_lo, exec_lo, vcc_lo                         // 000000004D68: 8B7E6A7E
	s_cbranch_execz 5                                          // 000000004D6C: BFA50005 <occ_kernel+0x4d84>
	v_mov_b32_e32 v11, 4                                       // 000000004D70: 7E160284
	v_mov_b32_e32 v14, s51                                     // 000000004D74: 7E1C0233
	ds_store_b32 v11, v14                                      // 000000004D78: D8340000 00000E0B
	s_wait_dscnt 0x0                                           // 000000004D80: BFC60000
	s_mov_b32 exec_lo, s49                                     // 000000004D84: BEFE0031
	s_add_co_u32 s46, s67, 1                                   // 000000004D88: 802E8143
	s_add_co_u32 s45, s51, s46                                 // 000000004D8C: 802D2E33
	s_mov_b32 s49, exec_lo                                     // 000000004D90: BEB1007E
	v_cmp_eq_u32_e32 vcc_lo, 0, v2                             // 000000004D94: 7C940480
	s_and_b32 exec_lo, exec_lo, vcc_lo                         // 000000004D98: 8B7E6A7E
	s_cbranch_execz 6                                          // 000000004D9C: BFA50006 <occ_kernel+0x4db8>
	v_mov_b32_e32 v11, 0x1fc                                   // 000000004DA0: 7E1602FF 000001FC
	v_mov_b32_e32 v14, s45                                     // 000000004DA8: 7E1C022D
	ds_store_b32 v11, v14                                      // 000000004DAC: D8340000 00000E0B
	s_wait_dscnt 0x0                                           // 000000004DB4: BFC60000
	s_mov_b32 exec_lo, s49                                     // 000000004DB8: BEFE0031
	s_branch 65285                                             // 000000004DBC: BFA0FF05 <occ_kernel+0x49d4>
	v_mov_b32_e32 v11, 0x1f0                                   // 000000004DC0: 7E1602FF 000001F0
	ds_load_b32 v14, v11                                       // 000000004DC8: D8D80000 0E00000B
	s_wait_dscnt 0x0                                           // 000000004DD0: BFC60000
	v_readfirstlane_b32 s53, v14                               // 000000004DD4: 7E6A050E
	s_cmp_eq_u32 s53, 2                                        // 000000004DD8: BF068235
	s_cbranch_scc1 43                                          // 000000004DDC: BFA2002B <occ_kernel+0x4e8c>
	s_cmp_eq_u32 s53, 3                                        // 000000004DE0: BF068335
	s_cbranch_scc1 178                                         // 000000004DE4: BFA200B2 <occ_kernel+0x50b0>
	s_cmp_eq_u32 s53, 0                                        // 000000004DE8: BF068035
	s_cbranch_scc0 163                                         // 000000004DEC: BFA100A3 <occ_kernel+0x507c>
	s_mov_b32 s49, exec_lo                                     // 000000004DF0: BEB1007E
	s_ctz_i32_b32 s53, s49                                     // 000000004DF4: BEB50831
	v_cmp_eq_u32_e32 vcc_lo, s53, v2                           // 000000004DF8: 7C940435
	s_and_b32 exec_lo, exec_lo, vcc_lo                         // 000000004DFC: 8B7E6A7E
	s_cbranch_execz 8                                          // 000000004E00: BFA50008 <occ_kernel+0x4e24>
	v_mov_b32_e32 v11, 0x1f0                                   // 000000004E04: 7E1602FF 000001F0
	v_mov_b32_e32 v14, 4                                       // 000000004E0C: 7E1C0284
	v_mov_b32_e32 v13, 0                                       // 000000004E10: 7E1A0280
	ds_cmpstore_rtn_b32 v13, v11, v14, v13                     // 000000004E14: D8C00000 0D0D0E0B
	s_wait_dscnt 0x0                                           // 000000004E1C: BFC60000
	v_readfirstlane_b32 s53, v13                               // 000000004E20: 7E6A050D
	s_mov_b32 exec_lo, s49                                     // 000000004E24: BEFE0031
	s_cmp_eq_u32 s53, 0                                        // 000000004E28: BF068035
	s_cbranch_scc0 147                                         // 000000004E2C: BFA10093 <occ_kernel+0x507c>
	s_mov_b32 s16, exec_lo                                     // 000000004E30: BE90007E
	v_cmp_eq_u32_e32 vcc_lo, 0, v2                             // 000000004E34: 7C940480
	s_and_b32 exec_lo, exec_lo, vcc_lo                         // 000000004E38: 8B7E6A7E
	s_cbranch_execz 5                                          // 000000004E3C: BFA50005 <occ_kernel+0x4e54>
	v_mov_b32_e32 v3, 1                                        // 000000004E40: 7E060281
	global_atomic_add_u32 v5, v4, v3, s[0:1] offset:20 th:TH_ATOMIC_RETURN scope:SCOPE_DEV// 000000004E44: EE0D4000 01980005 00001404
	s_wait_loadcnt 0x0                                         // 000000004E50: BFC00000
	s_mov_b32 exec_lo, s16                                     // 000000004E54: BEFE0010
	v_readfirstlane_b32 s53, v5                                // 000000004E58: 7E6A0505
	s_mov_b32 s49, exec_lo                                     // 000000004E5C: BEB1007E
	v_cmp_eq_u32_e32 vcc_lo, 0, v2                             // 000000004E60: 7C940480
	s_and_b32 exec_lo, exec_lo, vcc_lo                         // 000000004E64: 8B7E6A7E
	s_cbranch_execz 6                                          // 000000004E68: BFA50006 <occ_kernel+0x4e84>
	v_mov_b32_e32 v11, 0x1f0                                   // 000000004E6C: 7E1602FF 000001F0
	v_mov_b32_e32 v14, 0                                       // 000000004E74: 7E1C0280
	ds_store_b32 v11, v14                                      // 000000004E78: D8340000 00000E0B
	s_wait_dscnt 0x0                                           // 000000004E80: BFC60000
	s_mov_b32 exec_lo, s49                                     // 000000004E84: BEFE0031
	s_branch 17                                                // 000000004E88: BFA00011 <occ_kernel+0x4ed0>
	v_mov_b32_e32 v11, 0x1f4                                   // 000000004E8C: 7E1602FF 000001F4
	ds_load_b32 v14, v11                                       // 000000004E94: D8D80000 0E00000B
	s_wait_dscnt 0x0                                           // 000000004E9C: BFC60000
	v_readfirstlane_b32 s53, v14                               // 000000004EA0: 7E6A050E
	s_mov_b32 s49, exec_lo                                     // 000000004EA4: BEB1007E
	v_cmp_eq_u32_e32 vcc_lo, 0, v2                             // 000000004EA8: 7C940480
	s_and_b32 exec_lo, exec_lo, vcc_lo                         // 000000004EAC: 8B7E6A7E
	s_cbranch_execz 6                                          // 000000004EB0: BFA50006 <occ_kernel+0x4ecc>
	v_mov_b32_e32 v11, 0x1f0                                   // 000000004EB4: 7E1602FF 000001F0
	v_mov_b32_e32 v14, 0                                       // 000000004EBC: 7E1C0280
	ds_store_b32 v11, v14                                      // 000000004EC0: D8340000 00000E0B
	s_wait_dscnt 0x0                                           // 000000004EC8: BFC60000
	s_mov_b32 exec_lo, s49                                     // 000000004ECC: BEFE0031
	s_cmp_ge_u32 s53, s69                                      // 000000004ED0: BF094535
	s_cbranch_scc1 118                                         // 000000004ED4: BFA20076 <occ_kernel+0x50b0>
	v_mov_b32_e32 v16, 0                                       // 000000004ED8: 7E200280
	v_mov_b32_e32 v17, 0                                       // 000000004EDC: 7E220280
	v_mov_b32_e32 v18, 0                                       // 000000004EE0: 7E240280
	v_mov_b32_e32 v19, 0                                       // 000000004EE4: 7E260280
	v_lshlrev_b32_e32 v12, 4, v2                               // 000000004EE8: 30180484
	v_add_nc_u32_e32 v12, 0x200, v12                           // 000000004EEC: 4A1818FF 00000200
	s_mov_b32 s45, 64                                          // 000000004EF4: BEAD00C0
	ds_store_b128 v12, v[16:19]                                // 000000004EF8: DB7C0000 0000100C
	v_add_nc_u32_e32 v12, 0x200, v12                           // 000000004F00: 4A1818FF 00000200
	s_sub_co_u32 s45, s45, 1                                   // 000000004F08: 80AD812D
	s_cmp_gt_u32 s45, 0                                        // 000000004F0C: BF08802D
	s_cbranch_scc1 65529                                       // 000000004F10: BFA2FFF9 <occ_kernel+0x4ef8>
	s_mov_b32 s45, 0                                           // 000000004F14: BEAD0080
	s_mov_b32 s49, exec_lo                                     // 000000004F18: BEB1007E
	v_cmp_eq_u32_e32 vcc_lo, 0, v2                             // 000000004F1C: 7C940480
	s_and_b32 exec_lo, exec_lo, vcc_lo                         // 000000004F20: 8B7E6A7E
	s_cbranch_execz 6                                          // 000000004F24: BFA50006 <occ_kernel+0x4f40>
	v_mov_b32_e32 v11, 0xa0                                    // 000000004F28: 7E1602FF 000000A0
	v_mov_b32_e32 v14, s45                                     // 000000004F30: 7E1C022D
	ds_store_b32 v11, v14                                      // 000000004F34: D8340000 00000E0B
	s_wait_dscnt 0x0                                           // 000000004F3C: BFC60000
	s_mov_b32 exec_lo, s49                                     // 000000004F40: BEFE0031
	s_mov_b32 s49, exec_lo                                     // 000000004F44: BEB1007E
	v_cmp_eq_u32_e32 vcc_lo, 0, v2                             // 000000004F48: 7C940480
	s_and_b32 exec_lo, exec_lo, vcc_lo                         // 000000004F4C: 8B7E6A7E
	s_cbranch_execz 6                                          // 000000004F50: BFA50006 <occ_kernel+0x4f6c>
	v_mov_b32_e32 v11, 0xa4                                    // 000000004F54: 7E1602FF 000000A4
	v_mov_b32_e32 v14, s45                                     // 000000004F5C: 7E1C022D
	ds_store_b32 v11, v14                                      // 000000004F60: D8340000 00000E0B
	s_wait_dscnt 0x0                                           // 000000004F68: BFC60000
	s_mov_b32 exec_lo, s49                                     // 000000004F6C: BEFE0031
	s_wait_dscnt 0x0                                           // 000000004F70: BFC60000
	s_mov_b32 s49, exec_lo                                     // 000000004F74: BEB1007E
	v_cmp_eq_u32_e32 vcc_lo, 0, v2                             // 000000004F78: 7C940480
	s_and_b32 exec_lo, exec_lo, vcc_lo                         // 000000004F7C: 8B7E6A7E
	s_cbranch_execz 6                                          // 000000004F80: BFA50006 <occ_kernel+0x4f9c>
	v_mov_b32_e32 v11, 0x90                                    // 000000004F84: 7E1602FF 00000090
	v_mov_b32_e32 v14, s53                                     // 000000004F8C: 7E1C0235
	ds_store_b32 v11, v14                                      // 000000004F90: D8340000 00000E0B
	s_wait_dscnt 0x0                                           // 000000004F98: BFC60000
	s_mov_b32 exec_lo, s49                                     // 000000004F9C: BEFE0031
	s_mov_b32 s49, exec_lo                                     // 000000004FA0: BEB1007E
	v_cmp_eq_u32_e32 vcc_lo, 0, v2                             // 000000004FA4: 7C940480
	s_and_b32 exec_lo, exec_lo, vcc_lo                         // 000000004FA8: 8B7E6A7E
	s_cbranch_execz 6                                          // 000000004FAC: BFA50006 <occ_kernel+0x4fc8>
	v_mov_b32_e32 v11, 0x8c                                    // 000000004FB0: 7E1602FF 0000008C
	v_mov_b32_e32 v14, s51                                     // 000000004FB8: 7E1C0233
	ds_store_b32 v11, v14                                      // 000000004FBC: D8340000 00000E0B
	s_wait_dscnt 0x0                                           // 000000004FC4: BFC60000
	s_mov_b32 exec_lo, s49                                     // 000000004FC8: BEFE0031
	s_mov_b32 s49, exec_lo                                     // 000000004FCC: BEB1007E
	v_cmp_eq_u32_e32 vcc_lo, 0, v2                             // 000000004FD0: 7C940480
	s_and_b32 exec_lo, exec_lo, vcc_lo                         // 000000004FD4: 8B7E6A7E
	s_cbranch_execz 5                                          // 000000004FD8: BFA50005 <occ_kernel+0x4ff0>
	v_mov_b32_e32 v11, 0                                       // 000000004FDC: 7E160280
	v_mov_b32_e32 v14, s51                                     // 000000004FE0: 7E1C0233
	ds_store_b32 v11, v14                                      // 000000004FE4: D8340000 00000E0B
	s_wait_dscnt 0x0                                           // 000000004FEC: BFC60000
	s_mov_b32 exec_lo, s49                                     // 000000004FF0: BEFE0031
	s_mov_b32 s49, exec_lo                                     // 000000004FF4: BEB1007E
	v_cmp_eq_u32_e32 vcc_lo, 0, v2                             // 000000004FF8: 7C940480
	s_and_b32 exec_lo, exec_lo, vcc_lo                         // 000000004FFC: 8B7E6A7E
	s_cbranch_execz 5                                          // 000000005000: BFA50005 <occ_kernel+0x5018>
	v_mov_b32_e32 v11, 8                                       // 000000005004: 7E160288
	v_mov_b32_e32 v14, s51                                     // 000000005008: 7E1C0233
	ds_store_b32 v11, v14                                      // 00000000500C: D8340000 00000E0B
	s_wait_dscnt 0x0                                           // 000000005014: BFC60000
	s_mov_b32 exec_lo, s49                                     // 000000005018: BEFE0031
	s_mov_b32 s49, exec_lo                                     // 00000000501C: BEB1007E
	v_cmp_eq_u32_e32 vcc_lo, 0, v2                             // 000000005020: 7C940480
	s_and_b32 exec_lo, exec_lo, vcc_lo                         // 000000005024: 8B7E6A7E
	s_cbranch_execz 5                                          // 000000005028: BFA50005 <occ_kernel+0x5040>
	v_mov_b32_e32 v11, 4                                       // 00000000502C: 7E160284
	v_mov_b32_e32 v14, s51                                     // 000000005030: 7E1C0233
	ds_store_b32 v11, v14                                      // 000000005034: D8340000 00000E0B
	s_wait_dscnt 0x0                                           // 00000000503C: BFC60000
	s_mov_b32 exec_lo, s49                                     // 000000005040: BEFE0031
	s_add_co_u32 s46, s67, 1                                   // 000000005044: 802E8143
	s_add_co_u32 s45, s51, s46                                 // 000000005048: 802D2E33
	s_mov_b32 s49, exec_lo                                     // 00000000504C: BEB1007E
	v_cmp_eq_u32_e32 vcc_lo, 0, v2                             // 000000005050: 7C940480
	s_and_b32 exec_lo, exec_lo, vcc_lo                         // 000000005054: 8B7E6A7E
	s_cbranch_execz 6                                          // 000000005058: BFA50006 <occ_kernel+0x5074>
	v_mov_b32_e32 v11, 0x1fc                                   // 00000000505C: 7E1602FF 000001FC
	v_mov_b32_e32 v14, s45                                     // 000000005064: 7E1C022D
	ds_store_b32 v11, v14                                      // 000000005068: D8340000 00000E0B
	s_wait_dscnt 0x0                                           // 000000005070: BFC60000
	s_mov_b32 exec_lo, s49                                     // 000000005074: BEFE0031
	s_branch 65110                                             // 000000005078: BFA0FE56 <occ_kernel+0x49d4>
	s_add_co_u32 s105, s105, 1                                 // 00000000507C: 80698169
	s_mov_b32 s49, exec_lo                                     // 000000005080: BEB1007E
	v_cmp_eq_u32_e32 vcc_lo, 0, v2                             // 000000005084: 7C940480
	s_and_b32 exec_lo, exec_lo, vcc_lo                         // 000000005088: 8B7E6A7E
	s_cbranch_execz 6                                          // 00000000508C: BFA50006 <occ_kernel+0x50a8>
	v_mov_b32_e32 v11, 0x1fc                                   // 000000005090: 7E1602FF 000001FC
	v_mov_b32_e32 v14, s51                                     // 000000005098: 7E1C0233
	ds_store_b32 v11, v14                                      // 00000000509C: D8340000 00000E0B
	s_wait_dscnt 0x0                                           // 0000000050A4: BFC60000
	s_mov_b32 exec_lo, s49                                     // 0000000050A8: BEFE0031
	s_branch 1653                                              // 0000000050AC: BFA00675 <occ_kernel+0x6a84>
	s_mov_b32 s49, exec_lo                                     // 0000000050B0: BEB1007E
	v_cmp_eq_u32_e32 vcc_lo, 0, v2                             // 0000000050B4: 7C940480
	s_and_b32 exec_lo, exec_lo, vcc_lo                         // 0000000050B8: 8B7E6A7E
	s_cbranch_execz 6                                          // 0000000050BC: BFA50006 <occ_kernel+0x50d8>
	v_mov_b32_e32 v11, 16                                      // 0000000050C0: 7E160290
	v_mov_b32_e32 v14, 0xdead                                  // 0000000050C4: 7E1C02FF 0000DEAD
	ds_store_b32 v11, v14                                      // 0000000050CC: D8340000 00000E0B
	s_wait_dscnt 0x0                                           // 0000000050D4: BFC60000
	s_mov_b32 exec_lo, s49                                     // 0000000050D8: BEFE0031
	s_branch 1489                                              // 0000000050DC: BFA005D1 <occ_kernel+0x6824>
	s_add_co_u32 s46, s44, 1                                   // 0000000050E0: 802E812C
	s_mov_b32 s49, exec_lo                                     // 0000000050E4: BEB1007E
	s_ctz_i32_b32 s47, s49                                     // 0000000050E8: BEAF0831
	v_cmp_eq_u32_e32 vcc_lo, s47, v2                           // 0000000050EC: 7C94042F
	s_and_b32 exec_lo, exec_lo, vcc_lo                         // 0000000050F0: 8B7E6A7E
	s_cbranch_execz 7                                          // 0000000050F4: BFA50007 <occ_kernel+0x5114>
	v_mov_b32_e32 v11, 0                                       // 0000000050F8: 7E160280
	v_mov_b32_e32 v14, s44                                     // 0000000050FC: 7E1C022C
	v_mov_b32_e32 v13, s46                                     // 000000005100: 7E1A022E
	ds_cmpstore_rtn_b32 v13, v11, v14, v13                     // 000000005104: D8C00000 0D0D0E0B
	s_wait_dscnt 0x0                                           // 00000000510C: BFC60000
	v_readfirstlane_b32 s47, v13                               // 000000005110: 7E5E050D
	s_mov_b32 exec_lo, s49                                     // 000000005114: BEFE0031
	s_cmp_eq_u32 s47, s46                                      // 000000005118: BF062E2F
	s_cbranch_scc1 1625                                        // 00000000511C: BFA20659 <occ_kernel+0x6a84>
	s_and_b32 s46, s44, 31                                     // 000000005120: 8B2E9F2C
	s_lshl_b32 s46, s46, 5                                     // 000000005124: 842E852E
	s_add_co_u32 s46, s46, 0x8200                              // 000000005128: 802EFF2E 00008200
	s_add_co_u32 s45, s46, 8                                   // 000000005130: 802D882E
	s_mov_b32 s49, exec_lo                                     // 000000005134: BEB1007E
	v_cmp_eq_u32_e32 vcc_lo, 0, v2                             // 000000005138: 7C940480
	s_and_b32 exec_lo, exec_lo, vcc_lo                         // 00000000513C: 8B7E6A7E
	s_cbranch_execz 5                                          // 000000005140: BFA50005 <occ_kernel+0x5158>
	v_mov_b32_e32 v11, s45                                     // 000000005144: 7E16022D
	v_mov_b32_e32 v14, 4                                       // 000000005148: 7E1C0284
	ds_store_b32 v11, v14                                      // 00000000514C: D8340000 00000E0B
	s_wait_dscnt 0x0                                           // 000000005154: BFC60000
	s_mov_b32 exec_lo, s49                                     // 000000005158: BEFE0031
	s_add_co_u32 s45, s46, 12                                  // 00000000515C: 802D8C2E
	s_mov_b32 s49, exec_lo                                     // 000000005160: BEB1007E
	v_cmp_eq_u32_e32 vcc_lo, 0, v2                             // 000000005164: 7C940480
	s_and_b32 exec_lo, exec_lo, vcc_lo                         // 000000005168: 8B7E6A7E
	s_cbranch_execz 5                                          // 00000000516C: BFA50005 <occ_kernel+0x5184>
	v_mov_b32_e32 v11, s45                                     // 000000005170: 7E16022D
	v_mov_b32_e32 v14, 4                                       // 000000005174: 7E1C0284
	ds_store_b32 v11, v14                                      // 000000005178: D8340000 00000E0B
	s_wait_dscnt 0x0                                           // 000000005180: BFC60000
	s_mov_b32 exec_lo, s49                                     // 000000005184: BEFE0031
	s_add_co_u32 s45, s46, 16                                  // 000000005188: 802D902E
	s_mov_b32 s49, exec_lo                                     // 00000000518C: BEB1007E
	v_cmp_eq_u32_e32 vcc_lo, 0, v2                             // 000000005190: 7C940480
	s_and_b32 exec_lo, exec_lo, vcc_lo                         // 000000005194: 8B7E6A7E
	s_cbranch_execz 5                                          // 000000005198: BFA50005 <occ_kernel+0x51b0>
	v_mov_b32_e32 v11, s45                                     // 00000000519C: 7E16022D
	v_mov_b32_e32 v14, 4                                       // 0000000051A0: 7E1C0284
	ds_store_b32 v11, v14                                      // 0000000051A4: D8340000 00000E0B
	s_wait_dscnt 0x0                                           // 0000000051AC: BFC60000
	s_mov_b32 exec_lo, s49                                     // 0000000051B0: BEFE0031
	s_add_co_u32 s45, s46, 20                                  // 0000000051B4: 802D942E
	s_mov_b32 s49, exec_lo                                     // 0000000051B8: BEB1007E
	v_cmp_eq_u32_e32 vcc_lo, 0, v2                             // 0000000051BC: 7C940480
	s_and_b32 exec_lo, exec_lo, vcc_lo                         // 0000000051C0: 8B7E6A7E
	s_cbranch_execz 5                                          // 0000000051C4: BFA50005 <occ_kernel+0x51dc>
	v_mov_b32_e32 v11, s45                                     // 0000000051C8: 7E16022D
	v_mov_b32_e32 v14, 4                                       // 0000000051CC: 7E1C0284
	ds_store_b32 v11, v14                                      // 0000000051D0: D8340000 00000E0B
	s_wait_dscnt 0x0                                           // 0000000051D8: BFC60000
	s_mov_b32 exec_lo, s49                                     // 0000000051DC: BEFE0031
	s_add_co_u32 s45, s46, 24                                  // 0000000051E0: 802D982E
	s_mov_b32 s49, exec_lo                                     // 0000000051E4: BEB1007E
	v_cmp_eq_u32_e32 vcc_lo, 0, v2                             // 0000000051E8: 7C940480
	s_and_b32 exec_lo, exec_lo, vcc_lo                         // 0000000051EC: 8B7E6A7E
	s_cbranch_execz 5                                          // 0000000051F0: BFA50005 <occ_kernel+0x5208>
	v_mov_b32_e32 v11, s45                                     // 0000000051F4: 7E16022D
	v_mov_b32_e32 v14, 8                                       // 0000000051F8: 7E1C0288
	ds_store_b32 v11, v14                                      // 0000000051FC: D8340000 00000E0B
	s_wait_dscnt 0x0                                           // 000000005204: BFC60000
	s_mov_b32 exec_lo, s49                                     // 000000005208: BEFE0031
	s_add_co_u32 s45, s46, 28                                  // 00000000520C: 802D9C2E
	s_mov_b32 s49, exec_lo                                     // 000000005210: BEB1007E
	v_cmp_eq_u32_e32 vcc_lo, 0, v2                             // 000000005214: 7C940480
	s_and_b32 exec_lo, exec_lo, vcc_lo                         // 000000005218: 8B7E6A7E
	s_cbranch_execz 5                                          // 00000000521C: BFA50005 <occ_kernel+0x5234>
	v_mov_b32_e32 v11, s45                                     // 000000005220: 7E16022D
	v_mov_b32_e32 v14, 8                                       // 000000005224: 7E1C0288
	ds_store_b32 v11, v14                                      // 000000005228: D8340000 00000E0B
	s_wait_dscnt 0x0                                           // 000000005230: BFC60000
	s_mov_b32 exec_lo, s49                                     // 000000005234: BEFE0031
	s_add_co_u32 s45, s46, 0                                   // 000000005238: 802D802E
	s_mov_b32 s49, exec_lo                                     // 00000000523C: BEB1007E
	v_cmp_eq_u32_e32 vcc_lo, 0, v2                             // 000000005240: 7C940480
	s_and_b32 exec_lo, exec_lo, vcc_lo                         // 000000005244: 8B7E6A7E
	s_cbranch_execz 5                                          // 000000005248: BFA50005 <occ_kernel+0x5260>
	v_mov_b32_e32 v11, s45                                     // 00000000524C: 7E16022D
	v_mov_b32_e32 v14, 0                                       // 000000005250: 7E1C0280
	ds_store_b32 v11, v14                                      // 000000005254: D8340000 00000E0B
	s_wait_dscnt 0x0                                           // 00000000525C: BFC60000
	s_mov_b32 exec_lo, s49                                     // 000000005260: BEFE0031
	s_add_co_u32 s45, s46, 4                                   // 000000005264: 802D842E
	s_mov_b32 s49, exec_lo                                     // 000000005268: BEB1007E
	v_cmp_eq_u32_e32 vcc_lo, 0, v2                             // 00000000526C: 7C940480
	s_and_b32 exec_lo, exec_lo, vcc_lo                         // 000000005270: 8B7E6A7E
	s_cbranch_execz 5                                          // 000000005274: BFA50005 <occ_kernel+0x528c>
	v_mov_b32_e32 v11, s45                                     // 000000005278: 7E16022D
	v_mov_b32_e32 v14, s44                                     // 00000000527C: 7E1C022C
	ds_store_b32 v11, v14                                      // 000000005280: D8340000 00000E0B
	s_wait_dscnt 0x0                                           // 000000005288: BFC60000
	s_mov_b32 exec_lo, s49                                     // 00000000528C: BEFE0031
	s_branch 1532                                              // 000000005290: BFA005FC <occ_kernel+0x6a84>
	s_add_co_u32 s104, s104, 1                                 // 000000005294: 80688168
	s_wait_storecnt 0x0                                        // 000000005298: BFC10000
	s_alloc_vgpr 0x70                                          // 00000000529C: BE8053FF 00000070
	s_cbranch_scc0 1                                           // 0000000052A4: BFA10001 <occ_kernel+0x52ac>
	s_branch 192                                               // 0000000052A8: BFA000C0 <occ_kernel+0x55ac>
	s_add_co_u32 s87, s87, 1                                   // 0000000052AC: 80578157
	s_and_b32 s46, s44, 31                                     // 0000000052B0: 8B2E9F2C
	s_lshl_b32 s46, s46, 5                                     // 0000000052B4: 842E852E
	s_add_co_u32 s46, s46, 0x8200                              // 0000000052B8: 802EFF2E 00008200
	s_add_co_u32 s45, s46, 8                                   // 0000000052C0: 802D882E
	s_add_co_u32 s45, s46, 12                                  // 0000000052C4: 802D8C2E
	s_mov_b32 s49, exec_lo                                     // 0000000052C8: BEB1007E
	v_cmp_eq_u32_e32 vcc_lo, 0, v2                             // 0000000052CC: 7C940480
	s_and_b32 exec_lo, exec_lo, vcc_lo                         // 0000000052D0: 8B7E6A7E
	s_cbranch_execz 5                                          // 0000000052D4: BFA50005 <occ_kernel+0x52ec>
	v_mov_b32_e32 v11, s45                                     // 0000000052D8: 7E16022D
	v_mov_b32_e32 v14, 0                                       // 0000000052DC: 7E1C0280
	ds_store_b32 v11, v14                                      // 0000000052E0: D8340000 00000E0B
	s_wait_dscnt 0x0                                           // 0000000052E8: BFC60000
	s_mov_b32 exec_lo, s49                                     // 0000000052EC: BEFE0031
	s_add_co_u32 s45, s46, 0                                   // 0000000052F0: 802D802E
	s_mov_b32 s49, exec_lo                                     // 0000000052F4: BEB1007E
	v_cmp_eq_u32_e32 vcc_lo, 0, v2                             // 0000000052F8: 7C940480
	s_and_b32 exec_lo, exec_lo, vcc_lo                         // 0000000052FC: 8B7E6A7E
	s_cbranch_execz 5                                          // 000000005300: BFA50005 <occ_kernel+0x5318>
	v_mov_b32_e32 v11, s45                                     // 000000005304: 7E16022D
	v_mov_b32_e32 v14, s52                                     // 000000005308: 7E1C0234
	ds_store_b32 v11, v14                                      // 00000000530C: D8340000 00000E0B
	s_wait_dscnt 0x0                                           // 000000005314: BFC60000
	s_mov_b32 exec_lo, s49                                     // 000000005318: BEFE0031
	s_add_co_u32 s45, s46, 8                                   // 00000000531C: 802D882E
	s_mov_b32 s49, exec_lo                                     // 000000005320: BEB1007E
	v_cmp_eq_u32_e32 vcc_lo, 0, v2                             // 000000005324: 7C940480
	s_and_b32 exec_lo, exec_lo, vcc_lo                         // 000000005328: 8B7E6A7E
	s_cbranch_execz 5                                          // 00000000532C: BFA50005 <occ_kernel+0x5344>
	v_mov_b32_e32 v11, s45                                     // 000000005330: 7E16022D
	v_mov_b32_e32 v14, 0                                       // 000000005334: 7E1C0280
	ds_store_b32 v11, v14                                      // 000000005338: D8340000 00000E0B
	s_wait_dscnt 0x0                                           // 000000005340: BFC60000
	s_mov_b32 exec_lo, s49                                     // 000000005344: BEFE0031
	s_add_co_u32 s45, s46, 16                                  // 000000005348: 802D902E
	s_mov_b32 s49, exec_lo                                     // 00000000534C: BEB1007E
	v_cmp_eq_u32_e32 vcc_lo, 0, v2                             // 000000005350: 7C940480
	s_and_b32 exec_lo, exec_lo, vcc_lo                         // 000000005354: 8B7E6A7E
	s_cbranch_execz 5                                          // 000000005358: BFA50005 <occ_kernel+0x5370>
	v_mov_b32_e32 v11, s45                                     // 00000000535C: 7E16022D
	v_mov_b32_e32 v14, 0                                       // 000000005360: 7E1C0280
	ds_store_b32 v11, v14                                      // 000000005364: D8340000 00000E0B
	s_wait_dscnt 0x0                                           // 00000000536C: BFC60000
	s_mov_b32 exec_lo, s49                                     // 000000005370: BEFE0031
	s_add_co_u32 s45, s46, 20                                  // 000000005374: 802D942E
	s_mov_b32 s49, exec_lo                                     // 000000005378: BEB1007E
	v_cmp_eq_u32_e32 vcc_lo, 0, v2                             // 00000000537C: 7C940480
	s_and_b32 exec_lo, exec_lo, vcc_lo                         // 000000005380: 8B7E6A7E
	s_cbranch_execz 5                                          // 000000005384: BFA50005 <occ_kernel+0x539c>
	v_mov_b32_e32 v11, s45                                     // 000000005388: 7E16022D
	v_mov_b32_e32 v14, 0                                       // 00000000538C: 7E1C0280
	ds_store_b32 v11, v14                                      // 000000005390: D8340000 00000E0B
	s_wait_dscnt 0x0                                           // 000000005398: BFC60000
	s_mov_b32 exec_lo, s49                                     // 00000000539C: BEFE0031
	s_add_co_u32 s45, s46, 24                                  // 0000000053A0: 802D982E
	s_mov_b32 s49, exec_lo                                     // 0000000053A4: BEB1007E
	v_cmp_eq_u32_e32 vcc_lo, 0, v2                             // 0000000053A8: 7C940480
	s_and_b32 exec_lo, exec_lo, vcc_lo                         // 0000000053AC: 8B7E6A7E
	s_cbranch_execz 5                                          // 0000000053B0: BFA50005 <occ_kernel+0x53c8>
	v_mov_b32_e32 v11, s45                                     // 0000000053B4: 7E16022D
	v_mov_b32_e32 v14, 0                                       // 0000000053B8: 7E1C0280
	ds_store_b32 v11, v14                                      // 0000000053BC: D8340000 00000E0B
	s_wait_dscnt 0x0                                           // 0000000053C4: BFC60000
	s_mov_b32 exec_lo, s49                                     // 0000000053C8: BEFE0031
	s_add_co_u32 s45, s46, 28                                  // 0000000053CC: 802D9C2E
	s_mov_b32 s49, exec_lo                                     // 0000000053D0: BEB1007E
	v_cmp_eq_u32_e32 vcc_lo, 0, v2                             // 0000000053D4: 7C940480
	s_and_b32 exec_lo, exec_lo, vcc_lo                         // 0000000053D8: 8B7E6A7E
	s_cbranch_execz 5                                          // 0000000053DC: BFA50005 <occ_kernel+0x53f4>
	v_mov_b32_e32 v11, s45                                     // 0000000053E0: 7E16022D
	v_mov_b32_e32 v14, 0                                       // 0000000053E4: 7E1C0280
	ds_store_b32 v11, v14                                      // 0000000053E8: D8340000 00000E0B
	s_wait_dscnt 0x0                                           // 0000000053F0: BFC60000
	s_mov_b32 exec_lo, s49                                     // 0000000053F4: BEFE0031
	s_add_co_u32 s45, s46, 4                                   // 0000000053F8: 802D842E
	s_mov_b32 s49, exec_lo                                     // 0000000053FC: BEB1007E
	v_cmp_eq_u32_e32 vcc_lo, 0, v2                             // 000000005400: 7C940480
	s_and_b32 exec_lo, exec_lo, vcc_lo                         // 000000005404: 8B7E6A7E
	s_cbranch_execz 5                                          // 000000005408: BFA50005 <occ_kernel+0x5420>
	v_mov_b32_e32 v11, s45                                     // 00000000540C: 7E16022D
	v_mov_b32_e32 v14, s44                                     // 000000005410: 7E1C022C
	ds_store_b32 v11, v14                                      // 000000005414: D8340000 00000E0B
	s_wait_dscnt 0x0                                           // 00000000541C: BFC60000
	s_mov_b32 exec_lo, s49                                     // 000000005420: BEFE0031
	v_mov_b32_e32 v11, 4                                       // 000000005424: 7E160284
	ds_load_b32 v14, v11                                       // 000000005428: D8D80000 0E00000B
	s_wait_dscnt 0x0                                           // 000000005430: BFC60000
	v_readfirstlane_b32 s44, v14                               // 000000005434: 7E58050E
	v_mov_b32_e32 v11, 0                                       // 000000005438: 7E160280
	ds_load_b32 v14, v11                                       // 00000000543C: D8D80000 0E00000B
	s_wait_dscnt 0x0                                           // 000000005444: BFC60000
	v_readfirstlane_b32 s45, v14                               // 000000005448: 7E5A050E
	s_cmp_ge_u32 s44, s45                                      // 00000000544C: BF092D2C
	s_cbranch_scc1 37                                          // 000000005450: BFA20025 <occ_kernel+0x54e8>
	s_and_b32 s46, s44, 31                                     // 000000005454: 8B2E9F2C
	s_lshl_b32 s48, s46, 5                                     // 000000005458: 8430852E
	s_add_co_u32 s48, s48, 0x8200                              // 00000000545C: 8030FF30 00008200
	s_add_co_u32 s45, s48, 4                                   // 000000005464: 802D8430
	v_mov_b32_e32 v11, s45                                     // 000000005468: 7E16022D
	ds_load_b32 v14, v11                                       // 00000000546C: D8D80000 0E00000B
	s_wait_dscnt 0x0                                           // 000000005474: BFC60000
	v_readfirstlane_b32 s47, v14                               // 000000005478: 7E5E050E
	s_cmp_lg_u32 s47, s44                                      // 00000000547C: BF072C2F
	s_cbranch_scc1 25                                          // 000000005480: BFA20019 <occ_kernel+0x54e8>
	s_add_co_u32 s45, s48, 8                                   // 000000005484: 802D8830
	v_mov_b32_e32 v11, s45                                     // 000000005488: 7E16022D
	ds_load_b32 v14, v11                                       // 00000000548C: D8D80000 0E00000B
	s_wait_dscnt 0x0                                           // 000000005494: BFC60000
	v_readfirstlane_b32 s47, v14                               // 000000005498: 7E5E050E
	s_and_b32 s47, s47, -2.0                                   // 00000000549C: 8B2FF52F
	s_cmp_lg_u32 s47, 0                                        // 0000000054A0: BF07802F
	s_cbranch_scc1 16                                          // 0000000054A4: BFA20010 <occ_kernel+0x54e8>
	s_mov_b32 s49, exec_lo                                     // 0000000054A8: BEB1007E
	s_add_co_u32 s60, s44, 1                                   // 0000000054AC: 803C812C
	s_ctz_i32_b32 s60, s49                                     // 0000000054B0: BEBC0831
	v_cmp_eq_u32_e32 vcc_lo, s60, v2                           // 0000000054B4: 7C94043C
	s_add_co_u32 s60, s44, 1                                   // 0000000054B8: 803C812C
	s_and_b32 exec_lo, exec_lo, vcc_lo                         // 0000000054BC: 8B7E6A7E
	s_cbranch_execz 7                                          // 0000000054C0: BFA50007 <occ_kernel+0x54e0>
	v_mov_b32_e32 v11, 4                                       // 0000000054C4: 7E160284
	v_mov_b32_e32 v14, s60                                     // 0000000054C8: 7E1C023C
	v_mov_b32_e32 v13, s44                                     // 0000000054CC: 7E1A022C
	ds_cmpstore_rtn_b32 v13, v11, v14, v13                     // 0000000054D0: D8C00000 0D0D0E0B
	s_wait_dscnt 0x0                                           // 0000000054D8: BFC60000
	v_readfirstlane_b32 s60, v13                               // 0000000054DC: 7E78050D
	s_mov_b32 exec_lo, s49                                     // 0000000054E0: BEFE0031
	s_branch 65487                                             // 0000000054E4: BFA0FFCF <occ_kernel+0x5424>
	v_mov_b32_e32 v11, 8                                       // 0000000054E8: 7E160288
	ds_load_b32 v14, v11                                       // 0000000054EC: D8D80000 0E00000B
	s_wait_dscnt 0x0                                           // 0000000054F4: BFC60000
	v_readfirstlane_b32 s20, v14                               // 0000000054F8: 7E28050E
	v_mov_b32_e32 v11, 4                                       // 0000000054FC: 7E160284
	ds_load_b32 v14, v11                                       // 000000005500: D8D80000 0E00000B
	s_wait_dscnt 0x0                                           // 000000005508: BFC60000
	v_readfirstlane_b32 s21, v14                               // 00000000550C: 7E2A050E
	s_cmp_ge_u32 s20, s21                                      // 000000005510: BF091514
	s_cbranch_scc1 36                                          // 000000005514: BFA20024 <occ_kernel+0x55a8>
	s_and_b32 s22, s20, 31                                     // 000000005518: 8B169F14
	s_lshl_b32 s22, s22, 5                                     // 00000000551C: 84168516
	s_add_co_u32 s22, s22, 0x8200                              // 000000005520: 8016FF16 00008200
	s_add_co_u32 s23, s22, 4                                   // 000000005528: 80178416
	v_mov_b32_e32 v11, s23                                     // 00000000552C: 7E160217
	ds_load_b32 v14, v11                                       // 000000005530: D8D80000 0E00000B
	s_wait_dscnt 0x0                                           // 000000005538: BFC60000
	v_readfirstlane_b32 s23, v14                               // 00000000553C: 7E2E050E
	s_cmp_lg_u32 s23, s20                                      // 000000005540: BF071417
	s_cbranch_scc1 24                                          // 000000005544: BFA20018 <occ_kernel+0x55a8>
	s_add_co_u32 s23, s22, 12                                  // 000000005548: 80178C16
	v_mov_b32_e32 v11, s23                                     // 00000000554C: 7E160217
	ds_load_b32 v14, v11                                       // 000000005550: D8D80000 0E00000B
	s_wait_dscnt 0x0                                           // 000000005558: BFC60000
	v_readfirstlane_b32 s23, v14                               // 00000000555C: 7E2E050E
	s_cmp_lt_u32 s23, 4                                        // 000000005560: BF0A8417
	s_cbranch_scc1 16                                          // 000000005564: BFA20010 <occ_kernel+0x55a8>
	s_mov_b32 s49, exec_lo                                     // 000000005568: BEB1007E
	s_add_co_u32 s60, s20, 1                                   // 00000000556C: 803C8114
	s_ctz_i32_b32 s60, s49                                     // 000000005570: BEBC0831
	v_cmp_eq_u32_e32 vcc_lo, s60, v2                           // 000000005574: 7C94043C
	s_add_co_u32 s60, s20, 1                                   // 000000005578: 803C8114
	s_and_b32 exec_lo, exec_lo, vcc_lo                         // 00000000557C: 8B7E6A7E
	s_cbranch_execz 7                                          // 000000005580: BFA50007 <occ_kernel+0x55a0>
	v_mov_b32_e32 v11, 8                                       // 000000005584: 7E160288
	v_mov_b32_e32 v14, s60                                     // 000000005588: 7E1C023C
	v_mov_b32_e32 v13, s20                                     // 00000000558C: 7E1A0214
	ds_cmpstore_rtn_b32 v13, v11, v14, v13                     // 000000005590: D8C00000 0D0D0E0B
	s_wait_dscnt 0x0                                           // 000000005598: BFC60000
	v_readfirstlane_b32 s60, v13                               // 00000000559C: 7E78050D
	s_mov_b32 exec_lo, s49                                     // 0000000055A0: BEFE0031
	s_branch 65488                                             // 0000000055A4: BFA0FFD0 <occ_kernel+0x54e8>
	s_branch 63180                                             // 0000000055A8: BFA0F6CC <occ_kernel+0x30dc>
	s_lshr_b32 s41, s52, 28                                    // 0000000055AC: 85299C34
	s_min_u32 s41, s41, 1                                      // 0000000055B0: 89A98129
	s_and_b32 s17, s52, 0xfffffff                              // 0000000055B4: 8B11FF34 0FFFFFFF
	s_and_b32 s31, s17, s67                                    // 0000000055BC: 8B1F4311
	s_lshr_b32 s18, s17, s68                                   // 0000000055C0: 85124411
	s_sub_co_u32 s36, s11, 1                                   // 0000000055C4: 80A4810B
	s_min_u32 s18, s18, s36                                    // 0000000055C8: 89922412
	s_mul_hi_u32 s19, s18, s12                                 // 0000000055CC: 96930C12
	s_mul_i32 s36, s19, s13                                    // 0000000055D0: 96240D13
	s_sub_co_u32 s30, s18, s36                                 // 0000000055D4: 809E2412
	s_and_b32 s46, s44, 31                                     // 0000000055D8: 8B2E9F2C
	s_lshl_b32 s46, s46, 5                                     // 0000000055DC: 842E852E
	s_add_co_u32 s46, s46, 0x8200                              // 0000000055E0: 802EFF2E 00008200
	s_add_co_u32 s45, s46, 8                                   // 0000000055E8: 802D882E
	s_mov_b32 s49, exec_lo                                     // 0000000055EC: BEB1007E
	v_cmp_eq_u32_e32 vcc_lo, 0, v2                             // 0000000055F0: 7C940480
	s_and_b32 exec_lo, exec_lo, vcc_lo                         // 0000000055F4: 8B7E6A7E
	s_cbranch_execz 5                                          // 0000000055F8: BFA50005 <occ_kernel+0x5610>
	v_mov_b32_e32 v11, s45                                     // 0000000055FC: 7E16022D
	v_mov_b32_e32 v14, 4                                       // 000000005600: 7E1C0284
	ds_store_b32 v11, v14                                      // 000000005604: D8340000 00000E0B
	s_wait_dscnt 0x0                                           // 00000000560C: BFC60000
	s_mov_b32 exec_lo, s49                                     // 000000005610: BEFE0031
	s_add_co_u32 s45, s46, 12                                  // 000000005614: 802D8C2E
	s_mov_b32 s49, exec_lo                                     // 000000005618: BEB1007E
	v_cmp_eq_u32_e32 vcc_lo, 0, v2                             // 00000000561C: 7C940480
	s_and_b32 exec_lo, exec_lo, vcc_lo                         // 000000005620: 8B7E6A7E
	s_cbranch_execz 5                                          // 000000005624: BFA50005 <occ_kernel+0x563c>
	v_mov_b32_e32 v11, s45                                     // 000000005628: 7E16022D
	v_mov_b32_e32 v14, 4                                       // 00000000562C: 7E1C0284
	ds_store_b32 v11, v14                                      // 000000005630: D8340000 00000E0B
	s_wait_dscnt 0x0                                           // 000000005638: BFC60000
	s_mov_b32 exec_lo, s49                                     // 00000000563C: BEFE0031
	s_add_co_u32 s45, s46, 16                                  // 000000005640: 802D902E
	s_mov_b32 s49, exec_lo                                     // 000000005644: BEB1007E
	v_cmp_eq_u32_e32 vcc_lo, 0, v2                             // 000000005648: 7C940480
	s_and_b32 exec_lo, exec_lo, vcc_lo                         // 00000000564C: 8B7E6A7E
	s_cbranch_execz 5                                          // 000000005650: BFA50005 <occ_kernel+0x5668>
	v_mov_b32_e32 v11, s45                                     // 000000005654: 7E16022D
	v_mov_b32_e32 v14, 4                                       // 000000005658: 7E1C0284
	ds_store_b32 v11, v14                                      // 00000000565C: D8340000 00000E0B
	s_wait_dscnt 0x0                                           // 000000005664: BFC60000
	s_mov_b32 exec_lo, s49                                     // 000000005668: BEFE0031
	s_add_co_u32 s45, s46, 20                                  // 00000000566C: 802D942E
	s_mov_b32 s49, exec_lo                                     // 000000005670: BEB1007E
	v_cmp_eq_u32_e32 vcc_lo, 0, v2                             // 000000005674: 7C940480
	s_and_b32 exec_lo, exec_lo, vcc_lo                         // 000000005678: 8B7E6A7E
	s_cbranch_execz 5                                          // 00000000567C: BFA50005 <occ_kernel+0x5694>
	v_mov_b32_e32 v11, s45                                     // 000000005680: 7E16022D
	v_mov_b32_e32 v14, 4                                       // 000000005684: 7E1C0284
	ds_store_b32 v11, v14                                      // 000000005688: D8340000 00000E0B
	s_wait_dscnt 0x0                                           // 000000005690: BFC60000
	s_mov_b32 exec_lo, s49                                     // 000000005694: BEFE0031
	s_add_co_u32 s45, s46, 24                                  // 000000005698: 802D982E
	s_mov_b32 s49, exec_lo                                     // 00000000569C: BEB1007E
	v_cmp_eq_u32_e32 vcc_lo, 0, v2                             // 0000000056A0: 7C940480
	s_and_b32 exec_lo, exec_lo, vcc_lo                         // 0000000056A4: 8B7E6A7E
	s_cbranch_execz 5                                          // 0000000056A8: BFA50005 <occ_kernel+0x56c0>
	v_mov_b32_e32 v11, s45                                     // 0000000056AC: 7E16022D
	v_mov_b32_e32 v14, 8                                       // 0000000056B0: 7E1C0288
	ds_store_b32 v11, v14                                      // 0000000056B4: D8340000 00000E0B
	s_wait_dscnt 0x0                                           // 0000000056BC: BFC60000
	s_mov_b32 exec_lo, s49                                     // 0000000056C0: BEFE0031
	s_add_co_u32 s45, s46, 28                                  // 0000000056C4: 802D9C2E
	s_mov_b32 s49, exec_lo                                     // 0000000056C8: BEB1007E
	v_cmp_eq_u32_e32 vcc_lo, 0, v2                             // 0000000056CC: 7C940480
	s_and_b32 exec_lo, exec_lo, vcc_lo                         // 0000000056D0: 8B7E6A7E
	s_cbranch_execz 5                                          // 0000000056D4: BFA50005 <occ_kernel+0x56ec>
	v_mov_b32_e32 v11, s45                                     // 0000000056D8: 7E16022D
	v_mov_b32_e32 v14, 8                                       // 0000000056DC: 7E1C0288
	ds_store_b32 v11, v14                                      // 0000000056E0: D8340000 00000E0B
	s_wait_dscnt 0x0                                           // 0000000056E8: BFC60000
	s_mov_b32 exec_lo, s49                                     // 0000000056EC: BEFE0031
	s_add_co_u32 s45, s46, 0                                   // 0000000056F0: 802D802E
	s_mov_b32 s49, exec_lo                                     // 0000000056F4: BEB1007E
	v_cmp_eq_u32_e32 vcc_lo, 0, v2                             // 0000000056F8: 7C940480
	s_and_b32 exec_lo, exec_lo, vcc_lo                         // 0000000056FC: 8B7E6A7E
	s_cbranch_execz 5                                          // 000000005700: BFA50005 <occ_kernel+0x5718>
	v_mov_b32_e32 v11, s45                                     // 000000005704: 7E16022D
	v_mov_b32_e32 v14, 0                                       // 000000005708: 7E1C0280
	ds_store_b32 v11, v14                                      // 00000000570C: D8340000 00000E0B
	s_wait_dscnt 0x0                                           // 000000005714: BFC60000
	s_mov_b32 exec_lo, s49                                     // 000000005718: BEFE0031
	s_add_co_u32 s45, s46, 4                                   // 00000000571C: 802D842E
	s_mov_b32 s49, exec_lo                                     // 000000005720: BEB1007E
	v_cmp_eq_u32_e32 vcc_lo, 0, v2                             // 000000005724: 7C940480
	s_and_b32 exec_lo, exec_lo, vcc_lo                         // 000000005728: 8B7E6A7E
	s_cbranch_execz 5                                          // 00000000572C: BFA50005 <occ_kernel+0x5744>
	v_mov_b32_e32 v11, s45                                     // 000000005730: 7E16022D
	v_mov_b32_e32 v14, s44                                     // 000000005734: 7E1C022C
	ds_store_b32 v11, v14                                      // 000000005738: D8340000 00000E0B
	s_wait_dscnt 0x0                                           // 000000005740: BFC60000
	s_mov_b32 exec_lo, s49                                     // 000000005744: BEFE0031
	v_mov_b32_e32 v11, 4                                       // 000000005748: 7E160284
	ds_load_b32 v14, v11                                       // 00000000574C: D8D80000 0E00000B
	s_wait_dscnt 0x0                                           // 000000005754: BFC60000
	v_readfirstlane_b32 s44, v14                               // 000000005758: 7E58050E
	v_mov_b32_e32 v11, 0                                       // 00000000575C: 7E160280
	ds_load_b32 v14, v11                                       // 000000005760: D8D80000 0E00000B
	s_wait_dscnt 0x0                                           // 000000005768: BFC60000
	v_readfirstlane_b32 s45, v14                               // 00000000576C: 7E5A050E
	s_cmp_ge_u32 s44, s45                                      // 000000005770: BF092D2C
	s_cbranch_scc1 37                                          // 000000005774: BFA20025 <occ_kernel+0x580c>
	s_and_b32 s46, s44, 31                                     // 000000005778: 8B2E9F2C
	s_lshl_b32 s48, s46, 5                                     // 00000000577C: 8430852E
	s_add_co_u32 s48, s48, 0x8200                              // 000000005780: 8030FF30 00008200
	s_add_co_u32 s45, s48, 4                                   // 000000005788: 802D8430
	v_mov_b32_e32 v11, s45                                     // 00000000578C: 7E16022D
	ds_load_b32 v14, v11                                       // 000000005790: D8D80000 0E00000B
	s_wait_dscnt 0x0                                           // 000000005798: BFC60000
	v_readfirstlane_b32 s47, v14                               // 00000000579C: 7E5E050E
	s_cmp_lg_u32 s47, s44                                      // 0000000057A0: BF072C2F
	s_cbranch_scc1 25                                          // 0000000057A4: BFA20019 <occ_kernel+0x580c>
	s_add_co_u32 s45, s48, 8                                   // 0000000057A8: 802D8830
	v_mov_b32_e32 v11, s45                                     // 0000000057AC: 7E16022D
	ds_load_b32 v14, v11                                       // 0000000057B0: D8D80000 0E00000B
	s_wait_dscnt 0x0                                           // 0000000057B8: BFC60000
	v_readfirstlane_b32 s47, v14                               // 0000000057BC: 7E5E050E
	s_and_b32 s47, s47, -2.0                                   // 0000000057C0: 8B2FF52F
	s_cmp_lg_u32 s47, 0                                        // 0000000057C4: BF07802F
	s_cbranch_scc1 16                                          // 0000000057C8: BFA20010 <occ_kernel+0x580c>
	s_mov_b32 s49, exec_lo                                     // 0000000057CC: BEB1007E
	s_add_co_u32 s60, s44, 1                                   // 0000000057D0: 803C812C
	s_ctz_i32_b32 s60, s49                                     // 0000000057D4: BEBC0831
	v_cmp_eq_u32_e32 vcc_lo, s60, v2                           // 0000000057D8: 7C94043C
	s_add_co_u32 s60, s44, 1                                   // 0000000057DC: 803C812C
	s_and_b32 exec_lo, exec_lo, vcc_lo                         // 0000000057E0: 8B7E6A7E
	s_cbranch_execz 7                                          // 0000000057E4: BFA50007 <occ_kernel+0x5804>
	v_mov_b32_e32 v11, 4                                       // 0000000057E8: 7E160284
	v_mov_b32_e32 v14, s60                                     // 0000000057EC: 7E1C023C
	v_mov_b32_e32 v13, s44                                     // 0000000057F0: 7E1A022C
	ds_cmpstore_rtn_b32 v13, v11, v14, v13                     // 0000000057F4: D8C00000 0D0D0E0B
	s_wait_dscnt 0x0                                           // 0000000057FC: BFC60000
	v_readfirstlane_b32 s60, v13                               // 000000005800: 7E78050D
	s_mov_b32 exec_lo, s49                                     // 000000005804: BEFE0031
	s_branch 65487                                             // 000000005808: BFA0FFCF <occ_kernel+0x5748>
	v_mov_b32_e32 v11, 8                                       // 00000000580C: 7E160288
	ds_load_b32 v14, v11                                       // 000000005810: D8D80000 0E00000B
	s_wait_dscnt 0x0                                           // 000000005818: BFC60000
	v_readfirstlane_b32 s20, v14                               // 00000000581C: 7E28050E
	v_mov_b32_e32 v11, 4                                       // 000000005820: 7E160284
	ds_load_b32 v14, v11                                       // 000000005824: D8D80000 0E00000B
	s_wait_dscnt 0x0                                           // 00000000582C: BFC60000
	v_readfirstlane_b32 s21, v14                               // 000000005830: 7E2A050E
	s_cmp_ge_u32 s20, s21                                      // 000000005834: BF091514
	s_cbranch_scc1 36                                          // 000000005838: BFA20024 <occ_kernel+0x58cc>
	s_and_b32 s22, s20, 31                                     // 00000000583C: 8B169F14
	s_lshl_b32 s22, s22, 5                                     // 000000005840: 84168516
	s_add_co_u32 s22, s22, 0x8200                              // 000000005844: 8016FF16 00008200
	s_add_co_u32 s23, s22, 4                                   // 00000000584C: 80178416
	v_mov_b32_e32 v11, s23                                     // 000000005850: 7E160217
	ds_load_b32 v14, v11                                       // 000000005854: D8D80000 0E00000B
	s_wait_dscnt 0x0                                           // 00000000585C: BFC60000
	v_readfirstlane_b32 s23, v14                               // 000000005860: 7E2E050E
	s_cmp_lg_u32 s23, s20                                      // 000000005864: BF071417
	s_cbranch_scc1 24                                          // 000000005868: BFA20018 <occ_kernel+0x58cc>
	s_add_co_u32 s23, s22, 12                                  // 00000000586C: 80178C16
	v_mov_b32_e32 v11, s23                                     // 000000005870: 7E160217
	ds_load_b32 v14, v11                                       // 000000005874: D8D80000 0E00000B
	s_wait_dscnt 0x0                                           // 00000000587C: BFC60000
	v_readfirstlane_b32 s23, v14                               // 000000005880: 7E2E050E
	s_cmp_lt_u32 s23, 4                                        // 000000005884: BF0A8417
	s_cbranch_scc1 16                                          // 000000005888: BFA20010 <occ_kernel+0x58cc>
	s_mov_b32 s49, exec_lo                                     // 00000000588C: BEB1007E
	s_add_co_u32 s60, s20, 1                                   // 000000005890: 803C8114
	s_ctz_i32_b32 s60, s49                                     // 000000005894: BEBC0831
	v_cmp_eq_u32_e32 vcc_lo, s60, v2                           // 000000005898: 7C94043C
	s_add_co_u32 s60, s20, 1                                   // 00000000589C: 803C8114
	s_and_b32 exec_lo, exec_lo, vcc_lo                         // 0000000058A0: 8B7E6A7E
	s_cbranch_execz 7                                          // 0000000058A4: BFA50007 <occ_kernel+0x58c4>
	v_mov_b32_e32 v11, 8                                       // 0000000058A8: 7E160288
	v_mov_b32_e32 v14, s60                                     // 0000000058AC: 7E1C023C
	v_mov_b32_e32 v13, s20                                     // 0000000058B0: 7E1A0214
	ds_cmpstore_rtn_b32 v13, v11, v14, v13                     // 0000000058B4: D8C00000 0D0D0E0B
	s_wait_dscnt 0x0                                           // 0000000058BC: BFC60000
	v_readfirstlane_b32 s60, v13                               // 0000000058C0: 7E78050D
	s_mov_b32 exec_lo, s49                                     // 0000000058C4: BEFE0031
	s_branch 65488                                             // 0000000058C8: BFA0FFD0 <occ_kernel+0x580c>
	s_mov_b32 s33, 0                                           // 0000000058CC: BEA10080
	v_mov_b32_e32 v32, 0                                       // 0000000058D0: 7E400280
	v_mov_b32_e32 v33, 0                                       // 0000000058D4: 7E420280
	v_mov_b32_e32 v34, 0                                       // 0000000058D8: 7E440280
	v_mov_b32_e32 v35, 0                                       // 0000000058DC: 7E460280
	v_mov_b32_e32 v36, 0                                       // 0000000058E0: 7E480280
	v_mov_b32_e32 v37, 0                                       // 0000000058E4: 7E4A0280
	v_mov_b32_e32 v38, 0                                       // 0000000058E8: 7E4C0280
	v_mov_b32_e32 v39, 0                                       // 0000000058EC: 7E4E0280
	v_mov_b32_e32 v40, 0                                       // 0000000058F0: 7E500280
	v_mov_b32_e32 v41, 0                                       // 0000000058F4: 7E520280
	v_mov_b32_e32 v42, 0                                       // 0000000058F8: 7E540280
	v_mov_b32_e32 v43, 0                                       // 0000000058FC: 7E560280
	v_mov_b32_e32 v44, 0                                       // 000000005900: 7E580280
	v_mov_b32_e32 v45, 0                                       // 000000005904: 7E5A0280
	v_mov_b32_e32 v46, 0                                       // 000000005908: 7E5C0280
	v_mov_b32_e32 v47, 0                                       // 00000000590C: 7E5E0280
	v_mov_b32_e32 v48, 0                                       // 000000005910: 7E600280
	v_mov_b32_e32 v49, 0                                       // 000000005914: 7E620280
	v_mov_b32_e32 v50, 0                                       // 000000005918: 7E640280
	v_mov_b32_e32 v51, 0                                       // 00000000591C: 7E660280
	v_mov_b32_e32 v52, 0                                       // 000000005920: 7E680280
	v_mov_b32_e32 v53, 0                                       // 000000005924: 7E6A0280
	v_mov_b32_e32 v54, 0                                       // 000000005928: 7E6C0280
	v_mov_b32_e32 v55, 0                                       // 00000000592C: 7E6E0280
	v_mov_b32_e32 v56, 0                                       // 000000005930: 7E700280
	v_mov_b32_e32 v57, 0                                       // 000000005934: 7E720280
	v_mov_b32_e32 v58, 0                                       // 000000005938: 7E740280
	v_mov_b32_e32 v59, 0                                       // 00000000593C: 7E760280
	v_mov_b32_e32 v60, 0                                       // 000000005940: 7E780280
	v_mov_b32_e32 v61, 0                                       // 000000005944: 7E7A0280
	v_mov_b32_e32 v62, 0                                       // 000000005948: 7E7C0280
	v_mov_b32_e32 v63, 0                                       // 00000000594C: 7E7E0280
	v_mov_b32_e32 v64, 0                                       // 000000005950: 7E800280
	v_mov_b32_e32 v65, 0                                       // 000000005954: 7E820280
	v_mov_b32_e32 v66, 0                                       // 000000005958: 7E840280
	v_mov_b32_e32 v67, 0                                       // 00000000595C: 7E860280
	v_mov_b32_e32 v68, 0                                       // 000000005960: 7E880280
	v_mov_b32_e32 v69, 0                                       // 000000005964: 7E8A0280
	v_mov_b32_e32 v70, 0                                       // 000000005968: 7E8C0280
	v_mov_b32_e32 v71, 0                                       // 00000000596C: 7E8E0280
	v_mov_b32_e32 v72, 0                                       // 000000005970: 7E900280
	v_mov_b32_e32 v73, 0                                       // 000000005974: 7E920280
	v_mov_b32_e32 v74, 0                                       // 000000005978: 7E940280
	v_mov_b32_e32 v75, 0                                       // 00000000597C: 7E960280
	v_mov_b32_e32 v76, 0                                       // 000000005980: 7E980280
	v_mov_b32_e32 v77, 0                                       // 000000005984: 7E9A0280
	v_mov_b32_e32 v78, 0                                       // 000000005988: 7E9C0280
	v_mov_b32_e32 v79, 0                                       // 00000000598C: 7E9E0280
	v_mov_b32_e32 v80, 0                                       // 000000005990: 7EA00280
	v_mov_b32_e32 v81, 0                                       // 000000005994: 7EA20280
	v_mov_b32_e32 v82, 0                                       // 000000005998: 7EA40280
	v_mov_b32_e32 v83, 0                                       // 00000000599C: 7EA60280
	v_mov_b32_e32 v84, 0                                       // 0000000059A0: 7EA80280
	v_mov_b32_e32 v85, 0                                       // 0000000059A4: 7EAA0280
	v_mov_b32_e32 v86, 0                                       // 0000000059A8: 7EAC0280
	v_mov_b32_e32 v87, 0                                       // 0000000059AC: 7EAE0280
	v_mov_b32_e32 v88, 0                                       // 0000000059B0: 7EB00280
	v_mov_b32_e32 v89, 0                                       // 0000000059B4: 7EB20280
	v_mov_b32_e32 v90, 0                                       // 0000000059B8: 7EB40280
	v_mov_b32_e32 v91, 0                                       // 0000000059BC: 7EB60280
	v_mov_b32_e32 v92, 0                                       // 0000000059C0: 7EB80280
	v_mov_b32_e32 v93, 0                                       // 0000000059C4: 7EBA0280
	v_mov_b32_e32 v94, 0                                       // 0000000059C8: 7EBC0280
	v_mov_b32_e32 v95, 0                                       // 0000000059CC: 7EBE0280
	s_mul_i32 s20, s30, s14                                    // 0000000059D0: 96140E1E
	s_mul_i32 s21, s31, 16                                     // 0000000059D4: 9615901F
	s_mul_hi_u32 s25, s21, s10                                 // 0000000059D8: 96990A15
	s_mul_i32 s21, s21, s10                                    // 0000000059DC: 96150A15
	s_add_co_u32 s20, s20, s21                                 // 0000000059E0: 80141514
	s_add_co_ci_u32 s25, s25, 0                                // 0000000059E4: 82198019
	s_add_co_u32 s52, s4, s20                                  // 0000000059E8: 80341404
	s_add_co_ci_u32 s53, s5, s25                               // 0000000059EC: 82351905
	s_mul_i32 s42, s41, 4                                      // 0000000059F0: 962A8429
	s_add_co_u32 s42, s42, s33                                 // 0000000059F4: 802A212A
	s_mul_i32 s36, s19, 8                                      // 0000000059F8: 96248813
	s_add_co_u32 s36, s36, s42                                 // 0000000059FC: 80242A24
	s_mul_i32 s22, s36, 32                                     // 000000005A00: 9616A024
	s_mul_i32 s22, s22, s9                                     // 000000005A04: 96160916
	s_mul_i32 s25, s31, 0x100                                  // 000000005A08: 9619FF1F 00000100
	s_add_co_u32 s22, s22, s25                                 // 000000005A10: 80161916
	s_add_co_u32 s56, s2, s22                                  // 000000005A14: 80381602
	s_add_co_ci_u32 s57, s3, 0                                 // 000000005A18: 82398003
	s_lshl_b32 s32, s9, 4                                      // 000000005A1C: 84208409
	s_add_co_u32 s54, s56, s32                                 // 000000005A20: 80362038
	s_add_co_ci_u32 s55, s57, 0                                // 000000005A24: 82378039
	global_load_tr_b64 v[100:101], v9, s[52:53]                // 000000005A28: EE160034 00000064 00000009
	global_load_tr_b64 v[102:103], v9, s[52:53] offset:256     // 000000005A34: EE160034 00000066 00010009
	global_load_tr_b64 v[104:105], v9, s[52:53] offset:512     // 000000005A40: EE160034 00000068 00020009
	global_load_tr_b64 v[106:107], v9, s[52:53] offset:768     // 000000005A4C: EE160034 0000006A 00030009
	global_load_b64 v[96:97], v8, s[56:57]                     // 000000005A58: EE054038 00000060 00000008
	global_load_b64 v[98:99], v8, s[54:55]                     // 000000005A64: EE054036 00000062 00000008
	s_wait_loadcnt 0x0                                         // 000000005A70: BFC00000
	v_wmma_f32_16x16x16_fp8_fp8 v[32:39], v[96:97], v[100:101], v[32:39]// 000000005A74: CC464020 1C82C960
	v_wmma_f32_16x16x16_fp8_fp8 v[40:47], v[96:97], v[102:103], v[40:47]// 000000005A7C: CC464028 1CA2CD60
	v_wmma_f32_16x16x16_fp8_fp8 v[48:55], v[96:97], v[104:105], v[48:55]// 000000005A84: CC464030 1CC2D160
	v_wmma_f32_16x16x16_fp8_fp8 v[56:63], v[96:97], v[106:107], v[56:63]// 000000005A8C: CC464038 1CE2D560
	v_wmma_f32_16x16x16_fp8_fp8 v[64:71], v[98:99], v[100:101], v[64:71]// 000000005A94: CC464040 1D02C962
	v_wmma_f32_16x16x16_fp8_fp8 v[72:79], v[98:99], v[102:103], v[72:79]// 000000005A9C: CC464048 1D22CD62
	v_wmma_f32_16x16x16_fp8_fp8 v[80:87], v[98:99], v[104:105], v[80:87]// 000000005AA4: CC464050 1D42D162
	v_wmma_f32_16x16x16_fp8_fp8 v[88:95], v[98:99], v[106:107], v[88:95]// 000000005AAC: CC464058 1D62D562
	s_add_co_u32 s52, s52, s10                                 // 000000005AB4: 80340A34
	s_add_co_ci_u32 s53, s53, 0                                // 000000005AB8: 82358035
	global_load_tr_b64 v[100:101], v9, s[52:53]                // 000000005ABC: EE160034 00000064 00000009
	global_load_tr_b64 v[102:103], v9, s[52:53] offset:256     // 000000005AC8: EE160034 00000066 00010009
	global_load_tr_b64 v[104:105], v9, s[52:53] offset:512     // 000000005AD4: EE160034 00000068 00020009
	global_load_tr_b64 v[106:107], v9, s[52:53] offset:768     // 000000005AE0: EE160034 0000006A 00030009
	global_load_b64 v[96:97], v8, s[56:57] offset:16           // 000000005AEC: EE054038 00000060 00001008
	global_load_b64 v[98:99], v8, s[54:55] offset:16           // 000000005AF8: EE054036 00000062 00001008
	s_wait_loadcnt 0x0                                         // 000000005B04: BFC00000
	v_wmma_f32_16x16x16_fp8_fp8 v[32:39], v[96:97], v[100:101], v[32:39]// 000000005B08: CC464020 1C82C960
	v_wmma_f32_16x16x16_fp8_fp8 v[40:47], v[96:97], v[102:103], v[40:47]// 000000005B10: CC464028 1CA2CD60
	v_wmma_f32_16x16x16_fp8_fp8 v[48:55], v[96:97], v[104:105], v[48:55]// 000000005B18: CC464030 1CC2D160
	v_wmma_f32_16x16x16_fp8_fp8 v[56:63], v[96:97], v[106:107], v[56:63]// 000000005B20: CC464038 1CE2D560
	v_wmma_f32_16x16x16_fp8_fp8 v[64:71], v[98:99], v[100:101], v[64:71]// 000000005B28: CC464040 1D02C962
	v_wmma_f32_16x16x16_fp8_fp8 v[72:79], v[98:99], v[102:103], v[72:79]// 000000005B30: CC464048 1D22CD62
	v_wmma_f32_16x16x16_fp8_fp8 v[80:87], v[98:99], v[104:105], v[80:87]// 000000005B38: CC464050 1D42D162
	v_wmma_f32_16x16x16_fp8_fp8 v[88:95], v[98:99], v[106:107], v[88:95]// 000000005B40: CC464058 1D62D562
	s_add_co_u32 s52, s52, s10                                 // 000000005B48: 80340A34
	s_add_co_ci_u32 s53, s53, 0                                // 000000005B4C: 82358035
	global_load_tr_b64 v[100:101], v9, s[52:53]                // 000000005B50: EE160034 00000064 00000009
	global_load_tr_b64 v[102:103], v9, s[52:53] offset:256     // 000000005B5C: EE160034 00000066 00010009
	global_load_tr_b64 v[104:105], v9, s[52:53] offset:512     // 000000005B68: EE160034 00000068 00020009
	global_load_tr_b64 v[106:107], v9, s[52:53] offset:768     // 000000005B74: EE160034 0000006A 00030009
	global_load_b64 v[96:97], v8, s[56:57] offset:32           // 000000005B80: EE054038 00000060 00002008
	global_load_b64 v[98:99], v8, s[54:55] offset:32           // 000000005B8C: EE054036 00000062 00002008
	s_wait_loadcnt 0x0                                         // 000000005B98: BFC00000
	v_wmma_f32_16x16x16_fp8_fp8 v[32:39], v[96:97], v[100:101], v[32:39]// 000000005B9C: CC464020 1C82C960
	v_wmma_f32_16x16x16_fp8_fp8 v[40:47], v[96:97], v[102:103], v[40:47]// 000000005BA4: CC464028 1CA2CD60
	v_wmma_f32_16x16x16_fp8_fp8 v[48:55], v[96:97], v[104:105], v[48:55]// 000000005BAC: CC464030 1CC2D160
	v_wmma_f32_16x16x16_fp8_fp8 v[56:63], v[96:97], v[106:107], v[56:63]// 000000005BB4: CC464038 1CE2D560
	v_wmma_f32_16x16x16_fp8_fp8 v[64:71], v[98:99], v[100:101], v[64:71]// 000000005BBC: CC464040 1D02C962
	v_wmma_f32_16x16x16_fp8_fp8 v[72:79], v[98:99], v[102:103], v[72:79]// 000000005BC4: CC464048 1D22CD62
	v_wmma_f32_16x16x16_fp8_fp8 v[80:87], v[98:99], v[104:105], v[80:87]// 000000005BCC: CC464050 1D42D162
	v_wmma_f32_16x16x16_fp8_fp8 v[88:95], v[98:99], v[106:107], v[88:95]// 000000005BD4: CC464058 1D62D562
	s_add_co_u32 s52, s52, s10                                 // 000000005BDC: 80340A34
	s_add_co_ci_u32 s53, s53, 0                                // 000000005BE0: 82358035
	global_load_tr_b64 v[100:101], v9, s[52:53]                // 000000005BE4: EE160034 00000064 00000009
	global_load_tr_b64 v[102:103], v9, s[52:53] offset:256     // 000000005BF0: EE160034 00000066 00010009
	global_load_tr_b64 v[104:105], v9, s[52:53] offset:512     // 000000005BFC: EE160034 00000068 00020009
	global_load_tr_b64 v[106:107], v9, s[52:53] offset:768     // 000000005C08: EE160034 0000006A 00030009
	global_load_b64 v[96:97], v8, s[56:57] offset:48           // 000000005C14: EE054038 00000060 00003008
	global_load_b64 v[98:99], v8, s[54:55] offset:48           // 000000005C20: EE054036 00000062 00003008
	s_wait_loadcnt 0x0                                         // 000000005C2C: BFC00000
	v_wmma_f32_16x16x16_fp8_fp8 v[32:39], v[96:97], v[100:101], v[32:39]// 000000005C30: CC464020 1C82C960
	v_wmma_f32_16x16x16_fp8_fp8 v[40:47], v[96:97], v[102:103], v[40:47]// 000000005C38: CC464028 1CA2CD60
	v_wmma_f32_16x16x16_fp8_fp8 v[48:55], v[96:97], v[104:105], v[48:55]// 000000005C40: CC464030 1CC2D160
	v_wmma_f32_16x16x16_fp8_fp8 v[56:63], v[96:97], v[106:107], v[56:63]// 000000005C48: CC464038 1CE2D560
	v_wmma_f32_16x16x16_fp8_fp8 v[64:71], v[98:99], v[100:101], v[64:71]// 000000005C50: CC464040 1D02C962
	v_wmma_f32_16x16x16_fp8_fp8 v[72:79], v[98:99], v[102:103], v[72:79]// 000000005C58: CC464048 1D22CD62
	v_wmma_f32_16x16x16_fp8_fp8 v[80:87], v[98:99], v[104:105], v[80:87]// 000000005C60: CC464050 1D42D162
	v_wmma_f32_16x16x16_fp8_fp8 v[88:95], v[98:99], v[106:107], v[88:95]// 000000005C68: CC464058 1D62D562
	s_add_co_u32 s52, s52, s10                                 // 000000005C70: 80340A34
	s_add_co_ci_u32 s53, s53, 0                                // 000000005C74: 82358035
	global_load_tr_b64 v[100:101], v9, s[52:53]                // 000000005C78: EE160034 00000064 00000009
	global_load_tr_b64 v[102:103], v9, s[52:53] offset:256     // 000000005C84: EE160034 00000066 00010009
	global_load_tr_b64 v[104:105], v9, s[52:53] offset:512     // 000000005C90: EE160034 00000068 00020009
	global_load_tr_b64 v[106:107], v9, s[52:53] offset:768     // 000000005C9C: EE160034 0000006A 00030009
	global_load_b64 v[96:97], v8, s[56:57] offset:64           // 000000005CA8: EE054038 00000060 00004008
	global_load_b64 v[98:99], v8, s[54:55] offset:64           // 000000005CB4: EE054036 00000062 00004008
	s_wait_loadcnt 0x0                                         // 000000005CC0: BFC00000
	v_wmma_f32_16x16x16_fp8_fp8 v[32:39], v[96:97], v[100:101], v[32:39]// 000000005CC4: CC464020 1C82C960
	v_wmma_f32_16x16x16_fp8_fp8 v[40:47], v[96:97], v[102:103], v[40:47]// 000000005CCC: CC464028 1CA2CD60
	v_wmma_f32_16x16x16_fp8_fp8 v[48:55], v[96:97], v[104:105], v[48:55]// 000000005CD4: CC464030 1CC2D160
	v_wmma_f32_16x16x16_fp8_fp8 v[56:63], v[96:97], v[106:107], v[56:63]// 000000005CDC: CC464038 1CE2D560
	v_wmma_f32_16x16x16_fp8_fp8 v[64:71], v[98:99], v[100:101], v[64:71]// 000000005CE4: CC464040 1D02C962
	v_wmma_f32_16x16x16_fp8_fp8 v[72:79], v[98:99], v[102:103], v[72:79]// 000000005CEC: CC464048 1D22CD62
	v_wmma_f32_16x16x16_fp8_fp8 v[80:87], v[98:99], v[104:105], v[80:87]// 000000005CF4: CC464050 1D42D162
	v_wmma_f32_16x16x16_fp8_fp8 v[88:95], v[98:99], v[106:107], v[88:95]// 000000005CFC: CC464058 1D62D562
	s_add_co_u32 s52, s52, s10                                 // 000000005D04: 80340A34
	s_add_co_ci_u32 s53, s53, 0                                // 000000005D08: 82358035
	global_load_tr_b64 v[100:101], v9, s[52:53]                // 000000005D0C: EE160034 00000064 00000009
	global_load_tr_b64 v[102:103], v9, s[52:53] offset:256     // 000000005D18: EE160034 00000066 00010009
	global_load_tr_b64 v[104:105], v9, s[52:53] offset:512     // 000000005D24: EE160034 00000068 00020009
	global_load_tr_b64 v[106:107], v9, s[52:53] offset:768     // 000000005D30: EE160034 0000006A 00030009
	global_load_b64 v[96:97], v8, s[56:57] offset:80           // 000000005D3C: EE054038 00000060 00005008
	global_load_b64 v[98:99], v8, s[54:55] offset:80           // 000000005D48: EE054036 00000062 00005008
	s_wait_loadcnt 0x0                                         // 000000005D54: BFC00000
	v_wmma_f32_16x16x16_fp8_fp8 v[32:39], v[96:97], v[100:101], v[32:39]// 000000005D58: CC464020 1C82C960
	v_wmma_f32_16x16x16_fp8_fp8 v[40:47], v[96:97], v[102:103], v[40:47]// 000000005D60: CC464028 1CA2CD60
	v_wmma_f32_16x16x16_fp8_fp8 v[48:55], v[96:97], v[104:105], v[48:55]// 000000005D68: CC464030 1CC2D160
	v_wmma_f32_16x16x16_fp8_fp8 v[56:63], v[96:97], v[106:107], v[56:63]// 000000005D70: CC464038 1CE2D560
	v_wmma_f32_16x16x16_fp8_fp8 v[64:71], v[98:99], v[100:101], v[64:71]// 000000005D78: CC464040 1D02C962
	v_wmma_f32_16x16x16_fp8_fp8 v[72:79], v[98:99], v[102:103], v[72:79]// 000000005D80: CC464048 1D22CD62
	v_wmma_f32_16x16x16_fp8_fp8 v[80:87], v[98:99], v[104:105], v[80:87]// 000000005D88: CC464050 1D42D162
	v_wmma_f32_16x16x16_fp8_fp8 v[88:95], v[98:99], v[106:107], v[88:95]// 000000005D90: CC464058 1D62D562
	s_add_co_u32 s52, s52, s10                                 // 000000005D98: 80340A34
	s_add_co_ci_u32 s53, s53, 0                                // 000000005D9C: 82358035
	global_load_tr_b64 v[100:101], v9, s[52:53]                // 000000005DA0: EE160034 00000064 00000009
	global_load_tr_b64 v[102:103], v9, s[52:53] offset:256     // 000000005DAC: EE160034 00000066 00010009
	global_load_tr_b64 v[104:105], v9, s[52:53] offset:512     // 000000005DB8: EE160034 00000068 00020009
	global_load_tr_b64 v[106:107], v9, s[52:53] offset:768     // 000000005DC4: EE160034 0000006A 00030009
	global_load_b64 v[96:97], v8, s[56:57] offset:96           // 000000005DD0: EE054038 00000060 00006008
	global_load_b64 v[98:99], v8, s[54:55] offset:96           // 000000005DDC: EE054036 00000062 00006008
	s_wait_loadcnt 0x0                                         // 000000005DE8: BFC00000
	v_wmma_f32_16x16x16_fp8_fp8 v[32:39], v[96:97], v[100:101], v[32:39]// 000000005DEC: CC464020 1C82C960
	v_wmma_f32_16x16x16_fp8_fp8 v[40:47], v[96:97], v[102:103], v[40:47]// 000000005DF4: CC464028 1CA2CD60
	v_wmma_f32_16x16x16_fp8_fp8 v[48:55], v[96:97], v[104:105], v[48:55]// 000000005DFC: CC464030 1CC2D160
	v_wmma_f32_16x16x16_fp8_fp8 v[56:63], v[96:97], v[106:107], v[56:63]// 000000005E04: CC464038 1CE2D560
	v_wmma_f32_16x16x16_fp8_fp8 v[64:71], v[98:99], v[100:101], v[64:71]// 000000005E0C: CC464040 1D02C962
	v_wmma_f32_16x16x16_fp8_fp8 v[72:79], v[98:99], v[102:103], v[72:79]// 000000005E14: CC464048 1D22CD62
	v_wmma_f32_16x16x16_fp8_fp8 v[80:87], v[98:99], v[104:105], v[80:87]// 000000005E1C: CC464050 1D42D162
	v_wmma_f32_16x16x16_fp8_fp8 v[88:95], v[98:99], v[106:107], v[88:95]// 000000005E24: CC464058 1D62D562
	s_add_co_u32 s52, s52, s10                                 // 000000005E2C: 80340A34
	s_add_co_ci_u32 s53, s53, 0                                // 000000005E30: 82358035
	global_load_tr_b64 v[100:101], v9, s[52:53]                // 000000005E34: EE160034 00000064 00000009
	global_load_tr_b64 v[102:103], v9, s[52:53] offset:256     // 000000005E40: EE160034 00000066 00010009
	global_load_tr_b64 v[104:105], v9, s[52:53] offset:512     // 000000005E4C: EE160034 00000068 00020009
	global_load_tr_b64 v[106:107], v9, s[52:53] offset:768     // 000000005E58: EE160034 0000006A 00030009
	global_load_b64 v[96:97], v8, s[56:57] offset:112          // 000000005E64: EE054038 00000060 00007008
	global_load_b64 v[98:99], v8, s[54:55] offset:112          // 000000005E70: EE054036 00000062 00007008
	s_wait_loadcnt 0x0                                         // 000000005E7C: BFC00000
	v_wmma_f32_16x16x16_fp8_fp8 v[32:39], v[96:97], v[100:101], v[32:39]// 000000005E80: CC464020 1C82C960
	v_wmma_f32_16x16x16_fp8_fp8 v[40:47], v[96:97], v[102:103], v[40:47]// 000000005E88: CC464028 1CA2CD60
	v_wmma_f32_16x16x16_fp8_fp8 v[48:55], v[96:97], v[104:105], v[48:55]// 000000005E90: CC464030 1CC2D160
	v_wmma_f32_16x16x16_fp8_fp8 v[56:63], v[96:97], v[106:107], v[56:63]// 000000005E98: CC464038 1CE2D560
	v_wmma_f32_16x16x16_fp8_fp8 v[64:71], v[98:99], v[100:101], v[64:71]// 000000005EA0: CC464040 1D02C962
	v_wmma_f32_16x16x16_fp8_fp8 v[72:79], v[98:99], v[102:103], v[72:79]// 000000005EA8: CC464048 1D22CD62
	v_wmma_f32_16x16x16_fp8_fp8 v[80:87], v[98:99], v[104:105], v[80:87]// 000000005EB0: CC464050 1D42D162
	v_wmma_f32_16x16x16_fp8_fp8 v[88:95], v[98:99], v[106:107], v[88:95]// 000000005EB8: CC464058 1D62D562
	s_add_co_u32 s52, s52, s10                                 // 000000005EC0: 80340A34
	s_add_co_ci_u32 s53, s53, 0                                // 000000005EC4: 82358035
	global_load_tr_b64 v[100:101], v9, s[52:53]                // 000000005EC8: EE160034 00000064 00000009
	global_load_tr_b64 v[102:103], v9, s[52:53] offset:256     // 000000005ED4: EE160034 00000066 00010009
	global_load_tr_b64 v[104:105], v9, s[52:53] offset:512     // 000000005EE0: EE160034 00000068 00020009
	global_load_tr_b64 v[106:107], v9, s[52:53] offset:768     // 000000005EEC: EE160034 0000006A 00030009
	global_load_b64 v[96:97], v8, s[56:57] offset:128          // 000000005EF8: EE054038 00000060 00008008
	global_load_b64 v[98:99], v8, s[54:55] offset:128          // 000000005F04: EE054036 00000062 00008008
	s_wait_loadcnt 0x0                                         // 000000005F10: BFC00000
	v_wmma_f32_16x16x16_fp8_fp8 v[32:39], v[96:97], v[100:101], v[32:39]// 000000005F14: CC464020 1C82C960
	v_wmma_f32_16x16x16_fp8_fp8 v[40:47], v[96:97], v[102:103], v[40:47]// 000000005F1C: CC464028 1CA2CD60
	v_wmma_f32_16x16x16_fp8_fp8 v[48:55], v[96:97], v[104:105], v[48:55]// 000000005F24: CC464030 1CC2D160
	v_wmma_f32_16x16x16_fp8_fp8 v[56:63], v[96:97], v[106:107], v[56:63]// 000000005F2C: CC464038 1CE2D560
	v_wmma_f32_16x16x16_fp8_fp8 v[64:71], v[98:99], v[100:101], v[64:71]// 000000005F34: CC464040 1D02C962
	v_wmma_f32_16x16x16_fp8_fp8 v[72:79], v[98:99], v[102:103], v[72:79]// 000000005F3C: CC464048 1D22CD62
	v_wmma_f32_16x16x16_fp8_fp8 v[80:87], v[98:99], v[104:105], v[80:87]// 000000005F44: CC464050 1D42D162
	v_wmma_f32_16x16x16_fp8_fp8 v[88:95], v[98:99], v[106:107], v[88:95]// 000000005F4C: CC464058 1D62D562
	s_add_co_u32 s52, s52, s10                                 // 000000005F54: 80340A34
	s_add_co_ci_u32 s53, s53, 0                                // 000000005F58: 82358035
	global_load_tr_b64 v[100:101], v9, s[52:53]                // 000000005F5C: EE160034 00000064 00000009
	global_load_tr_b64 v[102:103], v9, s[52:53] offset:256     // 000000005F68: EE160034 00000066 00010009
	global_load_tr_b64 v[104:105], v9, s[52:53] offset:512     // 000000005F74: EE160034 00000068 00020009
	global_load_tr_b64 v[106:107], v9, s[52:53] offset:768     // 000000005F80: EE160034 0000006A 00030009
	global_load_b64 v[96:97], v8, s[56:57] offset:144          // 000000005F8C: EE054038 00000060 00009008
	global_load_b64 v[98:99], v8, s[54:55] offset:144          // 000000005F98: EE054036 00000062 00009008
	s_wait_loadcnt 0x0                                         // 000000005FA4: BFC00000
	v_wmma_f32_16x16x16_fp8_fp8 v[32:39], v[96:97], v[100:101], v[32:39]// 000000005FA8: CC464020 1C82C960
	v_wmma_f32_16x16x16_fp8_fp8 v[40:47], v[96:97], v[102:103], v[40:47]// 000000005FB0: CC464028 1CA2CD60
	v_wmma_f32_16x16x16_fp8_fp8 v[48:55], v[96:97], v[104:105], v[48:55]// 000000005FB8: CC464030 1CC2D160
	v_wmma_f32_16x16x16_fp8_fp8 v[56:63], v[96:97], v[106:107], v[56:63]// 000000005FC0: CC464038 1CE2D560
	v_wmma_f32_16x16x16_fp8_fp8 v[64:71], v[98:99], v[100:101], v[64:71]// 000000005FC8: CC464040 1D02C962
	v_wmma_f32_16x16x16_fp8_fp8 v[72:79], v[98:99], v[102:103], v[72:79]// 000000005FD0: CC464048 1D22CD62
	v_wmma_f32_16x16x16_fp8_fp8 v[80:87], v[98:99], v[104:105], v[80:87]// 000000005FD8: CC464050 1D42D162
	v_wmma_f32_16x16x16_fp8_fp8 v[88:95], v[98:99], v[106:107], v[88:95]// 000000005FE0: CC464058 1D62D562
	s_add_co_u32 s52, s52, s10                                 // 000000005FE8: 80340A34
	s_add_co_ci_u32 s53, s53, 0                                // 000000005FEC: 82358035
	global_load_tr_b64 v[100:101], v9, s[52:53]                // 000000005FF0: EE160034 00000064 00000009
	global_load_tr_b64 v[102:103], v9, s[52:53] offset:256     // 000000005FFC: EE160034 00000066 00010009
	global_load_tr_b64 v[104:105], v9, s[52:53] offset:512     // 000000006008: EE160034 00000068 00020009
	global_load_tr_b64 v[106:107], v9, s[52:53] offset:768     // 000000006014: EE160034 0000006A 00030009
	global_load_b64 v[96:97], v8, s[56:57] offset:160          // 000000006020: EE054038 00000060 0000A008
	global_load_b64 v[98:99], v8, s[54:55] offset:160          // 00000000602C: EE054036 00000062 0000A008
	s_wait_loadcnt 0x0                                         // 000000006038: BFC00000
	v_wmma_f32_16x16x16_fp8_fp8 v[32:39], v[96:97], v[100:101], v[32:39]// 00000000603C: CC464020 1C82C960
	v_wmma_f32_16x16x16_fp8_fp8 v[40:47], v[96:97], v[102:103], v[40:47]// 000000006044: CC464028 1CA2CD60
	v_wmma_f32_16x16x16_fp8_fp8 v[48:55], v[96:97], v[104:105], v[48:55]// 00000000604C: CC464030 1CC2D160
	v_wmma_f32_16x16x16_fp8_fp8 v[56:63], v[96:97], v[106:107], v[56:63]// 000000006054: CC464038 1CE2D560
	v_wmma_f32_16x16x16_fp8_fp8 v[64:71], v[98:99], v[100:101], v[64:71]// 00000000605C: CC464040 1D02C962
	v_wmma_f32_16x16x16_fp8_fp8 v[72:79], v[98:99], v[102:103], v[72:79]// 000000006064: CC464048 1D22CD62
	v_wmma_f32_16x16x16_fp8_fp8 v[80:87], v[98:99], v[104:105], v[80:87]// 00000000606C: CC464050 1D42D162
	v_wmma_f32_16x16x16_fp8_fp8 v[88:95], v[98:99], v[106:107], v[88:95]// 000000006074: CC464058 1D62D562
	s_add_co_u32 s52, s52, s10                                 // 00000000607C: 80340A34
	s_add_co_ci_u32 s53, s53, 0                                // 000000006080: 82358035
	global_load_tr_b64 v[100:101], v9, s[52:53]                // 000000006084: EE160034 00000064 00000009
	global_load_tr_b64 v[102:103], v9, s[52:53] offset:256     // 000000006090: EE160034 00000066 00010009
	global_load_tr_b64 v[104:105], v9, s[52:53] offset:512     // 00000000609C: EE160034 00000068 00020009
	global_load_tr_b64 v[106:107], v9, s[52:53] offset:768     // 0000000060A8: EE160034 0000006A 00030009
	global_load_b64 v[96:97], v8, s[56:57] offset:176          // 0000000060B4: EE054038 00000060 0000B008
	global_load_b64 v[98:99], v8, s[54:55] offset:176          // 0000000060C0: EE054036 00000062 0000B008
	s_wait_loadcnt 0x0                                         // 0000000060CC: BFC00000
	v_wmma_f32_16x16x16_fp8_fp8 v[32:39], v[96:97], v[100:101], v[32:39]// 0000000060D0: CC464020 1C82C960
	v_wmma_f32_16x16x16_fp8_fp8 v[40:47], v[96:97], v[102:103], v[40:47]// 0000000060D8: CC464028 1CA2CD60
	v_wmma_f32_16x16x16_fp8_fp8 v[48:55], v[96:97], v[104:105], v[48:55]// 0000000060E0: CC464030 1CC2D160
	v_wmma_f32_16x16x16_fp8_fp8 v[56:63], v[96:97], v[106:107], v[56:63]// 0000000060E8: CC464038 1CE2D560
	v_wmma_f32_16x16x16_fp8_fp8 v[64:71], v[98:99], v[100:101], v[64:71]// 0000000060F0: CC464040 1D02C962
	v_wmma_f32_16x16x16_fp8_fp8 v[72:79], v[98:99], v[102:103], v[72:79]// 0000000060F8: CC464048 1D22CD62
	v_wmma_f32_16x16x16_fp8_fp8 v[80:87], v[98:99], v[104:105], v[80:87]// 000000006100: CC464050 1D42D162
	v_wmma_f32_16x16x16_fp8_fp8 v[88:95], v[98:99], v[106:107], v[88:95]// 000000006108: CC464058 1D62D562
	s_add_co_u32 s52, s52, s10                                 // 000000006110: 80340A34
	s_add_co_ci_u32 s53, s53, 0                                // 000000006114: 82358035
	global_load_tr_b64 v[100:101], v9, s[52:53]                // 000000006118: EE160034 00000064 00000009
	global_load_tr_b64 v[102:103], v9, s[52:53] offset:256     // 000000006124: EE160034 00000066 00010009
	global_load_tr_b64 v[104:105], v9, s[52:53] offset:512     // 000000006130: EE160034 00000068 00020009
	global_load_tr_b64 v[106:107], v9, s[52:53] offset:768     // 00000000613C: EE160034 0000006A 00030009
	global_load_b64 v[96:97], v8, s[56:57] offset:192          // 000000006148: EE054038 00000060 0000C008
	global_load_b64 v[98:99], v8, s[54:55] offset:192          // 000000006154: EE054036 00000062 0000C008
	s_wait_loadcnt 0x0                                         // 000000006160: BFC00000
	v_wmma_f32_16x16x16_fp8_fp8 v[32:39], v[96:97], v[100:101], v[32:39]// 000000006164: CC464020 1C82C960
	v_wmma_f32_16x16x16_fp8_fp8 v[40:47], v[96:97], v[102:103], v[40:47]// 00000000616C: CC464028 1CA2CD60
	v_wmma_f32_16x16x16_fp8_fp8 v[48:55], v[96:97], v[104:105], v[48:55]// 000000006174: CC464030 1CC2D160
	v_wmma_f32_16x16x16_fp8_fp8 v[56:63], v[96:97], v[106:107], v[56:63]// 00000000617C: CC464038 1CE2D560
	v_wmma_f32_16x16x16_fp8_fp8 v[64:71], v[98:99], v[100:101], v[64:71]// 000000006184: CC464040 1D02C962
	v_wmma_f32_16x16x16_fp8_fp8 v[72:79], v[98:99], v[102:103], v[72:79]// 00000000618C: CC464048 1D22CD62
	v_wmma_f32_16x16x16_fp8_fp8 v[80:87], v[98:99], v[104:105], v[80:87]// 000000006194: CC464050 1D42D162
	v_wmma_f32_16x16x16_fp8_fp8 v[88:95], v[98:99], v[106:107], v[88:95]// 00000000619C: CC464058 1D62D562
	s_add_co_u32 s52, s52, s10                                 // 0000000061A4: 80340A34
	s_add_co_ci_u32 s53, s53, 0                                // 0000000061A8: 82358035
	global_load_tr_b64 v[100:101], v9, s[52:53]                // 0000000061AC: EE160034 00000064 00000009
	global_load_tr_b64 v[102:103], v9, s[52:53] offset:256     // 0000000061B8: EE160034 00000066 00010009
	global_load_tr_b64 v[104:105], v9, s[52:53] offset:512     // 0000000061C4: EE160034 00000068 00020009
	global_load_tr_b64 v[106:107], v9, s[52:53] offset:768     // 0000000061D0: EE160034 0000006A 00030009
	global_load_b64 v[96:97], v8, s[56:57] offset:208          // 0000000061DC: EE054038 00000060 0000D008
	global_load_b64 v[98:99], v8, s[54:55] offset:208          // 0000000061E8: EE054036 00000062 0000D008
	s_wait_loadcnt 0x0                                         // 0000000061F4: BFC00000
	v_wmma_f32_16x16x16_fp8_fp8 v[32:39], v[96:97], v[100:101], v[32:39]// 0000000061F8: CC464020 1C82C960
	v_wmma_f32_16x16x16_fp8_fp8 v[40:47], v[96:97], v[102:103], v[40:47]// 000000006200: CC464028 1CA2CD60
	v_wmma_f32_16x16x16_fp8_fp8 v[48:55], v[96:97], v[104:105], v[48:55]// 000000006208: CC464030 1CC2D160
	v_wmma_f32_16x16x16_fp8_fp8 v[56:63], v[96:97], v[106:107], v[56:63]// 000000006210: CC464038 1CE2D560
	v_wmma_f32_16x16x16_fp8_fp8 v[64:71], v[98:99], v[100:101], v[64:71]// 000000006218: CC464040 1D02C962
	v_wmma_f32_16x16x16_fp8_fp8 v[72:79], v[98:99], v[102:103], v[72:79]// 000000006220: CC464048 1D22CD62
	v_wmma_f32_16x16x16_fp8_fp8 v[80:87], v[98:99], v[104:105], v[80:87]// 000000006228: CC464050 1D42D162
	v_wmma_f32_16x16x16_fp8_fp8 v[88:95], v[98:99], v[106:107], v[88:95]// 000000006230: CC464058 1D62D562
	s_add_co_u32 s52, s52, s10                                 // 000000006238: 80340A34
	s_add_co_ci_u32 s53, s53, 0                                // 00000000623C: 82358035
	global_load_tr_b64 v[100:101], v9, s[52:53]                // 000000006240: EE160034 00000064 00000009
	global_load_tr_b64 v[102:103], v9, s[52:53] offset:256     // 00000000624C: EE160034 00000066 00010009
	global_load_tr_b64 v[104:105], v9, s[52:53] offset:512     // 000000006258: EE160034 00000068 00020009
	global_load_tr_b64 v[106:107], v9, s[52:53] offset:768     // 000000006264: EE160034 0000006A 00030009
	global_load_b64 v[96:97], v8, s[56:57] offset:224          // 000000006270: EE054038 00000060 0000E008
	global_load_b64 v[98:99], v8, s[54:55] offset:224          // 00000000627C: EE054036 00000062 0000E008
	s_wait_loadcnt 0x0                                         // 000000006288: BFC00000
	v_wmma_f32_16x16x16_fp8_fp8 v[32:39], v[96:97], v[100:101], v[32:39]// 00000000628C: CC464020 1C82C960
	v_wmma_f32_16x16x16_fp8_fp8 v[40:47], v[96:97], v[102:103], v[40:47]// 000000006294: CC464028 1CA2CD60
	v_wmma_f32_16x16x16_fp8_fp8 v[48:55], v[96:97], v[104:105], v[48:55]// 00000000629C: CC464030 1CC2D160
	v_wmma_f32_16x16x16_fp8_fp8 v[56:63], v[96:97], v[106:107], v[56:63]// 0000000062A4: CC464038 1CE2D560
	v_wmma_f32_16x16x16_fp8_fp8 v[64:71], v[98:99], v[100:101], v[64:71]// 0000000062AC: CC464040 1D02C962
	v_wmma_f32_16x16x16_fp8_fp8 v[72:79], v[98:99], v[102:103], v[72:79]// 0000000062B4: CC464048 1D22CD62
	v_wmma_f32_16x16x16_fp8_fp8 v[80:87], v[98:99], v[104:105], v[80:87]// 0000000062BC: CC464050 1D42D162
	v_wmma_f32_16x16x16_fp8_fp8 v[88:95], v[98:99], v[106:107], v[88:95]// 0000000062C4: CC464058 1D62D562
	s_add_co_u32 s52, s52, s10                                 // 0000000062CC: 80340A34
	s_add_co_ci_u32 s53, s53, 0                                // 0000000062D0: 82358035
	global_load_tr_b64 v[100:101], v9, s[52:53]                // 0000000062D4: EE160034 00000064 00000009
	global_load_tr_b64 v[102:103], v9, s[52:53] offset:256     // 0000000062E0: EE160034 00000066 00010009
	global_load_tr_b64 v[104:105], v9, s[52:53] offset:512     // 0000000062EC: EE160034 00000068 00020009
	global_load_tr_b64 v[106:107], v9, s[52:53] offset:768     // 0000000062F8: EE160034 0000006A 00030009
	global_load_b64 v[96:97], v8, s[56:57] offset:240          // 000000006304: EE054038 00000060 0000F008
	global_load_b64 v[98:99], v8, s[54:55] offset:240          // 000000006310: EE054036 00000062 0000F008
	s_wait_loadcnt 0x0                                         // 00000000631C: BFC00000
	v_wmma_f32_16x16x16_fp8_fp8 v[32:39], v[96:97], v[100:101], v[32:39]// 000000006320: CC464020 1C82C960
	v_wmma_f32_16x16x16_fp8_fp8 v[40:47], v[96:97], v[102:103], v[40:47]// 000000006328: CC464028 1CA2CD60
	v_wmma_f32_16x16x16_fp8_fp8 v[48:55], v[96:97], v[104:105], v[48:55]// 000000006330: CC464030 1CC2D160
	v_wmma_f32_16x16x16_fp8_fp8 v[56:63], v[96:97], v[106:107], v[56:63]// 000000006338: CC464038 1CE2D560
	v_wmma_f32_16x16x16_fp8_fp8 v[64:71], v[98:99], v[100:101], v[64:71]// 000000006340: CC464040 1D02C962
	v_wmma_f32_16x16x16_fp8_fp8 v[72:79], v[98:99], v[102:103], v[72:79]// 000000006348: CC464048 1D22CD62
	v_wmma_f32_16x16x16_fp8_fp8 v[80:87], v[98:99], v[104:105], v[80:87]// 000000006350: CC464050 1D42D162
	v_wmma_f32_16x16x16_fp8_fp8 v[88:95], v[98:99], v[106:107], v[88:95]// 000000006358: CC464058 1D62D562
	s_mul_i32 s39, s33, 0x2000                                 // 000000006360: 9627FF21 00002000
	s_add_co_u32 s39, s39, 0x200                               // 000000006368: 8027FF27 00000200
	v_add_nc_u32_e64 v12, v10, s39                             // 000000006370: D525000C 02004F0A
	s_add_co_u32 s89, s89, 1                                   // 000000006378: 80598159
	ds_add_f32 v12, v32                                        // 00000000637C: D8540000 0000200C
	ds_add_f32 v12, v33 offset:4                               // 000000006384: D8540004 0000210C
	ds_add_f32 v12, v34 offset:8                               // 00000000638C: D8540008 0000220C
	ds_add_f32 v12, v35 offset:12                              // 000000006394: D854000C 0000230C
	ds_add_f32 v12, v36 offset:16                              // 00000000639C: D8540010 0000240C
	ds_add_f32 v12, v37 offset:20                              // 0000000063A4: D8540014 0000250C
	ds_add_f32 v12, v38 offset:24                              // 0000000063AC: D8540018 0000260C
	ds_add_f32 v12, v39 offset:28                              // 0000000063B4: D854001C 0000270C
	ds_add_f32 v12, v40 offset:1024                            // 0000000063BC: D8540400 0000280C
	ds_add_f32 v12, v41 offset:1028                            // 0000000063C4: D8540404 0000290C
	ds_add_f32 v12, v42 offset:1032                            // 0000000063CC: D8540408 00002A0C
	ds_add_f32 v12, v43 offset:1036                            // 0000000063D4: D854040C 00002B0C
	ds_add_f32 v12, v44 offset:1040                            // 0000000063DC: D8540410 00002C0C
	ds_add_f32 v12, v45 offset:1044                            // 0000000063E4: D8540414 00002D0C
	ds_add_f32 v12, v46 offset:1048                            // 0000000063EC: D8540418 00002E0C
	ds_add_f32 v12, v47 offset:1052                            // 0000000063F4: D854041C 00002F0C
	ds_add_f32 v12, v48 offset:2048                            // 0000000063FC: D8540800 0000300C
	ds_add_f32 v12, v49 offset:2052                            // 000000006404: D8540804 0000310C
	ds_add_f32 v12, v50 offset:2056                            // 00000000640C: D8540808 0000320C
	ds_add_f32 v12, v51 offset:2060                            // 000000006414: D854080C 0000330C
	ds_add_f32 v12, v52 offset:2064                            // 00000000641C: D8540810 0000340C
	ds_add_f32 v12, v53 offset:2068                            // 000000006424: D8540814 0000350C
	ds_add_f32 v12, v54 offset:2072                            // 00000000642C: D8540818 0000360C
	ds_add_f32 v12, v55 offset:2076                            // 000000006434: D854081C 0000370C
	ds_add_f32 v12, v56 offset:3072                            // 00000000643C: D8540C00 0000380C
	ds_add_f32 v12, v57 offset:3076                            // 000000006444: D8540C04 0000390C
	ds_add_f32 v12, v58 offset:3080                            // 00000000644C: D8540C08 00003A0C
	ds_add_f32 v12, v59 offset:3084                            // 000000006454: D8540C0C 00003B0C
	ds_add_f32 v12, v60 offset:3088                            // 00000000645C: D8540C10 00003C0C
	ds_add_f32 v12, v61 offset:3092                            // 000000006464: D8540C14 00003D0C
	ds_add_f32 v12, v62 offset:3096                            // 00000000646C: D8540C18 00003E0C
	ds_add_f32 v12, v63 offset:3100                            // 000000006474: D8540C1C 00003F0C
	ds_add_f32 v12, v64 offset:4096                            // 00000000647C: D8541000 0000400C
	ds_add_f32 v12, v65 offset:4100                            // 000000006484: D8541004 0000410C
	ds_add_f32 v12, v66 offset:4104                            // 00000000648C: D8541008 0000420C
	ds_add_f32 v12, v67 offset:4108                            // 000000006494: D854100C 0000430C
	ds_add_f32 v12, v68 offset:4112                            // 00000000649C: D8541010 0000440C
	ds_add_f32 v12, v69 offset:4116                            // 0000000064A4: D8541014 0000450C
	ds_add_f32 v12, v70 offset:4120                            // 0000000064AC: D8541018 0000460C
	ds_add_f32 v12, v71 offset:4124                            // 0000000064B4: D854101C 0000470C
	ds_add_f32 v12, v72 offset:5120                            // 0000000064BC: D8541400 0000480C
	ds_add_f32 v12, v73 offset:5124                            // 0000000064C4: D8541404 0000490C
	ds_add_f32 v12, v74 offset:5128                            // 0000000064CC: D8541408 00004A0C
	ds_add_f32 v12, v75 offset:5132                            // 0000000064D4: D854140C 00004B0C
	ds_add_f32 v12, v76 offset:5136                            // 0000000064DC: D8541410 00004C0C
	ds_add_f32 v12, v77 offset:5140                            // 0000000064E4: D8541414 00004D0C
	ds_add_f32 v12, v78 offset:5144                            // 0000000064EC: D8541418 00004E0C
	ds_add_f32 v12, v79 offset:5148                            // 0000000064F4: D854141C 00004F0C
	ds_add_f32 v12, v80 offset:6144                            // 0000000064FC: D8541800 0000500C
	ds_add_f32 v12, v81 offset:6148                            // 000000006504: D8541804 0000510C
	ds_add_f32 v12, v82 offset:6152                            // 00000000650C: D8541808 0000520C
	ds_add_f32 v12, v83 offset:6156                            // 000000006514: D854180C 0000530C
	ds_add_f32 v12, v84 offset:6160                            // 00000000651C: D8541810 0000540C
	ds_add_f32 v12, v85 offset:6164                            // 000000006524: D8541814 0000550C
	ds_add_f32 v12, v86 offset:6168                            // 00000000652C: D8541818 0000560C
	ds_add_f32 v12, v87 offset:6172                            // 000000006534: D854181C 0000570C
	ds_add_f32 v12, v88 offset:7168                            // 00000000653C: D8541C00 0000580C
	ds_add_f32 v12, v89 offset:7172                            // 000000006544: D8541C04 0000590C
	ds_add_f32 v12, v90 offset:7176                            // 00000000654C: D8541C08 00005A0C
	ds_add_f32 v12, v91 offset:7180                            // 000000006554: D8541C0C 00005B0C
	ds_add_f32 v12, v92 offset:7184                            // 00000000655C: D8541C10 00005C0C
	ds_add_f32 v12, v93 offset:7188                            // 000000006564: D8541C14 00005D0C
	ds_add_f32 v12, v94 offset:7192                            // 00000000656C: D8541C18 00005E0C
	ds_add_f32 v12, v95 offset:7196                            // 000000006574: D8541C1C 00005F0C
	s_wait_dscnt 0x0                                           // 00000000657C: BFC60000
	s_add_co_u32 s85, s85, 1                                   // 000000006580: 80558155
	s_mov_b32 s101, 1                                          // 000000006584: BEE50081
	s_add_co_u32 s33, s33, 1                                   // 000000006588: 80218121
	s_cmp_ge_u32 s33, 4                                        // 00000000658C: BF098421
	s_cbranch_scc1 16                                          // 000000006590: BFA20010 <occ_kernel+0x65d4>
	s_lshl_b32 s43, s41, 2                                     // 000000006594: 842B8229
	s_add_co_u32 s43, s43, 0xa0                                // 000000006598: 802BFF2B 000000A0
	s_mov_b32 s49, exec_lo                                     // 0000000065A0: BEB1007E
	s_ctz_i32_b32 s51, s49                                     // 0000000065A4: BEB30831
	v_cmp_eq_u32_e32 vcc_lo, s51, v2                           // 0000000065A8: 7C940433
	s_and_b32 exec_lo, exec_lo, vcc_lo                         // 0000000065AC: 8B7E6A7E
	s_cbranch_execz 6                                          // 0000000065B0: BFA50006 <occ_kernel+0x65cc>
	v_mov_b32_e32 v11, s43                                     // 0000000065B4: 7E16022B
	v_mov_b32_e32 v14, 1                                       // 0000000065B8: 7E1C0281
	ds_add_rtn_u32 v14, v11, v14                               // 0000000065BC: D8800000 0E000E0B
	s_wait_dscnt 0x0                                           // 0000000065C4: BFC60000
	v_readfirstlane_b32 s51, v14                               // 0000000065C8: 7E66050E
	s_mov_b32 exec_lo, s49                                     // 0000000065CC: BEFE0031
	s_branch 64703                                             // 0000000065D0: BFA0FCBF <occ_kernel+0x58d0>
	s_mov_b32 s49, exec_lo                                     // 0000000065D4: BEB1007E
	s_ctz_i32_b32 s92, s49                                     // 0000000065D8: BEDC0831
	v_cmp_eq_u32_e32 vcc_lo, s92, v2                           // 0000000065DC: 7C94045C
	s_and_b32 exec_lo, exec_lo, vcc_lo                         // 0000000065E0: 8B7E6A7E
	s_cbranch_execz 7                                          // 0000000065E4: BFA50007 <occ_kernel+0x6604>
	v_mov_b32_e32 v11, 0x170                                   // 0000000065E8: 7E1602FF 00000170
	v_mov_b32_e32 v14, 1                                       // 0000000065F0: 7E1C0281
	ds_add_rtn_u32 v14, v11, v14                               // 0000000065F4: D8800000 0E000E0B
	s_wait_dscnt 0x0                                           // 0000000065FC: BFC60000
	v_readfirstlane_b32 s92, v14                               // 000000006600: 7EB8050E
	s_mov_b32 exec_lo, s49                                     // 000000006604: BEFE0031
	s_mul_hi_u32 s93, s92, 0x55555555                          // 000000006608: 96DDFF5C 55555555
	s_mul_i32 s93, s93, 3                                      // 000000006610: 965D835D
	s_sub_co_u32 s92, s92, s93                                 // 000000006614: 80DC5D5C
	s_cmp_ge_u32 s92, 3                                        // 000000006618: BF09835C
	s_cbranch_scc0 1                                           // 00000000661C: BFA10001 <occ_kernel+0x6624>
	s_sub_co_u32 s92, s92, 3                                   // 000000006620: 80DC835C
	s_add_co_u32 s92, s92, 3                                   // 000000006624: 805C835C
	s_lshl_b32 s92, s92, 2                                     // 000000006628: 845C825C
	s_add_co_u32 s92, s92, 0xf0                                // 00000000662C: 805CFF5C 000000F0
	s_mov_b32 s49, exec_lo                                     // 000000006634: BEB1007E
	v_cmp_eq_u32_e32 vcc_lo, 0, v2                             // 000000006638: 7C940480
	s_and_b32 exec_lo, exec_lo, vcc_lo                         // 00000000663C: 8B7E6A7E
	s_cbranch_execz 5                                          // 000000006640: BFA50005 <occ_kernel+0x6658>
	v_mov_b32_e32 v11, s92                                     // 000000006644: 7E16025C
	v_mov_b32_e32 v14, 1                                       // 000000006648: 7E1C0281
	ds_store_b32 v11, v14                                      // 00000000664C: D8340000 00000E0B
	s_wait_dscnt 0x0                                           // 000000006654: BFC60000
	s_mov_b32 exec_lo, s49                                     // 000000006658: BEFE0031
	s_wait_storecnt 0x0                                        // 00000000665C: BFC10000
	s_alloc_vgpr 32                                            // 000000006660: BE8053A0
	s_cbranch_scc0 65534                                       // 000000006664: BFA1FFFE <occ_kernel+0x6660>
	s_add_co_u32 s103, s103, 1                                 // 000000006668: 80678167
	s_mov_b32 s47, 3                                           // 00000000666C: BEAF0083
	s_branch 63144                                             // 000000006670: BFA0F6A8 <occ_kernel+0x4114>
	s_add_co_u32 s46, s44, 1                                   // 000000006674: 802E812C
	s_mov_b32 s49, exec_lo                                     // 000000006678: BEB1007E
	s_ctz_i32_b32 s47, s49                                     // 00000000667C: BEAF0831
	v_cmp_eq_u32_e32 vcc_lo, s47, v2                           // 000000006680: 7C94042F
	s_and_b32 exec_lo, exec_lo, vcc_lo                         // 000000006684: 8B7E6A7E
	s_cbranch_execz 7                                          // 000000006688: BFA50007 <occ_kernel+0x66a8>
	v_mov_b32_e32 v11, 0                                       // 00000000668C: 7E160280
	v_mov_b32_e32 v14, s44                                     // 000000006690: 7E1C022C
	v_mov_b32_e32 v13, s46                                     // 000000006694: 7E1A022E
	ds_cmpstore_rtn_b32 v13, v11, v14, v13                     // 000000006698: D8C00000 0D0D0E0B
	s_wait_dscnt 0x0                                           // 0000000066A0: BFC60000
	v_readfirstlane_b32 s47, v13                               // 0000000066A4: 7E5E050D
	s_mov_b32 exec_lo, s49                                     // 0000000066A8: BEFE0031
	s_cmp_eq_u32 s47, s46                                      // 0000000066AC: BF062E2F
	s_cbranch_scc1 92                                          // 0000000066B0: BFA2005C <occ_kernel+0x6824>
	s_and_b32 s46, s44, 31                                     // 0000000066B4: 8B2E9F2C
	s_lshl_b32 s46, s46, 5                                     // 0000000066B8: 842E852E
	s_add_co_u32 s46, s46, 0x8200                              // 0000000066BC: 802EFF2E 00008200
	s_add_co_u32 s45, s46, 8                                   // 0000000066C4: 802D882E
	s_mov_b32 s49, exec_lo                                     // 0000000066C8: BEB1007E
	v_cmp_eq_u32_e32 vcc_lo, 0, v2                             // 0000000066CC: 7C940480
	s_and_b32 exec_lo, exec_lo, vcc_lo                         // 0000000066D0: 8B7E6A7E
	s_cbranch_execz 5                                          // 0000000066D4: BFA50005 <occ_kernel+0x66ec>
	v_mov_b32_e32 v11, s45                                     // 0000000066D8: 7E16022D
	v_mov_b32_e32 v14, 4                                       // 0000000066DC: 7E1C0284
	ds_store_b32 v11, v14                                      // 0000000066E0: D8340000 00000E0B
	s_wait_dscnt 0x0                                           // 0000000066E8: BFC60000
	s_mov_b32 exec_lo, s49                                     // 0000000066EC: BEFE0031
	s_add_co_u32 s45, s46, 12                                  // 0000000066F0: 802D8C2E
	s_mov_b32 s49, exec_lo                                     // 0000000066F4: BEB1007E
	v_cmp_eq_u32_e32 vcc_lo, 0, v2                             // 0000000066F8: 7C940480
	s_and_b32 exec_lo, exec_lo, vcc_lo                         // 0000000066FC: 8B7E6A7E
	s_cbranch_execz 5                                          // 000000006700: BFA50005 <occ_kernel+0x6718>
	v_mov_b32_e32 v11, s45                                     // 000000006704: 7E16022D
	v_mov_b32_e32 v14, 4                                       // 000000006708: 7E1C0284
	ds_store_b32 v11, v14                                      // 00000000670C: D8340000 00000E0B
	s_wait_dscnt 0x0                                           // 000000006714: BFC60000
	s_mov_b32 exec_lo, s49                                     // 000000006718: BEFE0031
	s_add_co_u32 s45, s46, 16                                  // 00000000671C: 802D902E
	s_mov_b32 s49, exec_lo                                     // 000000006720: BEB1007E
	v_cmp_eq_u32_e32 vcc_lo, 0, v2                             // 000000006724: 7C940480
	s_and_b32 exec_lo, exec_lo, vcc_lo                         // 000000006728: 8B7E6A7E
	s_cbranch_execz 5                                          // 00000000672C: BFA50005 <occ_kernel+0x6744>
	v_mov_b32_e32 v11, s45                                     // 000000006730: 7E16022D
	v_mov_b32_e32 v14, 4                                       // 000000006734: 7E1C0284
	ds_store_b32 v11, v14                                      // 000000006738: D8340000 00000E0B
	s_wait_dscnt 0x0                                           // 000000006740: BFC60000
	s_mov_b32 exec_lo, s49                                     // 000000006744: BEFE0031
	s_add_co_u32 s45, s46, 20                                  // 000000006748: 802D942E
	s_mov_b32 s49, exec_lo                                     // 00000000674C: BEB1007E
	v_cmp_eq_u32_e32 vcc_lo, 0, v2                             // 000000006750: 7C940480
	s_and_b32 exec_lo, exec_lo, vcc_lo                         // 000000006754: 8B7E6A7E
	s_cbranch_execz 5                                          // 000000006758: BFA50005 <occ_kernel+0x6770>
	v_mov_b32_e32 v11, s45                                     // 00000000675C: 7E16022D
	v_mov_b32_e32 v14, 4                                       // 000000006760: 7E1C0284
	ds_store_b32 v11, v14                                      // 000000006764: D8340000 00000E0B
	s_wait_dscnt 0x0                                           // 00000000676C: BFC60000
	s_mov_b32 exec_lo, s49                                     // 000000006770: BEFE0031
	s_add_co_u32 s45, s46, 24                                  // 000000006774: 802D982E
	s_mov_b32 s49, exec_lo                                     // 000000006778: BEB1007E
	v_cmp_eq_u32_e32 vcc_lo, 0, v2                             // 00000000677C: 7C940480
	s_and_b32 exec_lo, exec_lo, vcc_lo                         // 000000006780: 8B7E6A7E
	s_cbranch_execz 5                                          // 000000006784: BFA50005 <occ_kernel+0x679c>
	v_mov_b32_e32 v11, s45                                     // 000000006788: 7E16022D
	v_mov_b32_e32 v14, 8                                       // 00000000678C: 7E1C0288
	ds_store_b32 v11, v14                                      // 000000006790: D8340000 00000E0B
	s_wait_dscnt 0x0                                           // 000000006798: BFC60000
	s_mov_b32 exec_lo, s49                                     // 00000000679C: BEFE0031
	s_add_co_u32 s45, s46, 28                                  // 0000000067A0: 802D9C2E
	s_mov_b32 s49, exec_lo                                     // 0000000067A4: BEB1007E
	v_cmp_eq_u32_e32 vcc_lo, 0, v2                             // 0000000067A8: 7C940480
	s_and_b32 exec_lo, exec_lo, vcc_lo                         // 0000000067AC: 8B7E6A7E
	s_cbranch_execz 5                                          // 0000000067B0: BFA50005 <occ_kernel+0x67c8>
	v_mov_b32_e32 v11, s45                                     // 0000000067B4: 7E16022D
	v_mov_b32_e32 v14, 8                                       // 0000000067B8: 7E1C0288
	ds_store_b32 v11, v14                                      // 0000000067BC: D8340000 00000E0B
	s_wait_dscnt 0x0                                           // 0000000067C4: BFC60000
	s_mov_b32 exec_lo, s49                                     // 0000000067C8: BEFE0031
	s_add_co_u32 s45, s46, 0                                   // 0000000067CC: 802D802E
	s_mov_b32 s49, exec_lo                                     // 0000000067D0: BEB1007E
	v_cmp_eq_u32_e32 vcc_lo, 0, v2                             // 0000000067D4: 7C940480
	s_and_b32 exec_lo, exec_lo, vcc_lo                         // 0000000067D8: 8B7E6A7E
	s_cbranch_execz 5                                          // 0000000067DC: BFA50005 <occ_kernel+0x67f4>
	v_mov_b32_e32 v11, s45                                     // 0000000067E0: 7E16022D
	v_mov_b32_e32 v14, 0                                       // 0000000067E4: 7E1C0280
	ds_store_b32 v11, v14                                      // 0000000067E8: D8340000 00000E0B
	s_wait_dscnt 0x0                                           // 0000000067F0: BFC60000
	s_mov_b32 exec_lo, s49                                     // 0000000067F4: BEFE0031
	s_add_co_u32 s45, s46, 4                                   // 0000000067F8: 802D842E
	s_mov_b32 s49, exec_lo                                     // 0000000067FC: BEB1007E
	v_cmp_eq_u32_e32 vcc_lo, 0, v2                             // 000000006800: 7C940480
	s_and_b32 exec_lo, exec_lo, vcc_lo                         // 000000006804: 8B7E6A7E
	s_cbranch_execz 5                                          // 000000006808: BFA50005 <occ_kernel+0x6820>
	v_mov_b32_e32 v11, s45                                     // 00000000680C: 7E16022D
	v_mov_b32_e32 v14, s44                                     // 000000006810: 7E1C022C
	ds_store_b32 v11, v14                                      // 000000006814: D8340000 00000E0B
	s_wait_dscnt 0x0                                           // 00000000681C: BFC60000
	s_mov_b32 exec_lo, s49                                     // 000000006820: BEFE0031
	s_mov_b32 s49, exec_lo                                     // 000000006824: BEB1007E
	v_cmp_eq_u32_e32 vcc_lo, 0, v2                             // 000000006828: 7C940480
	s_and_b32 exec_lo, exec_lo, vcc_lo                         // 00000000682C: 8B7E6A7E
	s_cbranch_execz 6                                          // 000000006830: BFA50006 <occ_kernel+0x684c>
	v_mov_b32_e32 v11, 16                                      // 000000006834: 7E160290
	v_mov_b32_e32 v14, 0xdead                                  // 000000006838: 7E1C02FF 0000DEAD
	ds_store_b32 v11, v14                                      // 000000006840: D8340000 00000E0B
	s_wait_dscnt 0x0                                           // 000000006848: BFC60000
	s_mov_b32 exec_lo, s49                                     // 00000000684C: BEFE0031
	v_mov_b32_e32 v11, 8                                       // 000000006850: 7E160288
	ds_load_b32 v14, v11                                       // 000000006854: D8D80000 0E00000B
	s_wait_dscnt 0x0                                           // 00000000685C: BFC60000
	v_readfirstlane_b32 s20, v14                               // 000000006860: 7E28050E
	v_mov_b32_e32 v11, 4                                       // 000000006864: 7E160284
	ds_load_b32 v14, v11                                       // 000000006868: D8D80000 0E00000B
	s_wait_dscnt 0x0                                           // 000000006870: BFC60000
	v_readfirstlane_b32 s21, v14                               // 000000006874: 7E2A050E
	s_cmp_ge_u32 s20, s21                                      // 000000006878: BF091514
	s_cbranch_scc1 36                                          // 00000000687C: BFA20024 <occ_kernel+0x6910>
	s_and_b32 s22, s20, 31                                     // 000000006880: 8B169F14
	s_lshl_b32 s22, s22, 5                                     // 000000006884: 84168516
	s_add_co_u32 s22, s22, 0x8200                              // 000000006888: 8016FF16 00008200
	s_add_co_u32 s23, s22, 4                                   // 000000006890: 80178416
	v_mov_b32_e32 v11, s23                                     // 000000006894: 7E160217
	ds_load_b32 v14, v11                                       // 000000006898: D8D80000 0E00000B
	s_wait_dscnt 0x0                                           // 0000000068A0: BFC60000
	v_readfirstlane_b32 s23, v14                               // 0000000068A4: 7E2E050E
	s_cmp_lg_u32 s23, s20                                      // 0000000068A8: BF071417
	s_cbranch_scc1 24                                          // 0000000068AC: BFA20018 <occ_kernel+0x6910>
	s_add_co_u32 s23, s22, 12                                  // 0000000068B0: 80178C16
	v_mov_b32_e32 v11, s23                                     // 0000000068B4: 7E160217
	ds_load_b32 v14, v11                                       // 0000000068B8: D8D80000 0E00000B
	s_wait_dscnt 0x0                                           // 0000000068C0: BFC60000
	v_readfirstlane_b32 s23, v14                               // 0000000068C4: 7E2E050E
	s_cmp_lt_u32 s23, 4                                        // 0000000068C8: BF0A8417
	s_cbranch_scc1 16                                          // 0000000068CC: BFA20010 <occ_kernel+0x6910>
	s_mov_b32 s49, exec_lo                                     // 0000000068D0: BEB1007E
	s_add_co_u32 s60, s20, 1                                   // 0000000068D4: 803C8114
	s_ctz_i32_b32 s60, s49                                     // 0000000068D8: BEBC0831
	v_cmp_eq_u32_e32 vcc_lo, s60, v2                           // 0000000068DC: 7C94043C
	s_add_co_u32 s60, s20, 1                                   // 0000000068E0: 803C8114
	s_and_b32 exec_lo, exec_lo, vcc_lo                         // 0000000068E4: 8B7E6A7E
	s_cbranch_execz 7                                          // 0000000068E8: BFA50007 <occ_kernel+0x6908>
	v_mov_b32_e32 v11, 8                                       // 0000000068EC: 7E160288
	v_mov_b32_e32 v14, s60                                     // 0000000068F0: 7E1C023C
	v_mov_b32_e32 v13, s20                                     // 0000000068F4: 7E1A0214
	ds_cmpstore_rtn_b32 v13, v11, v14, v13                     // 0000000068F8: D8C00000 0D0D0E0B
	s_wait_dscnt 0x0                                           // 000000006900: BFC60000
	v_readfirstlane_b32 s60, v13                               // 000000006904: 7E78050D
	s_mov_b32 exec_lo, s49                                     // 000000006908: BEFE0031
	s_branch 65488                                             // 00000000690C: BFA0FFD0 <occ_kernel+0x6850>
	v_mov_b32_e32 v11, 0                                       // 000000006910: 7E160280
	ds_load_b32 v14, v11                                       // 000000006914: D8D80000 0E00000B
	s_wait_dscnt 0x0                                           // 00000000691C: BFC60000
	v_readfirstlane_b32 s44, v14                               // 000000006920: 7E58050E
	v_mov_b32_e32 v11, 8                                       // 000000006924: 7E160288
	ds_load_b32 v14, v11                                       // 000000006928: D8D80000 0E00000B
	s_wait_dscnt 0x0                                           // 000000006930: BFC60000
	v_readfirstlane_b32 s45, v14                               // 000000006934: 7E5A050E
	s_cmp_lt_u32 s45, s44                                      // 000000006938: BF0A2C2D
	s_cbranch_scc0 17                                          // 00000000693C: BFA10011 <occ_kernel+0x6984>
	s_add_co_u32 s71, s71, 1                                   // 000000006940: 80478147
	s_cmp_ge_u32 s71, 64                                       // 000000006944: BF09C047
	s_cbranch_scc0 12                                          // 000000006948: BFA1000C <occ_kernel+0x697c>
	s_mov_b32 s71, 0                                           // 00000000694C: BEC70080
	s_sendmsg_rtn_b64 s[62:63], sendmsg(MSG_RTN_GET_REALTIME)  // 000000006950: BEBE4D83
	s_wait_kmcnt 0x0                                           // 000000006954: BFC70000
	s_cmp_lg_u32 s101, 0                                       // 000000006958: BF078065
	s_cbranch_scc0 3                                           // 00000000695C: BFA10003 <occ_kernel+0x696c>
	s_mov_b32 s70, s62                                         // 000000006960: BEC6003E
	s_mov_b32 s101, 0                                          // 000000006964: BEE50080
	s_branch 4                                                 // 000000006968: BFA00004 <occ_kernel+0x697c>
	s_sub_co_u32 s62, s62, s70                                 // 00000000696C: 80BE463E
	s_cmp_ge_u32 s62, 0x2faf080                                // 000000006970: BF09FF3E 02FAF080
	s_cbranch_scc1 295                                         // 000000006978: BFA20127 <occ_kernel+0x6e18>
	s_sleep 1                                                  // 00000000697C: BF830001
	s_branch 65459                                             // 000000006980: BFA0FFB3 <occ_kernel+0x6850>
	s_mov_b32 s49, exec_lo                                     // 000000006984: BEB1007E
	v_cmp_eq_u32_e32 vcc_lo, 0, v2                             // 000000006988: 7C940480
	s_and_b32 exec_lo, exec_lo, vcc_lo                         // 00000000698C: 8B7E6A7E
	s_cbranch_execz 5                                          // 000000006990: BFA50005 <occ_kernel+0x69a8>
	v_mov_b32_e32 v11, 20                                      // 000000006994: 7E160294
	v_mov_b32_e32 v14, 3                                       // 000000006998: 7E1C0283
	ds_store_b32 v11, v14                                      // 00000000699C: D8340000 00000E0B
	s_wait_dscnt 0x0                                           // 0000000069A4: BFC60000
	s_mov_b32 exec_lo, s49                                     // 0000000069A8: BEFE0031
	s_mov_b32 s49, exec_lo                                     // 0000000069AC: BEB1007E
	v_cmp_eq_u32_e32 vcc_lo, 0, v2                             // 0000000069B0: 7C940480
	s_and_b32 exec_lo, exec_lo, vcc_lo                         // 0000000069B4: 8B7E6A7E
	s_cbranch_execz 5                                          // 0000000069B8: BFA50005 <occ_kernel+0x69d0>
	v_mov_b32_e32 v11, 24                                      // 0000000069BC: 7E160298
	v_mov_b32_e32 v14, 3                                       // 0000000069C0: 7E1C0283
	ds_store_b32 v11, v14                                      // 0000000069C4: D8340000 00000E0B
	s_wait_dscnt 0x0                                           // 0000000069CC: BFC60000
	s_mov_b32 exec_lo, s49                                     // 0000000069D0: BEFE0031
	s_mov_b32 s49, exec_lo                                     // 0000000069D4: BEB1007E
	v_cmp_eq_u32_e32 vcc_lo, 0, v2                             // 0000000069D8: 7C940480
	s_and_b32 exec_lo, exec_lo, vcc_lo                         // 0000000069DC: 8B7E6A7E
	s_cbranch_execz 5                                          // 0000000069E0: BFA50005 <occ_kernel+0x69f8>
	v_mov_b32_e32 v11, 28                                      // 0000000069E4: 7E16029C
	v_mov_b32_e32 v14, 3                                       // 0000000069E8: 7E1C0283
	ds_store_b32 v11, v14                                      // 0000000069EC: D8340000 00000E0B
	s_wait_dscnt 0x0                                           // 0000000069F4: BFC60000
	s_mov_b32 exec_lo, s49                                     // 0000000069F8: BEFE0031
	s_mov_b32 s49, exec_lo                                     // 0000000069FC: BEB1007E
	v_cmp_eq_u32_e32 vcc_lo, 0, v2                             // 000000006A00: 7C940480
	s_and_b32 exec_lo, exec_lo, vcc_lo                         // 000000006A04: 8B7E6A7E
	s_cbranch_execz 5                                          // 000000006A08: BFA50005 <occ_kernel+0x6a20>
	v_mov_b32_e32 v11, 32                                      // 000000006A0C: 7E1602A0
	v_mov_b32_e32 v14, 3                                       // 000000006A10: 7E1C0283
	ds_store_b32 v11, v14                                      // 000000006A14: D8340000 00000E0B
	s_wait_dscnt 0x0                                           // 000000006A1C: BFC60000
	s_mov_b32 exec_lo, s49                                     // 000000006A20: BEFE0031
	s_mov_b32 s49, exec_lo                                     // 000000006A24: BEB1007E
	v_cmp_eq_u32_e32 vcc_lo, 0, v2                             // 000000006A28: 7C940480
	s_and_b32 exec_lo, exec_lo, vcc_lo                         // 000000006A2C: 8B7E6A7E
	s_cbranch_execz 5                                          // 000000006A30: BFA50005 <occ_kernel+0x6a48>
	v_mov_b32_e32 v11, 36                                      // 000000006A34: 7E1602A4
	v_mov_b32_e32 v14, 3                                       // 000000006A38: 7E1C0283
	ds_store_b32 v11, v14                                      // 000000006A3C: D8340000 00000E0B
	s_wait_dscnt 0x0                                           // 000000006A44: BFC60000
	s_mov_b32 exec_lo, s49                                     // 000000006A48: BEFE0031
	s_mov_b32 s49, exec_lo                                     // 000000006A4C: BEB1007E
	v_cmp_eq_u32_e32 vcc_lo, 0, v2                             // 000000006A50: 7C940480
	s_and_b32 exec_lo, exec_lo, vcc_lo                         // 000000006A54: 8B7E6A7E
	s_cbranch_execz 5                                          // 000000006A58: BFA50005 <occ_kernel+0x6a70>
	v_mov_b32_e32 v11, 40                                      // 000000006A5C: 7E1602A8
	v_mov_b32_e32 v14, 3                                       // 000000006A60: 7E1C0283
	ds_store_b32 v11, v14                                      // 000000006A64: D8340000 00000E0B
	s_wait_dscnt 0x0                                           // 000000006A6C: BFC60000
	s_mov_b32 exec_lo, s49                                     // 000000006A70: BEFE0031
	s_branch 232                                               // 000000006A74: BFA000E8 <occ_kernel+0x6e18>
	s_sub_co_u32 s56, s56, 1                                   // 000000006A78: 80B88138
	s_cbranch_scc0 1                                           // 000000006A7C: BFA10001 <occ_kernel+0x6a84>
	s_branch 63536                                             // 000000006A80: BFA0F830 <occ_kernel+0x4b44>
	s_add_co_u32 s90, s90, 1                                   // 000000006A84: 805A815A
	s_lshl_b32 s92, s24, 2                                     // 000000006A88: 845C8218
	s_add_co_u32 s92, s92, 0xf0                                // 000000006A8C: 805CFF5C 000000F0
	v_mov_b32_e32 v11, s92                                     // 000000006A94: 7E16025C
	ds_load_b32 v14, v11                                       // 000000006A98: D8D80000 0E00000B
	s_wait_dscnt 0x0                                           // 000000006AA0: BFC60000
	v_readfirstlane_b32 s93, v14                               // 000000006AA4: 7EBA050E
	s_cmp_eq_u32 s93, 0                                        // 000000006AA8: BF06805D
	s_cbranch_scc1 12                                          // 000000006AAC: BFA2000C <occ_kernel+0x6ae0>
	s_mov_b32 s93, 0                                           // 000000006AB0: BEDD0080
	s_mov_b32 s49, exec_lo                                     // 000000006AB4: BEB1007E
	v_cmp_eq_u32_e32 vcc_lo, 0, v2                             // 000000006AB8: 7C940480
	s_and_b32 exec_lo, exec_lo, vcc_lo                         // 000000006ABC: 8B7E6A7E
	s_cbranch_execz 5                                          // 000000006AC0: BFA50005 <occ_kernel+0x6ad8>
	v_mov_b32_e32 v11, s92                                     // 000000006AC4: 7E16025C
	v_mov_b32_e32 v14, s93                                     // 000000006AC8: 7E1C025D
	ds_store_b32 v11, v14                                      // 000000006ACC: D8340000 00000E0B
	s_wait_dscnt 0x0                                           // 000000006AD4: BFC60000
	s_mov_b32 exec_lo, s49                                     // 000000006AD8: BEFE0031
	s_branch 61823                                             // 000000006ADC: BFA0F17F <occ_kernel+0x30dc>
	s_sleep 2                                                  // 000000006AE0: BF830002
	s_branch 61821                                             // 000000006AE4: BFA0F17D <occ_kernel+0x30dc>
	s_add_co_u32 s87, s87, 1                                   // 000000006AE8: 80578157
	s_add_co_u32 s84, s84, 1                                   // 000000006AEC: 80548154
	s_branch 63334                                             // 000000006AF0: BFA0F766 <occ_kernel+0x488c>
	v_mov_b32_e32 v11, 0x1f0                                   // 000000006AF4: 7E1602FF 000001F0
	ds_load_b32 v14, v11                                       // 000000006AFC: D8D80000 0E00000B
	s_wait_dscnt 0x0                                           // 000000006B04: BFC60000
	v_readfirstlane_b32 s16, v14                               // 000000006B08: 7E20050E
	s_cmp_lg_u32 s16, 1                                        // 000000006B0C: BF078110
	s_cbranch_scc1 63                                          // 000000006B10: BFA2003F <occ_kernel+0x6c10>
	s_mov_b32 s49, exec_lo                                     // 000000006B14: BEB1007E
	s_ctz_i32_b32 s16, s49                                     // 000000006B18: BE900831
	v_cmp_eq_u32_e32 vcc_lo, s16, v2                           // 000000006B1C: 7C940410
	s_and_b32 exec_lo, exec_lo, vcc_lo                         // 000000006B20: 8B7E6A7E
	s_cbranch_execz 8                                          // 000000006B24: BFA50008 <occ_kernel+0x6b48>
	v_mov_b32_e32 v11, 0x1f0                                   // 000000006B28: 7E1602FF 000001F0
	v_mov_b32_e32 v14, 4                                       // 000000006B30: 7E1C0284
	v_mov_b32_e32 v13, 1                                       // 000000006B34: 7E1A0281
	ds_cmpstore_rtn_b32 v13, v11, v14, v13                     // 000000006B38: D8C00000 0D0D0E0B
	s_wait_dscnt 0x0                                           // 000000006B40: BFC60000
	v_readfirstlane_b32 s16, v13                               // 000000006B44: 7E20050D
	s_mov_b32 exec_lo, s49                                     // 000000006B48: BEFE0031
	s_cmp_eq_u32 s16, 1                                        // 000000006B4C: BF068110
	s_cbranch_scc0 47                                          // 000000006B50: BFA1002F <occ_kernel+0x6c10>
	s_mov_b32 s17, exec_lo                                     // 000000006B54: BE91007E
	v_cmp_eq_u32_e32 vcc_lo, 0, v2                             // 000000006B58: 7C940480
	s_and_b32 exec_lo, exec_lo, vcc_lo                         // 000000006B5C: 8B7E6A7E
	s_cbranch_execz 5                                          // 000000006B60: BFA50005 <occ_kernel+0x6b78>
	v_mov_b32_e32 v3, 1                                        // 000000006B64: 7E060281
	global_atomic_add_u32 v5, v4, v3, s[0:1] offset:20 th:TH_ATOMIC_RETURN scope:SCOPE_DEV// 000000006B68: EE0D4000 01980005 00001404
	s_wait_loadcnt 0x0                                         // 000000006B74: BFC00000
	s_mov_b32 exec_lo, s17                                     // 000000006B78: BEFE0011
	v_readfirstlane_b32 s18, v5                                // 000000006B7C: 7E240505
	s_cmp_ge_u32 s18, s69                                      // 000000006B80: BF094512
	s_cbranch_scc1 23                                          // 000000006B84: BFA20017 <occ_kernel+0x6be4>
	s_mov_b32 s49, exec_lo                                     // 000000006B88: BEB1007E
	v_cmp_eq_u32_e32 vcc_lo, 0, v2                             // 000000006B8C: 7C940480
	s_and_b32 exec_lo, exec_lo, vcc_lo                         // 000000006B90: 8B7E6A7E
	s_cbranch_execz 6                                          // 000000006B94: BFA50006 <occ_kernel+0x6bb0>
	v_mov_b32_e32 v11, 0x1f4                                   // 000000006B98: 7E1602FF 000001F4
	v_mov_b32_e32 v14, s18                                     // 000000006BA0: 7E1C0212
	ds_store_b32 v11, v14                                      // 000000006BA4: D8340000 00000E0B
	s_wait_dscnt 0x0                                           // 000000006BAC: BFC60000
	s_mov_b32 exec_lo, s49                                     // 000000006BB0: BEFE0031
	s_mov_b32 s49, exec_lo                                     // 000000006BB4: BEB1007E
	v_cmp_eq_u32_e32 vcc_lo, 0, v2                             // 000000006BB8: 7C940480
	s_and_b32 exec_lo, exec_lo, vcc_lo                         // 000000006BBC: 8B7E6A7E
	s_cbranch_execz 6                                          // 000000006BC0: BFA50006 <occ_kernel+0x6bdc>
	v_mov_b32_e32 v11, 0x1f0                                   // 000000006BC4: 7E1602FF 000001F0
	v_mov_b32_e32 v14, 2                                       // 000000006BCC: 7E1C0282
	ds_store_b32 v11, v14                                      // 000000006BD0: D8340000 00000E0B
	s_wait_dscnt 0x0                                           // 000000006BD8: BFC60000
	s_mov_b32 exec_lo, s49                                     // 000000006BDC: BEFE0031
	s_branch 11                                                // 000000006BE0: BFA0000B <occ_kernel+0x6c10>
	s_mov_b32 s49, exec_lo                                     // 000000006BE4: BEB1007E
	v_cmp_eq_u32_e32 vcc_lo, 0, v2                             // 000000006BE8: 7C940480
	s_and_b32 exec_lo, exec_lo, vcc_lo                         // 000000006BEC: 8B7E6A7E
	s_cbranch_execz 6                                          // 000000006BF0: BFA50006 <occ_kernel+0x6c0c>
	v_mov_b32_e32 v11, 0x1f0                                   // 000000006BF4: 7E1602FF 000001F0
	v_mov_b32_e32 v14, 3                                       // 000000006BFC: 7E1C0283
	ds_store_b32 v11, v14                                      // 000000006C00: D8340000 00000E0B
	s_wait_dscnt 0x0                                           // 000000006C08: BFC60000
	s_mov_b32 exec_lo, s49                                     // 000000006C0C: BEFE0031
	v_mov_b32_e32 v11, 0x1f0                                   // 000000006C10: 7E1602FF 000001F0
	ds_load_b32 v14, v11                                       // 000000006C18: D8D80000 0E00000B
	s_wait_dscnt 0x0                                           // 000000006C20: BFC60000
	v_readfirstlane_b32 s16, v14                               // 000000006C24: 7E20050E
	s_cmp_eq_u32 s16, 2                                        // 000000006C28: BF068210
	s_cbranch_scc0 120                                         // 000000006C2C: BFA10078 <occ_kernel+0x6e10>
	v_mov_b32_e32 v11, 0x1f4                                   // 000000006C30: 7E1602FF 000001F4
	ds_load_b32 v14, v11                                       // 000000006C38: D8D80000 0E00000B
	s_wait_dscnt 0x0                                           // 000000006C40: BFC60000
	v_readfirstlane_b32 s17, v14                               // 000000006C44: 7E22050E
	s_sub_co_u32 s18, s11, 1                                   // 000000006C48: 8092810B
	s_min_u32 s17, s17, s18                                    // 000000006C4C: 89911211
	s_cmp_eq_u32 s17, s76                                      // 000000006C50: BF064C11
	s_cbranch_scc1 2                                           // 000000006C54: BFA20002 <occ_kernel+0x6c60>
	s_mov_b32 s76, s17                                         // 000000006C58: BECC0011
	s_mov_b32 s75, 0                                           // 000000006C5C: BECB0080
	s_add_co_u32 s18, s66, 1                                   // 000000006C60: 80128142
	s_mul_i32 s18, s18, 64                                     // 000000006C64: 9612C012
	s_min_u32 s18, s18, 0x400                                  // 000000006C68: 8992FF12 00000400
	s_cmp_ge_u32 s75, s18                                      // 000000006C70: BF09124B
	s_cbranch_scc1 102                                         // 000000006C74: BFA20066 <occ_kernel+0x6e10>
	s_mul_hi_u32 s19, s17, s12                                 // 000000006C78: 96930C11
	s_mul_i32 s20, s19, s13                                    // 000000006C7C: 96140D13
	s_sub_co_u32 s20, s17, s20                                 // 000000006C80: 80941411
	s_mul_i32 s20, s20, s14                                    // 000000006C84: 96140E14
	s_mov_b32 s21, 16                                          // 000000006C88: BE950090
	s_cmp_eq_u32 s21, 0                                        // 000000006C8C: BF068015
	s_cbranch_scc1 93                                          // 000000006C90: BFA2005D <occ_kernel+0x6e08>
	s_cmp_ge_u32 s75, s18                                      // 000000006C94: BF09124B
	s_cbranch_scc1 91                                          // 000000006C98: BFA2005B <occ_kernel+0x6e08>
	s_wait_loadcnt 0x0                                         // 000000006C9C: BFC00000
	s_cmp_ge_u32 s75, s18                                      // 000000006CA0: BF09124B
	s_cbranch_scc1 88                                          // 000000006CA4: BFA20058 <occ_kernel+0x6e08>
	s_and_b32 s27, s75, 3                                      // 000000006CA8: 8B1B834B
	s_lshr_b32 s25, s75, 2                                     // 000000006CAC: 8519824B
	s_and_b32 s26, s25, 15                                     // 000000006CB0: 8B1A8F19
	s_lshr_b32 s25, s25, 4                                     // 000000006CB4: 85198419
	s_mul_i32 s28, s25, 16                                     // 000000006CB8: 961C9019
	s_add_co_u32 s28, s28, s26                                 // 000000006CBC: 801C1A1C
	s_mul_hi_u32 s29, s28, s10                                 // 000000006CC0: 969D0A1C
	s_mul_i32 s28, s28, s10                                    // 000000006CC4: 961C0A1C
	s_add_co_u32 s28, s28, s20                                 // 000000006CC8: 801C141C
	s_add_co_ci_u32 s29, s29, 0                                // 000000006CCC: 821D801D
	s_mul_i32 s16, s27, 0x100                                  // 000000006CD0: 9610FF1B 00000100
	s_add_co_u32 s28, s28, s16                                 // 000000006CD8: 801C101C
	s_add_co_ci_u32 s29, s29, 0                                // 000000006CDC: 821D801D
	s_add_co_u32 s28, s4, s28                                  // 000000006CE0: 801C1C04
	s_add_co_ci_u32 s29, s5, s29                               // 000000006CE4: 821D1D05
	global_load_tr_b64 v[16:17], v9, s[28:29]                  // 000000006CE8: EE16001C 00000010 00000009
	s_add_co_u32 s75, s75, 1                                   // 000000006CF4: 804B814B
	s_cmp_ge_u32 s75, s18                                      // 000000006CF8: BF09124B
	s_cbranch_scc1 66                                          // 000000006CFC: BFA20042 <occ_kernel+0x6e08>
	s_and_b32 s27, s75, 3                                      // 000000006D00: 8B1B834B
	s_lshr_b32 s25, s75, 2                                     // 000000006D04: 8519824B
	s_and_b32 s26, s25, 15                                     // 000000006D08: 8B1A8F19
	s_lshr_b32 s25, s25, 4                                     // 000000006D0C: 85198419
	s_mul_i32 s28, s25, 16                                     // 000000006D10: 961C9019
	s_add_co_u32 s28, s28, s26                                 // 000000006D14: 801C1A1C
	s_mul_hi_u32 s29, s28, s10                                 // 000000006D18: 969D0A1C
	s_mul_i32 s28, s28, s10                                    // 000000006D1C: 961C0A1C
	s_add_co_u32 s28, s28, s20                                 // 000000006D20: 801C141C
	s_add_co_ci_u32 s29, s29, 0                                // 000000006D24: 821D801D
	s_mul_i32 s16, s27, 0x100                                  // 000000006D28: 9610FF1B 00000100
	s_add_co_u32 s28, s28, s16                                 // 000000006D30: 801C101C
	s_add_co_ci_u32 s29, s29, 0                                // 000000006D34: 821D801D
	s_add_co_u32 s28, s4, s28                                  // 000000006D38: 801C1C04
	s_add_co_ci_u32 s29, s5, s29                               // 000000006D3C: 821D1D05
	global_load_tr_b64 v[18:19], v9, s[28:29]                  // 000000006D40: EE16001C 00000012 00000009
	s_add_co_u32 s75, s75, 1                                   // 000000006D4C: 804B814B
	s_cmp_ge_u32 s75, s18                                      // 000000006D50: BF09124B
	s_cbranch_scc1 44                                          // 000000006D54: BFA2002C <occ_kernel+0x6e08>
	s_and_b32 s27, s75, 3                                      // 000000006D58: 8B1B834B
	s_lshr_b32 s25, s75, 2                                     // 000000006D5C: 8519824B
	s_and_b32 s26, s25, 15                                     // 000000006D60: 8B1A8F19
	s_lshr_b32 s25, s25, 4                                     // 000000006D64: 85198419
	s_mul_i32 s28, s25, 16                                     // 000000006D68: 961C9019
	s_add_co_u32 s28, s28, s26                                 // 000000006D6C: 801C1A1C
	s_mul_hi_u32 s29, s28, s10                                 // 000000006D70: 969D0A1C
	s_mul_i32 s28, s28, s10                                    // 000000006D74: 961C0A1C
	s_add_co_u32 s28, s28, s20                                 // 000000006D78: 801C141C
	s_add_co_ci_u32 s29, s29, 0                                // 000000006D7C: 821D801D
	s_mul_i32 s16, s27, 0x100                                  // 000000006D80: 9610FF1B 00000100
	s_add_co_u32 s28, s28, s16                                 // 000000006D88: 801C101C
	s_add_co_ci_u32 s29, s29, 0                                // 000000006D8C: 821D801D
	s_add_co_u32 s28, s4, s28                                  // 000000006D90: 801C1C04
	s_add_co_ci_u32 s29, s5, s29                               // 000000006D94: 821D1D05
	global_load_tr_b64 v[20:21], v9, s[28:29]                  // 000000006D98: EE16001C 00000014 00000009
	s_add_co_u32 s75, s75, 1                                   // 000000006DA4: 804B814B
	s_cmp_ge_u32 s75, s18                                      // 000000006DA8: BF09124B
	s_cbranch_scc1 22                                          // 000000006DAC: BFA20016 <occ_kernel+0x6e08>
	s_and_b32 s27, s75, 3                                      // 000000006DB0: 8B1B834B
	s_lshr_b32 s25, s75, 2                                     // 000000006DB4: 8519824B
	s_and_b32 s26, s25, 15                                     // 000000006DB8: 8B1A8F19
	s_lshr_b32 s25, s25, 4                                     // 000000006DBC: 85198419
	s_mul_i32 s28, s25, 16                                     // 000000006DC0: 961C9019
	s_add_co_u32 s28, s28, s26                                 // 000000006DC4: 801C1A1C
	s_mul_hi_u32 s29, s28, s10                                 // 000000006DC8: 969D0A1C
	s_mul_i32 s28, s28, s10                                    // 000000006DCC: 961C0A1C
	s_add_co_u32 s28, s28, s20                                 // 000000006DD0: 801C141C
	s_add_co_ci_u32 s29, s29, 0                                // 000000006DD4: 821D801D
	s_mul_i32 s16, s27, 0x100                                  // 000000006DD8: 9610FF1B 00000100
	s_add_co_u32 s28, s28, s16                                 // 000000006DE0: 801C101C
	s_add_co_ci_u32 s29, s29, 0                                // 000000006DE4: 821D801D
	s_add_co_u32 s28, s4, s28                                  // 000000006DE8: 801C1C04
	s_add_co_ci_u32 s29, s5, s29                               // 000000006DEC: 821D1D05
	global_load_tr_b64 v[22:23], v9, s[28:29]                  // 000000006DF0: EE16001C 00000016 00000009
	s_add_co_u32 s75, s75, 1                                   // 000000006DFC: 804B814B
	s_sub_co_u32 s21, s21, 1                                   // 000000006E00: 80958115
	s_branch 65441                                             // 000000006E04: BFA0FFA1 <occ_kernel+0x6c8c>
	s_mov_b32 s101, 1                                          // 000000006E08: BEE50081
	s_branch 61619                                             // 000000006E0C: BFA0F0B3 <occ_kernel+0x30dc>
	s_sleep 1                                                  // 000000006E10: BF830001
	s_branch 61617                                             // 000000006E14: BFA0F0B1 <occ_kernel+0x30dc>
	s_wait_loadcnt 0x0                                         // 000000006E18: BFC00000
	s_cmp_eq_u32 s99, 1                                        // 000000006E1C: BF068163
	s_cbranch_scc0 1                                           // 000000006E20: BFA10001 <occ_kernel+0x6e28>
	s_add_co_u32 s100, s100, 1                                 // 000000006E24: 80648164
	s_mov_b32 s57, exec_lo                                     // 000000006E28: BEB9007E
	v_cmp_eq_u32_e32 vcc_lo, 0, v2                             // 000000006E2C: 7C940480
	s_and_b32 exec_lo, exec_lo, vcc_lo                         // 000000006E30: 8B7E6A7E
	s_cbranch_execz 103                                        // 000000006E34: BFA50067 <occ_kernel+0x6fd4>
	s_cmp_eq_u32 s84, 0                                        // 000000006E38: BF068054
	s_cbranch_scc1 4                                           // 000000006E3C: BFA20004 <occ_kernel+0x6e50>
	v_mov_b32_e32 v3, s84                                      // 000000006E40: 7E060254
	global_atomic_add_u32 v4, v3, s[0:1] offset:280 scope:SCOPE_DEV// 000000006E44: EE0D4000 01880000 00011804
	s_cmp_eq_u32 s85, 0                                        // 000000006E50: BF068055
	s_cbranch_scc1 4                                           // 000000006E54: BFA20004 <occ_kernel+0x6e68>
	v_mov_b32_e32 v3, s85                                      // 000000006E58: 7E060255
	global_atomic_add_u32 v4, v3, s[0:1] offset:284 scope:SCOPE_DEV// 000000006E5C: EE0D4000 01880000 00011C04
	s_cmp_eq_u32 s86, 0                                        // 000000006E68: BF068056
	s_cbranch_scc1 4                                           // 000000006E6C: BFA20004 <occ_kernel+0x6e80>
	v_mov_b32_e32 v3, s86                                      // 000000006E70: 7E060256
	global_atomic_add_u32 v4, v3, s[0:1] offset:288 scope:SCOPE_DEV// 000000006E74: EE0D4000 01880000 00012004
	s_cmp_eq_u32 s87, 0                                        // 000000006E80: BF068057
	s_cbranch_scc1 4                                           // 000000006E84: BFA20004 <occ_kernel+0x6e98>
	v_mov_b32_e32 v3, s87                                      // 000000006E88: 7E060257
	global_atomic_add_u32 v4, v3, s[0:1] offset:292 scope:SCOPE_DEV// 000000006E8C: EE0D4000 01880000 00012404
	s_cmp_eq_u32 s88, 0                                        // 000000006E98: BF068058
	s_cbranch_scc1 4                                           // 000000006E9C: BFA20004 <occ_kernel+0x6eb0>
	v_mov_b32_e32 v3, s88                                      // 000000006EA0: 7E060258
	global_atomic_add_u32 v4, v3, s[0:1] offset:336 scope:SCOPE_DEV// 000000006EA4: EE0D4000 01880000 00015004
	s_cmp_eq_u32 s89, 0                                        // 000000006EB0: BF068059
	s_cbranch_scc1 4                                           // 000000006EB4: BFA20004 <occ_kernel+0x6ec8>
	v_mov_b32_e32 v3, s89                                      // 000000006EB8: 7E060259
	global_atomic_add_u32 v4, v3, s[0:1] offset:340 scope:SCOPE_DEV// 000000006EBC: EE0D4000 01880000 00015404
	s_cmp_eq_u32 s90, 0                                        // 000000006EC8: BF06805A
	s_cbranch_scc1 4                                           // 000000006ECC: BFA20004 <occ_kernel+0x6ee0>
	v_mov_b32_e32 v3, s90                                      // 000000006ED0: 7E06025A
	global_atomic_add_u32 v4, v3, s[0:1] offset:344 scope:SCOPE_DEV// 000000006ED4: EE0D4000 01880000 00015804
	s_cmp_eq_u32 s95, 0                                        // 000000006EE0: BF06805F
	s_cbranch_scc1 4                                           // 000000006EE4: BFA20004 <occ_kernel+0x6ef8>
	v_mov_b32_e32 v3, s95                                      // 000000006EE8: 7E06025F
	global_atomic_add_u32 v4, v3, s[0:1] offset:352 scope:SCOPE_DEV// 000000006EEC: EE0D4000 01880000 00016004
	s_cmp_eq_u32 s96, 0                                        // 000000006EF8: BF068060
	s_cbranch_scc1 4                                           // 000000006EFC: BFA20004 <occ_kernel+0x6f10>
	v_mov_b32_e32 v3, s96                                      // 000000006F00: 7E060260
	global_atomic_add_u32 v4, v3, s[0:1] offset:356 scope:SCOPE_DEV// 000000006F04: EE0D4000 01880000 00016404
	s_cmp_eq_u32 s97, 0                                        // 000000006F10: BF068061
	s_cbranch_scc1 4                                           // 000000006F14: BFA20004 <occ_kernel+0x6f28>
	v_mov_b32_e32 v3, s97                                      // 000000006F18: 7E060261
	global_atomic_add_u32 v4, v3, s[0:1] offset:360 scope:SCOPE_DEV// 000000006F1C: EE0D4000 01880000 00016804
	s_cmp_eq_u32 s98, 0                                        // 000000006F28: BF068062
	s_cbranch_scc1 4                                           // 000000006F2C: BFA20004 <occ_kernel+0x6f40>
	v_mov_b32_e32 v3, s98                                      // 000000006F30: 7E060262
	global_atomic_add_u32 v4, v3, s[0:1] offset:364 scope:SCOPE_DEV// 000000006F34: EE0D4000 01880000 00016C04
	s_cmp_eq_u32 s100, 0                                       // 000000006F40: BF068064
	s_cbranch_scc1 4                                           // 000000006F44: BFA20004 <occ_kernel+0x6f58>
	v_mov_b32_e32 v3, s100                                     // 000000006F48: 7E060264
	global_atomic_add_u32 v4, v3, s[0:1] offset:368 scope:SCOPE_DEV// 000000006F4C: EE0D4000 01880000 00017004
	s_cmp_eq_u32 s103, 0                                       // 000000006F58: BF068067
	s_cbranch_scc1 4                                           // 000000006F5C: BFA20004 <occ_kernel+0x6f70>
	v_mov_b32_e32 v3, s103                                     // 000000006F60: 7E060267
	global_atomic_add_u32 v4, v3, s[0:1] offset:412 scope:SCOPE_DEV// 000000006F64: EE0D4000 01880000 00019C04
	s_cmp_eq_u32 s102, 0                                       // 000000006F70: BF068066
	s_cbranch_scc1 4                                           // 000000006F74: BFA20004 <occ_kernel+0x6f88>
	v_mov_b32_e32 v3, s102                                     // 000000006F78: 7E060266
	global_atomic_add_u32 v4, v3, s[0:1] offset:380 scope:SCOPE_DEV// 000000006F7C: EE0D4000 01880000 00017C04
	s_cmp_eq_u32 s104, 0                                       // 000000006F88: BF068068
	s_cbranch_scc1 4                                           // 000000006F8C: BFA20004 <occ_kernel+0x6fa0>
	v_mov_b32_e32 v3, s104                                     // 000000006F90: 7E060268
	global_atomic_add_u32 v4, v3, s[0:1] offset:384 scope:SCOPE_DEV// 000000006F94: EE0D4000 01880000 00018004
	s_cmp_eq_u32 s105, 0                                       // 000000006FA0: BF068069
	s_cbranch_scc1 4                                           // 000000006FA4: BFA20004 <occ_kernel+0x6fb8>
	v_mov_b32_e32 v3, s105                                     // 000000006FA8: 7E060269
	global_atomic_add_u32 v4, v3, s[0:1] offset:388 scope:SCOPE_DEV// 000000006FAC: EE0D4000 01880000 00018404
	s_cmp_eq_u32 s94, 0                                        // 000000006FB8: BF06805E
	s_cbranch_scc1 4                                           // 000000006FBC: BFA20004 <occ_kernel+0x6fd0>
	v_mov_b32_e32 v3, s94                                      // 000000006FC0: 7E06025E
	global_atomic_add_u32 v4, v3, s[0:1] offset:348 scope:SCOPE_DEV// 000000006FC4: EE0D4000 01880000 00015C04
	s_wait_storecnt 0x0                                        // 000000006FD0: BFC10000
	s_mov_b32 exec_lo, s57                                     // 000000006FD4: BEFE0039
	v_cmp_eq_u32_e32 vcc_lo, 0, v2                             // 000000006FD8: 7C940480
	s_mov_b32 s16, exec_lo                                     // 000000006FDC: BE90007E
	s_and_b32 exec_lo, exec_lo, vcc_lo                         // 000000006FE0: 8B7E6A7E
	s_cbranch_execz 4                                          // 000000006FE4: BFA50004 <occ_kernel+0x6ff8>
	v_mov_b32_e32 v3, -1                                       // 000000006FE8: 7E0602C1
	global_atomic_add_u32 v4, v3, s[0:1] scope:SCOPE_DEV       // 000000006FEC: EE0D4000 01880000 00000004
	s_mov_b32 exec_lo, s16                                     // 000000006FF8: BEFE0010
	s_sendmsg_rtn_b64 s[30:31], sendmsg(MSG_RTN_GET_REALTIME)  // 000000006FFC: BE9E4D83
	s_wait_kmcnt 0x0                                           // 000000007000: BFC70000
	v_cmp_eq_u32_e32 vcc_lo, 0, v2                             // 000000007004: 7C940480
	s_mov_b32 s49, exec_lo                                     // 000000007008: BEB1007E
	s_and_b32 exec_lo, exec_lo, vcc_lo                         // 00000000700C: 8B7E6A7E
	s_cbranch_execz 4                                          // 000000007010: BFA50004 <occ_kernel+0x7024>
	v_mov_b32_e32 v5, s30                                      // 000000007014: 7E0A021E
	global_atomic_max_u32 v4, v5, s[0:1] offset:12 scope:SCOPE_DEV// 000000007018: EE0EC000 02880000 00000C04
	s_mov_b32 exec_lo, s49                                     // 000000007024: BEFE0031
	s_mov_b32 s49, exec_lo                                     // 000000007028: BEB1007E
	v_cmp_eq_u32_e32 vcc_lo, 0, v2                             // 00000000702C: 7C940480
	s_and_b32 exec_lo, exec_lo, vcc_lo                         // 000000007030: 8B7E6A7E
	s_cbranch_execz 6                                          // 000000007034: BFA50006 <occ_kernel+0x7050>
	v_mov_b32_e32 v11, 0xd8                                    // 000000007038: 7E1602FF 000000D8
	v_mov_b32_e32 v14, 1                                       // 000000007040: 7E1C0281
	ds_add_u32 v11, v14                                        // 000000007044: D8000000 00000E0B
	s_wait_dscnt 0x0                                           // 00000000704C: BFC60000
	s_mov_b32 exec_lo, s49                                     // 000000007050: BEFE0031
	s_mov_b32 s52, 0                                           // 000000007054: BEB40080
	v_mov_b32_e32 v11, 0xd8                                    // 000000007058: 7E1602FF 000000D8
	ds_load_b32 v14, v11                                       // 000000007060: D8D80000 0E00000B
	s_wait_dscnt 0x0                                           // 000000007068: BFC60000
	v_readfirstlane_b32 s53, v14                               // 00000000706C: 7E6A050E
	s_cmp_ge_u32 s53, 6                                        // 000000007070: BF098635
	s_cbranch_scc1 14                                          // 000000007074: BFA2000E <occ_kernel+0x70b0>
	s_add_co_u32 s52, s52, 1                                   // 000000007078: 80348134
	s_cmp_ge_u32 s52, 0xf4240                                  // 00000000707C: BF09FF34 000F4240
	s_cbranch_scc1 10                                          // 000000007084: BFA2000A <occ_kernel+0x70b0>
	s_and_b32 s53, s52, 63                                     // 000000007088: 8B35BF34
	s_cbranch_scc1 6                                           // 00000000708C: BFA20006 <occ_kernel+0x70a8>
	s_sendmsg_rtn_b64 s[62:63], sendmsg(MSG_RTN_GET_REALTIME)  // 000000007090: BEBE4D83
	s_wait_kmcnt 0x0                                           // 000000007094: BFC70000
	s_sub_co_u32 s62, s62, s70                                 // 000000007098: 80BE463E
	s_cmp_ge_u32 s62, 0x2faf080                                // 00000000709C: BF09FF3E 02FAF080
	s_cbranch_scc1 2                                           // 0000000070A4: BFA20002 <occ_kernel+0x70b0>
	s_sleep 2                                                  // 0000000070A8: BF830002
	s_branch 65514                                             // 0000000070AC: BFA0FFEA <occ_kernel+0x7058>
	s_endpgm                                                   // 0000000070B0: BFB00000
