
segk_stayfat.o:	file format elf64-amdgpu

Disassembly of section .text:

0000000000000000 <occ_kernel>:
	s_lshr_b32 s66, s8, 4                                      // 000000000000: 85428408
	s_sub_co_u32 s66, s66, 1                                   // 000000000004: 80C28142
	s_cmp_eq_u32 s66, 0                                        // 000000000008: BF068042
	s_cbranch_scc1 5                                           // 00000000000C: BFA20005 <occ_kernel+0x24>
	s_clz_i32_u32 s68, s66                                     // 000000000010: BEC40A42
	s_sub_co_u32 s68, 32, s68                                  // 000000000014: 80C444A0
	s_lshl_b32 s67, 1, s68                                     // 000000000018: 84434481
	s_sub_co_u32 s67, s67, 1                                   // 00000000001C: 80C38143
	s_branch 2                                                 // 000000000020: BFA00002 <occ_kernel+0x2c>
	s_mov_b32 s68, 0                                           // 000000000024: BEC40080
	s_mov_b32 s67, 0                                           // 000000000028: BEC30080
	v_lshrrev_b32_e32 v1, 5, v0                                // 00000000002C: 32020085
	v_and_b32_e32 v2, 31, v0                                   // 000000000030: 3604009F
	v_and_b32_e32 v6, 15, v0                                   // 000000000034: 360C008F
	v_mov_b32_e32 v4, 0                                        // 000000000038: 7E080280
	s_mov_b32 s84, 0                                           // 00000000003C: BED40080
	s_mov_b32 s85, 0                                           // 000000000040: BED50080
	s_mov_b32 s86, 0                                           // 000000000044: BED60080
	s_mov_b32 s87, 0                                           // 000000000048: BED70080
	s_mov_b32 s88, 0                                           // 00000000004C: BED80080
	s_mov_b32 s89, 0                                           // 000000000050: BED90080
	s_mov_b32 s90, 0                                           // 000000000054: BEDA0080
	s_mov_b32 s94, 0                                           // 000000000058: BEDE0080
	s_mov_b32 s103, 0                                          // 00000000005C: BEE70080
	s_mov_b32 s95, 0                                           // 000000000060: BEDF0080
	s_mov_b32 s96, 0                                           // 000000000064: BEE00080
	s_mov_b32 s97, 0                                           // 000000000068: BEE10080
	s_mov_b32 s98, 0                                           // 00000000006C: BEE20080
	s_mov_b32 s100, 0                                          // 000000000070: BEE40080
	s_mov_b32 s99, 0                                           // 000000000074: BEE30080
	s_mov_b32 s102, 0                                          // 000000000078: BEE60080
	s_mov_b32 s104, 0                                          // 00000000007C: BEE80080
	s_mov_b32 s105, 0                                          // 000000000080: BEE90080
	v_mul_lo_u32 v8, v6, s9                                    // 000000000084: D72C0008 02001306
	v_bfe_u32 v7, v0, 4, 1                                     // 00000000008C: D6100007 02050900
	v_lshlrev_b32_e32 v7, 3, v7                                // 000000000094: 300E0E83
	v_add_nc_u32_e32 v8, v8, v7                                // 000000000098: 4A100F08
	v_lshlrev_b32_e32 v9, 3, v2                                // 00000000009C: 30120483
	v_lshlrev_b32_e32 v10, 5, v2                               // 0000000000A0: 30140485
	s_lshl_b32 s16, s9, 4                                      // 0000000000A4: 84108409
	v_min_u32_e32 v8, s16, v8                                  // 0000000000A8: 26101010
	v_min_u32_e32 v9, 0x100, v9                                // 0000000000AC: 261212FF 00000100
	v_min_u32_e32 v10, 0x400, v10                              // 0000000000B4: 261414FF 00000400
	s_sendmsg_rtn_b64 s[30:31], sendmsg(MSG_RTN_GET_REALTIME)  // 0000000000BC: BE9E4D83
	s_wait_kmcnt 0x0                                           // 0000000000C0: BFC70000
	v_cmp_eq_u32_e32 vcc_lo, 0, v2                             // 0000000000C4: 7C940480
	s_mov_b32 s49, exec_lo                                     // 0000000000C8: BEB1007E
	s_and_b32 exec_lo, exec_lo, vcc_lo                         // 0000000000CC: 8B7E6A7E
	s_cbranch_execz 4                                          // 0000000000D0: BFA50004 <occ_kernel+0xe4>
	v_mov_b32_e32 v5, s30                                      // 0000000000D4: 7E0A021E
	global_atomic_min_u32 v4, v5, s[0:1] offset:8 scope:SCOPE_DEV// 0000000000D8: EE0E4000 02880000 00000804
	s_mov_b32 exec_lo, s49                                     // 0000000000E4: BEFE0031
	v_readfirstlane_b32 s24, v1                                // 0000000000E8: 7E300501
	s_alloc_vgpr 32                                            // 0000000000EC: BE8053A0
	s_cbranch_scc0 65534                                       // 0000000000F0: BFA1FFFE <occ_kernel+0xec>
	v_cmp_eq_u32_e32 vcc_lo, 0, v2                             // 0000000000F4: 7C940480
	s_mov_b32 s16, exec_lo                                     // 0000000000F8: BE90007E
	s_and_b32 exec_lo, exec_lo, vcc_lo                         // 0000000000FC: 8B7E6A7E
	s_cbranch_execz 4                                          // 000000000100: BFA50004 <occ_kernel+0x114>
	v_mov_b32_e32 v3, 1                                        // 000000000104: 7E060281
	global_atomic_add_u32 v4, v3, s[0:1] scope:SCOPE_DEV       // 000000000108: EE0D4000 01880000 00000004
	s_mov_b32 exec_lo, s16                                     // 000000000114: BEFE0010
	s_mov_b32 s34, -1                                          // 000000000118: BEA200C1
	s_mov_b32 s50, 0                                           // 00000000011C: BEB20080
	s_cmp_eq_u32 s24, 2                                        // 000000000120: BF068218
	s_cbranch_scc0 2                                           // 000000000124: BFA10002 <occ_kernel+0x130>
	s_mov_b32 s75, 0                                           // 000000000128: BECB0080
	s_mov_b32 s76, -1                                          // 00000000012C: BECC00C1
	s_sendmsg_rtn_b64 s[70:71], sendmsg(MSG_RTN_GET_REALTIME)  // 000000000130: BEC64D83
	s_wait_kmcnt 0x0                                           // 000000000134: BFC70000
	s_mov_b32 s71, 0                                           // 000000000138: BEC70080
	s_mov_b32 s101, 0                                          // 00000000013C: BEE50080
	s_cmp_eq_u32 s24, 0                                        // 000000000140: BF068018
	s_cbranch_scc0 3014                                        // 000000000144: BFA10BC6 <occ_kernel+0x3060>
	s_mov_b32 s49, exec_lo                                     // 000000000148: BEB1007E
	v_cmp_eq_u32_e32 vcc_lo, 0, v2                             // 00000000014C: 7C940480
	s_and_b32 exec_lo, exec_lo, vcc_lo                         // 000000000150: 8B7E6A7E
	s_cbranch_execz 5                                          // 000000000154: BFA50005 <occ_kernel+0x16c>
	v_mov_b32_e32 v11, 0                                       // 000000000158: 7E160280
	v_mov_b32_e32 v14, 0                                       // 00000000015C: 7E1C0280
	ds_store_b32 v11, v14                                      // 000000000160: D8340000 00000E0B
	s_wait_dscnt 0x0                                           // 000000000168: BFC60000
	s_mov_b32 exec_lo, s49                                     // 00000000016C: BEFE0031
	s_mov_b32 s49, exec_lo                                     // 000000000170: BEB1007E
	v_cmp_eq_u32_e32 vcc_lo, 0, v2                             // 000000000174: 7C940480
	s_and_b32 exec_lo, exec_lo, vcc_lo                         // 000000000178: 8B7E6A7E
	s_cbranch_execz 5                                          // 00000000017C: BFA50005 <occ_kernel+0x194>
	v_mov_b32_e32 v11, 4                                       // 000000000180: 7E160284
	v_mov_b32_e32 v14, 0                                       // 000000000184: 7E1C0280
	ds_store_b32 v11, v14                                      // 000000000188: D8340000 00000E0B
	s_wait_dscnt 0x0                                           // 000000000190: BFC60000
	s_mov_b32 exec_lo, s49                                     // 000000000194: BEFE0031
	s_mov_b32 s49, exec_lo                                     // 000000000198: BEB1007E
	v_cmp_eq_u32_e32 vcc_lo, 0, v2                             // 00000000019C: 7C940480
	s_and_b32 exec_lo, exec_lo, vcc_lo                         // 0000000001A0: 8B7E6A7E
	s_cbranch_execz 5                                          // 0000000001A4: BFA50005 <occ_kernel+0x1bc>
	v_mov_b32_e32 v11, 8                                       // 0000000001A8: 7E160288
	v_mov_b32_e32 v14, 0                                       // 0000000001AC: 7E1C0280
	ds_store_b32 v11, v14                                      // 0000000001B0: D8340000 00000E0B
	s_wait_dscnt 0x0                                           // 0000000001B8: BFC60000
	s_mov_b32 exec_lo, s49                                     // 0000000001BC: BEFE0031
	s_mov_b32 s49, exec_lo                                     // 0000000001C0: BEB1007E
	v_cmp_eq_u32_e32 vcc_lo, 0, v2                             // 0000000001C4: 7C940480
	s_and_b32 exec_lo, exec_lo, vcc_lo                         // 0000000001C8: 8B7E6A7E
	s_cbranch_execz 5                                          // 0000000001CC: BFA50005 <occ_kernel+0x1e4>
	v_mov_b32_e32 v11, 16                                      // 0000000001D0: 7E160290
	v_mov_b32_e32 v14, 0                                       // 0000000001D4: 7E1C0280
	ds_store_b32 v11, v14                                      // 0000000001D8: D8340000 00000E0B
	s_wait_dscnt 0x0                                           // 0000000001E0: BFC60000
	s_mov_b32 exec_lo, s49                                     // 0000000001E4: BEFE0031
	s_mov_b32 s49, exec_lo                                     // 0000000001E8: BEB1007E
	v_cmp_eq_u32_e32 vcc_lo, 0, v2                             // 0000000001EC: 7C940480
	s_and_b32 exec_lo, exec_lo, vcc_lo                         // 0000000001F0: 8B7E6A7E
	s_cbranch_execz 6                                          // 0000000001F4: BFA50006 <occ_kernel+0x210>
	v_mov_b32_e32 v11, 0xd8                                    // 0000000001F8: 7E1602FF 000000D8
	v_mov_b32_e32 v14, 0                                       // 000000000200: 7E1C0280
	ds_store_b32 v11, v14                                      // 000000000204: D8340000 00000E0B
	s_wait_dscnt 0x0                                           // 00000000020C: BFC60000
	s_mov_b32 exec_lo, s49                                     // 000000000210: BEFE0031
	s_mov_b32 s49, exec_lo                                     // 000000000214: BEB1007E
	v_cmp_eq_u32_e32 vcc_lo, 0, v2                             // 000000000218: 7C940480
	s_and_b32 exec_lo, exec_lo, vcc_lo                         // 00000000021C: 8B7E6A7E
	s_cbranch_execz 5                                          // 000000000220: BFA50005 <occ_kernel+0x238>
	v_mov_b32_e32 v11, 20                                      // 000000000224: 7E160294
	v_mov_b32_e32 v14, 2                                       // 000000000228: 7E1C0282
	ds_store_b32 v11, v14                                      // 00000000022C: D8340000 00000E0B
	s_wait_dscnt 0x0                                           // 000000000234: BFC60000
	s_mov_b32 exec_lo, s49                                     // 000000000238: BEFE0031
	s_mov_b32 s49, exec_lo                                     // 00000000023C: BEB1007E
	v_cmp_eq_u32_e32 vcc_lo, 0, v2                             // 000000000240: 7C940480
	s_and_b32 exec_lo, exec_lo, vcc_lo                         // 000000000244: 8B7E6A7E
	s_cbranch_execz 5                                          // 000000000248: BFA50005 <occ_kernel+0x260>
	v_mov_b32_e32 v11, 24                                      // 00000000024C: 7E160298
	v_mov_b32_e32 v14, 1                                       // 000000000250: 7E1C0281
	ds_store_b32 v11, v14                                      // 000000000254: D8340000 00000E0B
	s_wait_dscnt 0x0                                           // 00000000025C: BFC60000
	s_mov_b32 exec_lo, s49                                     // 000000000260: BEFE0031
	s_mov_b32 s49, exec_lo                                     // 000000000264: BEB1007E
	v_cmp_eq_u32_e32 vcc_lo, 0, v2                             // 000000000268: 7C940480
	s_and_b32 exec_lo, exec_lo, vcc_lo                         // 00000000026C: 8B7E6A7E
	s_cbranch_execz 5                                          // 000000000270: BFA50005 <occ_kernel+0x288>
	v_mov_b32_e32 v11, 28                                      // 000000000274: 7E16029C
	v_mov_b32_e32 v14, 2                                       // 000000000278: 7E1C0282
	ds_store_b32 v11, v14                                      // 00000000027C: D8340000 00000E0B
	s_wait_dscnt 0x0                                           // 000000000284: BFC60000
	s_mov_b32 exec_lo, s49                                     // 000000000288: BEFE0031
	s_mov_b32 s49, exec_lo                                     // 00000000028C: BEB1007E
	v_cmp_eq_u32_e32 vcc_lo, 0, v2                             // 000000000290: 7C940480
	s_and_b32 exec_lo, exec_lo, vcc_lo                         // 000000000294: 8B7E6A7E
	s_cbranch_execz 5                                          // 000000000298: BFA50005 <occ_kernel+0x2b0>
	v_mov_b32_e32 v11, 32                                      // 00000000029C: 7E1602A0
	v_mov_b32_e32 v14, 0                                       // 0000000002A0: 7E1C0280
	ds_store_b32 v11, v14                                      // 0000000002A4: D8340000 00000E0B
	s_wait_dscnt 0x0                                           // 0000000002AC: BFC60000
	s_mov_b32 exec_lo, s49                                     // 0000000002B0: BEFE0031
	s_mov_b32 s49, exec_lo                                     // 0000000002B4: BEB1007E
	v_cmp_eq_u32_e32 vcc_lo, 0, v2                             // 0000000002B8: 7C940480
	s_and_b32 exec_lo, exec_lo, vcc_lo                         // 0000000002BC: 8B7E6A7E
	s_cbranch_execz 5                                          // 0000000002C0: BFA50005 <occ_kernel+0x2d8>
	v_mov_b32_e32 v11, 36                                      // 0000000002C4: 7E1602A4
	v_mov_b32_e32 v14, 0                                       // 0000000002C8: 7E1C0280
	ds_store_b32 v11, v14                                      // 0000000002CC: D8340000 00000E0B
	s_wait_dscnt 0x0                                           // 0000000002D4: BFC60000
	s_mov_b32 exec_lo, s49                                     // 0000000002D8: BEFE0031
	s_mov_b32 s49, exec_lo                                     // 0000000002DC: BEB1007E
	v_cmp_eq_u32_e32 vcc_lo, 0, v2                             // 0000000002E0: 7C940480
	s_and_b32 exec_lo, exec_lo, vcc_lo                         // 0000000002E4: 8B7E6A7E
	s_cbranch_execz 5                                          // 0000000002E8: BFA50005 <occ_kernel+0x300>
	v_mov_b32_e32 v11, 40                                      // 0000000002EC: 7E1602A8
	v_mov_b32_e32 v14, 0                                       // 0000000002F0: 7E1C0280
	ds_store_b32 v11, v14                                      // 0000000002F4: D8340000 00000E0B
	s_wait_dscnt 0x0                                           // 0000000002FC: BFC60000
	s_mov_b32 exec_lo, s49                                     // 000000000300: BEFE0031
	s_mov_b32 s49, exec_lo                                     // 000000000304: BEB1007E
	v_cmp_eq_u32_e32 vcc_lo, 0, v2                             // 000000000308: 7C940480
	s_and_b32 exec_lo, exec_lo, vcc_lo                         // 00000000030C: 8B7E6A7E
	s_cbranch_execz 6                                          // 000000000310: BFA50006 <occ_kernel+0x32c>
	v_mov_b32_e32 v11, 0x8200                                  // 000000000314: 7E1602FF 00008200
	v_mov_b32_e32 v14, -1                                      // 00000000031C: 7E1C02C1
	ds_store_b32 v11, v14                                      // 000000000320: D8340000 00000E0B
	s_wait_dscnt 0x0                                           // 000000000328: BFC60000
	s_mov_b32 exec_lo, s49                                     // 00000000032C: BEFE0031
	s_mov_b32 s49, exec_lo                                     // 000000000330: BEB1007E
	v_cmp_eq_u32_e32 vcc_lo, 0, v2                             // 000000000334: 7C940480
	s_and_b32 exec_lo, exec_lo, vcc_lo                         // 000000000338: 8B7E6A7E
	s_cbranch_execz 6                                          // 00000000033C: BFA50006 <occ_kernel+0x358>
	v_mov_b32_e32 v11, 0x8204                                  // 000000000340: 7E1602FF 00008204
	v_mov_b32_e32 v14, -1                                      // 000000000348: 7E1C02C1
	ds_store_b32 v11, v14                                      // 00000000034C: D8340000 00000E0B
	s_wait_dscnt 0x0                                           // 000000000354: BFC60000
	s_mov_b32 exec_lo, s49                                     // 000000000358: BEFE0031
	s_mov_b32 s49, exec_lo                                     // 00000000035C: BEB1007E
	v_cmp_eq_u32_e32 vcc_lo, 0, v2                             // 000000000360: 7C940480
	s_and_b32 exec_lo, exec_lo, vcc_lo                         // 000000000364: 8B7E6A7E
	s_cbranch_execz 6                                          // 000000000368: BFA50006 <occ_kernel+0x384>
	v_mov_b32_e32 v11, 0x8208                                  // 00000000036C: 7E1602FF 00008208
	v_mov_b32_e32 v14, -2.0                                    // 000000000374: 7E1C02F5
	ds_store_b32 v11, v14                                      // 000000000378: D8340000 00000E0B
	s_wait_dscnt 0x0                                           // 000000000380: BFC60000
	s_mov_b32 exec_lo, s49                                     // 000000000384: BEFE0031
	s_mov_b32 s49, exec_lo                                     // 000000000388: BEB1007E
	v_cmp_eq_u32_e32 vcc_lo, 0, v2                             // 00000000038C: 7C940480
	s_and_b32 exec_lo, exec_lo, vcc_lo                         // 000000000390: 8B7E6A7E
	s_cbranch_execz 6                                          // 000000000394: BFA50006 <occ_kernel+0x3b0>
	v_mov_b32_e32 v11, 0x820c                                  // 000000000398: 7E1602FF 0000820C
	v_mov_b32_e32 v14, 0                                       // 0000000003A0: 7E1C0280
	ds_store_b32 v11, v14                                      // 0000000003A4: D8340000 00000E0B
	s_wait_dscnt 0x0                                           // 0000000003AC: BFC60000
	s_mov_b32 exec_lo, s49                                     // 0000000003B0: BEFE0031
	s_mov_b32 s49, exec_lo                                     // 0000000003B4: BEB1007E
	v_cmp_eq_u32_e32 vcc_lo, 0, v2                             // 0000000003B8: 7C940480
	s_and_b32 exec_lo, exec_lo, vcc_lo                         // 0000000003BC: 8B7E6A7E
	s_cbranch_execz 6                                          // 0000000003C0: BFA50006 <occ_kernel+0x3dc>
	v_mov_b32_e32 v11, 0x8210                                  // 0000000003C4: 7E1602FF 00008210
	v_mov_b32_e32 v14, 0                                       // 0000000003CC: 7E1C0280
	ds_store_b32 v11, v14                                      // 0000000003D0: D8340000 00000E0B
	s_wait_dscnt 0x0                                           // 0000000003D8: BFC60000
	s_mov_b32 exec_lo, s49                                     // 0000000003DC: BEFE0031
	s_mov_b32 s49, exec_lo                                     // 0000000003E0: BEB1007E
	v_cmp_eq_u32_e32 vcc_lo, 0, v2                             // 0000000003E4: 7C940480
	s_and_b32 exec_lo, exec_lo, vcc_lo                         // 0000000003E8: 8B7E6A7E
	s_cbranch_execz 6                                          // 0000000003EC: BFA50006 <occ_kernel+0x408>
	v_mov_b32_e32 v11, 0x8214                                  // 0000000003F0: 7E1602FF 00008214
	v_mov_b32_e32 v14, 0                                       // 0000000003F8: 7E1C0280
	ds_store_b32 v11, v14                                      // 0000000003FC: D8340000 00000E0B
	s_wait_dscnt 0x0                                           // 000000000404: BFC60000
	s_mov_b32 exec_lo, s49                                     // 000000000408: BEFE0031
	s_mov_b32 s49, exec_lo                                     // 00000000040C: BEB1007E
	v_cmp_eq_u32_e32 vcc_lo, 0, v2                             // 000000000410: 7C940480
	s_and_b32 exec_lo, exec_lo, vcc_lo                         // 000000000414: 8B7E6A7E
	s_cbranch_execz 6                                          // 000000000418: BFA50006 <occ_kernel+0x434>
	v_mov_b32_e32 v11, 0x8218                                  // 00000000041C: 7E1602FF 00008218
	v_mov_b32_e32 v14, 0                                       // 000000000424: 7E1C0280
	ds_store_b32 v11, v14                                      // 000000000428: D8340000 00000E0B
	s_wait_dscnt 0x0                                           // 000000000430: BFC60000
	s_mov_b32 exec_lo, s49                                     // 000000000434: BEFE0031
	s_mov_b32 s49, exec_lo                                     // 000000000438: BEB1007E
	v_cmp_eq_u32_e32 vcc_lo, 0, v2                             // 00000000043C: 7C940480
	s_and_b32 exec_lo, exec_lo, vcc_lo                         // 000000000440: 8B7E6A7E
	s_cbranch_execz 6                                          // 000000000444: BFA50006 <occ_kernel+0x460>
	v_mov_b32_e32 v11, 0x821c                                  // 000000000448: 7E1602FF 0000821C
	v_mov_b32_e32 v14, 0                                       // 000000000450: 7E1C0280
	ds_store_b32 v11, v14                                      // 000000000454: D8340000 00000E0B
	s_wait_dscnt 0x0                                           // 00000000045C: BFC60000
	s_mov_b32 exec_lo, s49                                     // 000000000460: BEFE0031
	s_mov_b32 s49, exec_lo                                     // 000000000464: BEB1007E
	v_cmp_eq_u32_e32 vcc_lo, 0, v2                             // 000000000468: 7C940480
	s_and_b32 exec_lo, exec_lo, vcc_lo                         // 00000000046C: 8B7E6A7E
	s_cbranch_execz 6                                          // 000000000470: BFA50006 <occ_kernel+0x48c>
	v_mov_b32_e32 v11, 0x8220                                  // 000000000474: 7E1602FF 00008220
	v_mov_b32_e32 v14, -1                                      // 00000000047C: 7E1C02C1
	ds_store_b32 v11, v14                                      // 000000000480: D8340000 00000E0B
	s_wait_dscnt 0x0                                           // 000000000488: BFC60000
	s_mov_b32 exec_lo, s49                                     // 00000000048C: BEFE0031
	s_mov_b32 s49, exec_lo                                     // 000000000490: BEB1007E
	v_cmp_eq_u32_e32 vcc_lo, 0, v2                             // 000000000494: 7C940480
	s_and_b32 exec_lo, exec_lo, vcc_lo                         // 000000000498: 8B7E6A7E
	s_cbranch_execz 6                                          // 00000000049C: BFA50006 <occ_kernel+0x4b8>
	v_mov_b32_e32 v11, 0x8224                                  // 0000000004A0: 7E1602FF 00008224
	v_mov_b32_e32 v14, -1                                      // 0000000004A8: 7E1C02C1
	ds_store_b32 v11, v14                                      // 0000000004AC: D8340000 00000E0B
	s_wait_dscnt 0x0                                           // 0000000004B4: BFC60000
	s_mov_b32 exec_lo, s49                                     // 0000000004B8: BEFE0031
	s_mov_b32 s49, exec_lo                                     // 0000000004BC: BEB1007E
	v_cmp_eq_u32_e32 vcc_lo, 0, v2                             // 0000000004C0: 7C940480
	s_and_b32 exec_lo, exec_lo, vcc_lo                         // 0000000004C4: 8B7E6A7E
	s_cbranch_execz 6                                          // 0000000004C8: BFA50006 <occ_kernel+0x4e4>
	v_mov_b32_e32 v11, 0x8228                                  // 0000000004CC: 7E1602FF 00008228
	v_mov_b32_e32 v14, -2.0                                    // 0000000004D4: 7E1C02F5
	ds_store_b32 v11, v14                                      // 0000000004D8: D8340000 00000E0B
	s_wait_dscnt 0x0                                           // 0000000004E0: BFC60000
	s_mov_b32 exec_lo, s49                                     // 0000000004E4: BEFE0031
	s_mov_b32 s49, exec_lo                                     // 0000000004E8: BEB1007E
	v_cmp_eq_u32_e32 vcc_lo, 0, v2                             // 0000000004EC: 7C940480
	s_and_b32 exec_lo, exec_lo, vcc_lo                         // 0000000004F0: 8B7E6A7E
	s_cbranch_execz 6                                          // 0000000004F4: BFA50006 <occ_kernel+0x510>
	v_mov_b32_e32 v11, 0x822c                                  // 0000000004F8: 7E1602FF 0000822C
	v_mov_b32_e32 v14, 0                                       // 000000000500: 7E1C0280
	ds_store_b32 v11, v14                                      // 000000000504: D8340000 00000E0B
	s_wait_dscnt 0x0                                           // 00000000050C: BFC60000
	s_mov_b32 exec_lo, s49                                     // 000000000510: BEFE0031
	s_mov_b32 s49, exec_lo                                     // 000000000514: BEB1007E
	v_cmp_eq_u32_e32 vcc_lo, 0, v2                             // 000000000518: 7C940480
	s_and_b32 exec_lo, exec_lo, vcc_lo                         // 00000000051C: 8B7E6A7E
	s_cbranch_execz 6                                          // 000000000520: BFA50006 <occ_kernel+0x53c>
	v_mov_b32_e32 v11, 0x8230                                  // 000000000524: 7E1602FF 00008230
	v_mov_b32_e32 v14, 0                                       // 00000000052C: 7E1C0280
	ds_store_b32 v11, v14                                      // 000000000530: D8340000 00000E0B
	s_wait_dscnt 0x0                                           // 000000000538: BFC60000
	s_mov_b32 exec_lo, s49                                     // 00000000053C: BEFE0031
	s_mov_b32 s49, exec_lo                                     // 000000000540: BEB1007E
	v_cmp_eq_u32_e32 vcc_lo, 0, v2                             // 000000000544: 7C940480
	s_and_b32 exec_lo, exec_lo, vcc_lo                         // 000000000548: 8B7E6A7E
	s_cbranch_execz 6                                          // 00000000054C: BFA50006 <occ_kernel+0x568>
	v_mov_b32_e32 v11, 0x8234                                  // 000000000550: 7E1602FF 00008234
	v_mov_b32_e32 v14, 0                                       // 000000000558: 7E1C0280
	ds_store_b32 v11, v14                                      // 00000000055C: D8340000 00000E0B
	s_wait_dscnt 0x0                                           // 000000000564: BFC60000
	s_mov_b32 exec_lo, s49                                     // 000000000568: BEFE0031
	s_mov_b32 s49, exec_lo                                     // 00000000056C: BEB1007E
	v_cmp_eq_u32_e32 vcc_lo, 0, v2                             // 000000000570: 7C940480
	s_and_b32 exec_lo, exec_lo, vcc_lo                         // 000000000574: 8B7E6A7E
	s_cbranch_execz 6                                          // 000000000578: BFA50006 <occ_kernel+0x594>
	v_mov_b32_e32 v11, 0x8238                                  // 00000000057C: 7E1602FF 00008238
	v_mov_b32_e32 v14, 0                                       // 000000000584: 7E1C0280
	ds_store_b32 v11, v14                                      // 000000000588: D8340000 00000E0B
	s_wait_dscnt 0x0                                           // 000000000590: BFC60000
	s_mov_b32 exec_lo, s49                                     // 000000000594: BEFE0031
	s_mov_b32 s49, exec_lo                                     // 000000000598: BEB1007E
	v_cmp_eq_u32_e32 vcc_lo, 0, v2                             // 00000000059C: 7C940480
	s_and_b32 exec_lo, exec_lo, vcc_lo                         // 0000000005A0: 8B7E6A7E
	s_cbranch_execz 6                                          // 0000000005A4: BFA50006 <occ_kernel+0x5c0>
	v_mov_b32_e32 v11, 0x823c                                  // 0000000005A8: 7E1602FF 0000823C
	v_mov_b32_e32 v14, 0                                       // 0000000005B0: 7E1C0280
	ds_store_b32 v11, v14                                      // 0000000005B4: D8340000 00000E0B
	s_wait_dscnt 0x0                                           // 0000000005BC: BFC60000
	s_mov_b32 exec_lo, s49                                     // 0000000005C0: BEFE0031
	s_mov_b32 s49, exec_lo                                     // 0000000005C4: BEB1007E
	v_cmp_eq_u32_e32 vcc_lo, 0, v2                             // 0000000005C8: 7C940480
	s_and_b32 exec_lo, exec_lo, vcc_lo                         // 0000000005CC: 8B7E6A7E
	s_cbranch_execz 6                                          // 0000000005D0: BFA50006 <occ_kernel+0x5ec>
	v_mov_b32_e32 v11, 0x8240                                  // 0000000005D4: 7E1602FF 00008240
	v_mov_b32_e32 v14, -1                                      // 0000000005DC: 7E1C02C1
	ds_store_b32 v11, v14                                      // 0000000005E0: D8340000 00000E0B
	s_wait_dscnt 0x0                                           // 0000000005E8: BFC60000
	s_mov_b32 exec_lo, s49                                     // 0000000005EC: BEFE0031
	s_mov_b32 s49, exec_lo                                     // 0000000005F0: BEB1007E
	v_cmp_eq_u32_e32 vcc_lo, 0, v2                             // 0000000005F4: 7C940480
	s_and_b32 exec_lo, exec_lo, vcc_lo                         // 0000000005F8: 8B7E6A7E
	s_cbranch_execz 6                                          // 0000000005FC: BFA50006 <occ_kernel+0x618>
	v_mov_b32_e32 v11, 0x8244                                  // 000000000600: 7E1602FF 00008244
	v_mov_b32_e32 v14, -1                                      // 000000000608: 7E1C02C1
	ds_store_b32 v11, v14                                      // 00000000060C: D8340000 00000E0B
	s_wait_dscnt 0x0                                           // 000000000614: BFC60000
	s_mov_b32 exec_lo, s49                                     // 000000000618: BEFE0031
	s_mov_b32 s49, exec_lo                                     // 00000000061C: BEB1007E
	v_cmp_eq_u32_e32 vcc_lo, 0, v2                             // 000000000620: 7C940480
	s_and_b32 exec_lo, exec_lo, vcc_lo                         // 000000000624: 8B7E6A7E
	s_cbranch_execz 6                                          // 000000000628: BFA50006 <occ_kernel+0x644>
	v_mov_b32_e32 v11, 0x8248                                  // 00000000062C: 7E1602FF 00008248
	v_mov_b32_e32 v14, -2.0                                    // 000000000634: 7E1C02F5
	ds_store_b32 v11, v14                                      // 000000000638: D8340000 00000E0B
	s_wait_dscnt 0x0                                           // 000000000640: BFC60000
	s_mov_b32 exec_lo, s49                                     // 000000000644: BEFE0031
	s_mov_b32 s49, exec_lo                                     // 000000000648: BEB1007E
	v_cmp_eq_u32_e32 vcc_lo, 0, v2                             // 00000000064C: 7C940480
	s_and_b32 exec_lo, exec_lo, vcc_lo                         // 000000000650: 8B7E6A7E
	s_cbranch_execz 6                                          // 000000000654: BFA50006 <occ_kernel+0x670>
	v_mov_b32_e32 v11, 0x824c                                  // 000000000658: 7E1602FF 0000824C
	v_mov_b32_e32 v14, 0                                       // 000000000660: 7E1C0280
	ds_store_b32 v11, v14                                      // 000000000664: D8340000 00000E0B
	s_wait_dscnt 0x0                                           // 00000000066C: BFC60000
	s_mov_b32 exec_lo, s49                                     // 000000000670: BEFE0031
	s_mov_b32 s49, exec_lo                                     // 000000000674: BEB1007E
	v_cmp_eq_u32_e32 vcc_lo, 0, v2                             // 000000000678: 7C940480
	s_and_b32 exec_lo, exec_lo, vcc_lo                         // 00000000067C: 8B7E6A7E
	s_cbranch_execz 6                                          // 000000000680: BFA50006 <occ_kernel+0x69c>
	v_mov_b32_e32 v11, 0x8250                                  // 000000000684: 7E1602FF 00008250
	v_mov_b32_e32 v14, 0                                       // 00000000068C: 7E1C0280
	ds_store_b32 v11, v14                                      // 000000000690: D8340000 00000E0B
	s_wait_dscnt 0x0                                           // 000000000698: BFC60000
	s_mov_b32 exec_lo, s49                                     // 00000000069C: BEFE0031
	s_mov_b32 s49, exec_lo                                     // 0000000006A0: BEB1007E
	v_cmp_eq_u32_e32 vcc_lo, 0, v2                             // 0000000006A4: 7C940480
	s_and_b32 exec_lo, exec_lo, vcc_lo                         // 0000000006A8: 8B7E6A7E
	s_cbranch_execz 6                                          // 0000000006AC: BFA50006 <occ_kernel+0x6c8>
	v_mov_b32_e32 v11, 0x8254                                  // 0000000006B0: 7E1602FF 00008254
	v_mov_b32_e32 v14, 0                                       // 0000000006B8: 7E1C0280
	ds_store_b32 v11, v14                                      // 0000000006BC: D8340000 00000E0B
	s_wait_dscnt 0x0                                           // 0000000006C4: BFC60000
	s_mov_b32 exec_lo, s49                                     // 0000000006C8: BEFE0031
	s_mov_b32 s49, exec_lo                                     // 0000000006CC: BEB1007E
	v_cmp_eq_u32_e32 vcc_lo, 0, v2                             // 0000000006D0: 7C940480
	s_and_b32 exec_lo, exec_lo, vcc_lo                         // 0000000006D4: 8B7E6A7E
	s_cbranch_execz 6                                          // 0000000006D8: BFA50006 <occ_kernel+0x6f4>
	v_mov_b32_e32 v11, 0x8258                                  // 0000000006DC: 7E1602FF 00008258
	v_mov_b32_e32 v14, 0                                       // 0000000006E4: 7E1C0280
	ds_store_b32 v11, v14                                      // 0000000006E8: D8340000 00000E0B
	s_wait_dscnt 0x0                                           // 0000000006F0: BFC60000
	s_mov_b32 exec_lo, s49                                     // 0000000006F4: BEFE0031
	s_mov_b32 s49, exec_lo                                     // 0000000006F8: BEB1007E
	v_cmp_eq_u32_e32 vcc_lo, 0, v2                             // 0000000006FC: 7C940480
	s_and_b32 exec_lo, exec_lo, vcc_lo                         // 000000000700: 8B7E6A7E
	s_cbranch_execz 6                                          // 000000000704: BFA50006 <occ_kernel+0x720>
	v_mov_b32_e32 v11, 0x825c                                  // 000000000708: 7E1602FF 0000825C
	v_mov_b32_e32 v14, 0                                       // 000000000710: 7E1C0280
	ds_store_b32 v11, v14                                      // 000000000714: D8340000 00000E0B
	s_wait_dscnt 0x0                                           // 00000000071C: BFC60000
	s_mov_b32 exec_lo, s49                                     // 000000000720: BEFE0031
	s_mov_b32 s49, exec_lo                                     // 000000000724: BEB1007E
	v_cmp_eq_u32_e32 vcc_lo, 0, v2                             // 000000000728: 7C940480
	s_and_b32 exec_lo, exec_lo, vcc_lo                         // 00000000072C: 8B7E6A7E
	s_cbranch_execz 6                                          // 000000000730: BFA50006 <occ_kernel+0x74c>
	v_mov_b32_e32 v11, 0x8260                                  // 000000000734: 7E1602FF 00008260
	v_mov_b32_e32 v14, -1                                      // 00000000073C: 7E1C02C1
	ds_store_b32 v11, v14                                      // 000000000740: D8340000 00000E0B
	s_wait_dscnt 0x0                                           // 000000000748: BFC60000
	s_mov_b32 exec_lo, s49                                     // 00000000074C: BEFE0031
	s_mov_b32 s49, exec_lo                                     // 000000000750: BEB1007E
	v_cmp_eq_u32_e32 vcc_lo, 0, v2                             // 000000000754: 7C940480
	s_and_b32 exec_lo, exec_lo, vcc_lo                         // 000000000758: 8B7E6A7E
	s_cbranch_execz 6                                          // 00000000075C: BFA50006 <occ_kernel+0x778>
	v_mov_b32_e32 v11, 0x8264                                  // 000000000760: 7E1602FF 00008264
	v_mov_b32_e32 v14, -1                                      // 000000000768: 7E1C02C1
	ds_store_b32 v11, v14                                      // 00000000076C: D8340000 00000E0B
	s_wait_dscnt 0x0                                           // 000000000774: BFC60000
	s_mov_b32 exec_lo, s49                                     // 000000000778: BEFE0031
	s_mov_b32 s49, exec_lo                                     // 00000000077C: BEB1007E
	v_cmp_eq_u32_e32 vcc_lo, 0, v2                             // 000000000780: 7C940480
	s_and_b32 exec_lo, exec_lo, vcc_lo                         // 000000000784: 8B7E6A7E
	s_cbranch_execz 6                                          // 000000000788: BFA50006 <occ_kernel+0x7a4>
	v_mov_b32_e32 v11, 0x8268                                  // 00000000078C: 7E1602FF 00008268
	v_mov_b32_e32 v14, -2.0                                    // 000000000794: 7E1C02F5
	ds_store_b32 v11, v14                                      // 000000000798: D8340000 00000E0B
	s_wait_dscnt 0x0                                           // 0000000007A0: BFC60000
	s_mov_b32 exec_lo, s49                                     // 0000000007A4: BEFE0031
	s_mov_b32 s49, exec_lo                                     // 0000000007A8: BEB1007E
	v_cmp_eq_u32_e32 vcc_lo, 0, v2                             // 0000000007AC: 7C940480
	s_and_b32 exec_lo, exec_lo, vcc_lo                         // 0000000007B0: 8B7E6A7E
	s_cbranch_execz 6                                          // 0000000007B4: BFA50006 <occ_kernel+0x7d0>
	v_mov_b32_e32 v11, 0x826c                                  // 0000000007B8: 7E1602FF 0000826C
	v_mov_b32_e32 v14, 0                                       // 0000000007C0: 7E1C0280
	ds_store_b32 v11, v14                                      // 0000000007C4: D8340000 00000E0B
	s_wait_dscnt 0x0                                           // 0000000007CC: BFC60000
	s_mov_b32 exec_lo, s49                                     // 0000000007D0: BEFE0031
	s_mov_b32 s49, exec_lo                                     // 0000000007D4: BEB1007E
	v_cmp_eq_u32_e32 vcc_lo, 0, v2                             // 0000000007D8: 7C940480
	s_and_b32 exec_lo, exec_lo, vcc_lo                         // 0000000007DC: 8B7E6A7E
	s_cbranch_execz 6                                          // 0000000007E0: BFA50006 <occ_kernel+0x7fc>
	v_mov_b32_e32 v11, 0x8270                                  // 0000000007E4: 7E1602FF 00008270
	v_mov_b32_e32 v14, 0                                       // 0000000007EC: 7E1C0280
	ds_store_b32 v11, v14                                      // 0000000007F0: D8340000 00000E0B
	s_wait_dscnt 0x0                                           // 0000000007F8: BFC60000
	s_mov_b32 exec_lo, s49                                     // 0000000007FC: BEFE0031
	s_mov_b32 s49, exec_lo                                     // 000000000800: BEB1007E
	v_cmp_eq_u32_e32 vcc_lo, 0, v2                             // 000000000804: 7C940480
	s_and_b32 exec_lo, exec_lo, vcc_lo                         // 000000000808: 8B7E6A7E
	s_cbranch_execz 6                                          // 00000000080C: BFA50006 <occ_kernel+0x828>
	v_mov_b32_e32 v11, 0x8274                                  // 000000000810: 7E1602FF 00008274
	v_mov_b32_e32 v14, 0                                       // 000000000818: 7E1C0280
	ds_store_b32 v11, v14                                      // 00000000081C: D8340000 00000E0B
	s_wait_dscnt 0x0                                           // 000000000824: BFC60000
	s_mov_b32 exec_lo, s49                                     // 000000000828: BEFE0031
	s_mov_b32 s49, exec_lo                                     // 00000000082C: BEB1007E
	v_cmp_eq_u32_e32 vcc_lo, 0, v2                             // 000000000830: 7C940480
	s_and_b32 exec_lo, exec_lo, vcc_lo                         // 000000000834: 8B7E6A7E
	s_cbranch_execz 6                                          // 000000000838: BFA50006 <occ_kernel+0x854>
	v_mov_b32_e32 v11, 0x8278                                  // 00000000083C: 7E1602FF 00008278
	v_mov_b32_e32 v14, 0                                       // 000000000844: 7E1C0280
	ds_store_b32 v11, v14                                      // 000000000848: D8340000 00000E0B
	s_wait_dscnt 0x0                                           // 000000000850: BFC60000
	s_mov_b32 exec_lo, s49                                     // 000000000854: BEFE0031
	s_mov_b32 s49, exec_lo                                     // 000000000858: BEB1007E
	v_cmp_eq_u32_e32 vcc_lo, 0, v2                             // 00000000085C: 7C940480
	s_and_b32 exec_lo, exec_lo, vcc_lo                         // 000000000860: 8B7E6A7E
	s_cbranch_execz 6                                          // 000000000864: BFA50006 <occ_kernel+0x880>
	v_mov_b32_e32 v11, 0x827c                                  // 000000000868: 7E1602FF 0000827C
	v_mov_b32_e32 v14, 0                                       // 000000000870: 7E1C0280
	ds_store_b32 v11, v14                                      // 000000000874: D8340000 00000E0B
	s_wait_dscnt 0x0                                           // 00000000087C: BFC60000
	s_mov_b32 exec_lo, s49                                     // 000000000880: BEFE0031
	s_mov_b32 s49, exec_lo                                     // 000000000884: BEB1007E
	v_cmp_eq_u32_e32 vcc_lo, 0, v2                             // 000000000888: 7C940480
	s_and_b32 exec_lo, exec_lo, vcc_lo                         // 00000000088C: 8B7E6A7E
	s_cbranch_execz 6                                          // 000000000890: BFA50006 <occ_kernel+0x8ac>
	v_mov_b32_e32 v11, 0x8280                                  // 000000000894: 7E1602FF 00008280
	v_mov_b32_e32 v14, -1                                      // 00000000089C: 7E1C02C1
	ds_store_b32 v11, v14                                      // 0000000008A0: D8340000 00000E0B
	s_wait_dscnt 0x0                                           // 0000000008A8: BFC60000
	s_mov_b32 exec_lo, s49                                     // 0000000008AC: BEFE0031
	s_mov_b32 s49, exec_lo                                     // 0000000008B0: BEB1007E
	v_cmp_eq_u32_e32 vcc_lo, 0, v2                             // 0000000008B4: 7C940480
	s_and_b32 exec_lo, exec_lo, vcc_lo                         // 0000000008B8: 8B7E6A7E
	s_cbranch_execz 6                                          // 0000000008BC: BFA50006 <occ_kernel+0x8d8>
	v_mov_b32_e32 v11, 0x8284                                  // 0000000008C0: 7E1602FF 00008284
	v_mov_b32_e32 v14, -1                                      // 0000000008C8: 7E1C02C1
	ds_store_b32 v11, v14                                      // 0000000008CC: D8340000 00000E0B
	s_wait_dscnt 0x0                                           // 0000000008D4: BFC60000
	s_mov_b32 exec_lo, s49                                     // 0000000008D8: BEFE0031
	s_mov_b32 s49, exec_lo                                     // 0000000008DC: BEB1007E
	v_cmp_eq_u32_e32 vcc_lo, 0, v2                             // 0000000008E0: 7C940480
	s_and_b32 exec_lo, exec_lo, vcc_lo                         // 0000000008E4: 8B7E6A7E
	s_cbranch_execz 6                                          // 0000000008E8: BFA50006 <occ_kernel+0x904>
	v_mov_b32_e32 v11, 0x8288                                  // 0000000008EC: 7E1602FF 00008288
	v_mov_b32_e32 v14, -2.0                                    // 0000000008F4: 7E1C02F5
	ds_store_b32 v11, v14                                      // 0000000008F8: D8340000 00000E0B
	s_wait_dscnt 0x0                                           // 000000000900: BFC60000
	s_mov_b32 exec_lo, s49                                     // 000000000904: BEFE0031
	s_mov_b32 s49, exec_lo                                     // 000000000908: BEB1007E
	v_cmp_eq_u32_e32 vcc_lo, 0, v2                             // 00000000090C: 7C940480
	s_and_b32 exec_lo, exec_lo, vcc_lo                         // 000000000910: 8B7E6A7E
	s_cbranch_execz 6                                          // 000000000914: BFA50006 <occ_kernel+0x930>
	v_mov_b32_e32 v11, 0x828c                                  // 000000000918: 7E1602FF 0000828C
	v_mov_b32_e32 v14, 0                                       // 000000000920: 7E1C0280
	ds_store_b32 v11, v14                                      // 000000000924: D8340000 00000E0B
	s_wait_dscnt 0x0                                           // 00000000092C: BFC60000
	s_mov_b32 exec_lo, s49                                     // 000000000930: BEFE0031
	s_mov_b32 s49, exec_lo                                     // 000000000934: BEB1007E
	v_cmp_eq_u32_e32 vcc_lo, 0, v2                             // 000000000938: 7C940480
	s_and_b32 exec_lo, exec_lo, vcc_lo                         // 00000000093C: 8B7E6A7E
	s_cbranch_execz 6                                          // 000000000940: BFA50006 <occ_kernel+0x95c>
	v_mov_b32_e32 v11, 0x8290                                  // 000000000944: 7E1602FF 00008290
	v_mov_b32_e32 v14, 0                                       // 00000000094C: 7E1C0280
	ds_store_b32 v11, v14                                      // 000000000950: D8340000 00000E0B
	s_wait_dscnt 0x0                                           // 000000000958: BFC60000
	s_mov_b32 exec_lo, s49                                     // 00000000095C: BEFE0031
	s_mov_b32 s49, exec_lo                                     // 000000000960: BEB1007E
	v_cmp_eq_u32_e32 vcc_lo, 0, v2                             // 000000000964: 7C940480
	s_and_b32 exec_lo, exec_lo, vcc_lo                         // 000000000968: 8B7E6A7E
	s_cbranch_execz 6                                          // 00000000096C: BFA50006 <occ_kernel+0x988>
	v_mov_b32_e32 v11, 0x8294                                  // 000000000970: 7E1602FF 00008294
	v_mov_b32_e32 v14, 0                                       // 000000000978: 7E1C0280
	ds_store_b32 v11, v14                                      // 00000000097C: D8340000 00000E0B
	s_wait_dscnt 0x0                                           // 000000000984: BFC60000
	s_mov_b32 exec_lo, s49                                     // 000000000988: BEFE0031
	s_mov_b32 s49, exec_lo                                     // 00000000098C: BEB1007E
	v_cmp_eq_u32_e32 vcc_lo, 0, v2                             // 000000000990: 7C940480
	s_and_b32 exec_lo, exec_lo, vcc_lo                         // 000000000994: 8B7E6A7E
	s_cbranch_execz 6                                          // 000000000998: BFA50006 <occ_kernel+0x9b4>
	v_mov_b32_e32 v11, 0x8298                                  // 00000000099C: 7E1602FF 00008298
	v_mov_b32_e32 v14, 0                                       // 0000000009A4: 7E1C0280
	ds_store_b32 v11, v14                                      // 0000000009A8: D8340000 00000E0B
	s_wait_dscnt 0x0                                           // 0000000009B0: BFC60000
	s_mov_b32 exec_lo, s49                                     // 0000000009B4: BEFE0031
	s_mov_b32 s49, exec_lo                                     // 0000000009B8: BEB1007E
	v_cmp_eq_u32_e32 vcc_lo, 0, v2                             // 0000000009BC: 7C940480
	s_and_b32 exec_lo, exec_lo, vcc_lo                         // 0000000009C0: 8B7E6A7E
	s_cbranch_execz 6                                          // 0000000009C4: BFA50006 <occ_kernel+0x9e0>
	v_mov_b32_e32 v11, 0x829c                                  // 0000000009C8: 7E1602FF 0000829C
	v_mov_b32_e32 v14, 0                                       // 0000000009D0: 7E1C0280
	ds_store_b32 v11, v14                                      // 0000000009D4: D8340000 00000E0B
	s_wait_dscnt 0x0                                           // 0000000009DC: BFC60000
	s_mov_b32 exec_lo, s49                                     // 0000000009E0: BEFE0031
	s_mov_b32 s49, exec_lo                                     // 0000000009E4: BEB1007E
	v_cmp_eq_u32_e32 vcc_lo, 0, v2                             // 0000000009E8: 7C940480
	s_and_b32 exec_lo, exec_lo, vcc_lo                         // 0000000009EC: 8B7E6A7E
	s_cbranch_execz 6                                          // 0000000009F0: BFA50006 <occ_kernel+0xa0c>
	v_mov_b32_e32 v11, 0x82a0                                  // 0000000009F4: 7E1602FF 000082A0
	v_mov_b32_e32 v14, -1                                      // 0000000009FC: 7E1C02C1
	ds_store_b32 v11, v14                                      // 000000000A00: D8340000 00000E0B
	s_wait_dscnt 0x0                                           // 000000000A08: BFC60000
	s_mov_b32 exec_lo, s49                                     // 000000000A0C: BEFE0031
	s_mov_b32 s49, exec_lo                                     // 000000000A10: BEB1007E
	v_cmp_eq_u32_e32 vcc_lo, 0, v2                             // 000000000A14: 7C940480
	s_and_b32 exec_lo, exec_lo, vcc_lo                         // 000000000A18: 8B7E6A7E
	s_cbranch_execz 6                                          // 000000000A1C: BFA50006 <occ_kernel+0xa38>
	v_mov_b32_e32 v11, 0x82a4                                  // 000000000A20: 7E1602FF 000082A4
	v_mov_b32_e32 v14, -1                                      // 000000000A28: 7E1C02C1
	ds_store_b32 v11, v14                                      // 000000000A2C: D8340000 00000E0B
	s_wait_dscnt 0x0                                           // 000000000A34: BFC60000
	s_mov_b32 exec_lo, s49                                     // 000000000A38: BEFE0031
	s_mov_b32 s49, exec_lo                                     // 000000000A3C: BEB1007E
	v_cmp_eq_u32_e32 vcc_lo, 0, v2                             // 000000000A40: 7C940480
	s_and_b32 exec_lo, exec_lo, vcc_lo                         // 000000000A44: 8B7E6A7E
	s_cbranch_execz 6                                          // 000000000A48: BFA50006 <occ_kernel+0xa64>
	v_mov_b32_e32 v11, 0x82a8                                  // 000000000A4C: 7E1602FF 000082A8
	v_mov_b32_e32 v14, -2.0                                    // 000000000A54: 7E1C02F5
	ds_store_b32 v11, v14                                      // 000000000A58: D8340000 00000E0B
	s_wait_dscnt 0x0                                           // 000000000A60: BFC60000
	s_mov_b32 exec_lo, s49                                     // 000000000A64: BEFE0031
	s_mov_b32 s49, exec_lo                                     // 000000000A68: BEB1007E
	v_cmp_eq_u32_e32 vcc_lo, 0, v2                             // 000000000A6C: 7C940480
	s_and_b32 exec_lo, exec_lo, vcc_lo                         // 000000000A70: 8B7E6A7E
	s_cbranch_execz 6                                          // 000000000A74: BFA50006 <occ_kernel+0xa90>
	v_mov_b32_e32 v11, 0x82ac                                  // 000000000A78: 7E1602FF 000082AC
	v_mov_b32_e32 v14, 0                                       // 000000000A80: 7E1C0280
	ds_store_b32 v11, v14                                      // 000000000A84: D8340000 00000E0B
	s_wait_dscnt 0x0                                           // 000000000A8C: BFC60000
	s_mov_b32 exec_lo, s49                                     // 000000000A90: BEFE0031
	s_mov_b32 s49, exec_lo                                     // 000000000A94: BEB1007E
	v_cmp_eq_u32_e32 vcc_lo, 0, v2                             // 000000000A98: 7C940480
	s_and_b32 exec_lo, exec_lo, vcc_lo                         // 000000000A9C: 8B7E6A7E
	s_cbranch_execz 6                                          // 000000000AA0: BFA50006 <occ_kernel+0xabc>
	v_mov_b32_e32 v11, 0x82b0                                  // 000000000AA4: 7E1602FF 000082B0
	v_mov_b32_e32 v14, 0                                       // 000000000AAC: 7E1C0280
	ds_store_b32 v11, v14                                      // 000000000AB0: D8340000 00000E0B
	s_wait_dscnt 0x0                                           // 000000000AB8: BFC60000
	s_mov_b32 exec_lo, s49                                     // 000000000ABC: BEFE0031
	s_mov_b32 s49, exec_lo                                     // 000000000AC0: BEB1007E
	v_cmp_eq_u32_e32 vcc_lo, 0, v2                             // 000000000AC4: 7C940480
	s_and_b32 exec_lo, exec_lo, vcc_lo                         // 000000000AC8: 8B7E6A7E
	s_cbranch_execz 6                                          // 000000000ACC: BFA50006 <occ_kernel+0xae8>
	v_mov_b32_e32 v11, 0x82b4                                  // 000000000AD0: 7E1602FF 000082B4
	v_mov_b32_e32 v14, 0                                       // 000000000AD8: 7E1C0280
	ds_store_b32 v11, v14                                      // 000000000ADC: D8340000 00000E0B
	s_wait_dscnt 0x0                                           // 000000000AE4: BFC60000
	s_mov_b32 exec_lo, s49                                     // 000000000AE8: BEFE0031
	s_mov_b32 s49, exec_lo                                     // 000000000AEC: BEB1007E
	v_cmp_eq_u32_e32 vcc_lo, 0, v2                             // 000000000AF0: 7C940480
	s_and_b32 exec_lo, exec_lo, vcc_lo                         // 000000000AF4: 8B7E6A7E
	s_cbranch_execz 6                                          // 000000000AF8: BFA50006 <occ_kernel+0xb14>
	v_mov_b32_e32 v11, 0x82b8                                  // 000000000AFC: 7E1602FF 000082B8
	v_mov_b32_e32 v14, 0                                       // 000000000B04: 7E1C0280
	ds_store_b32 v11, v14                                      // 000000000B08: D8340000 00000E0B
	s_wait_dscnt 0x0                                           // 000000000B10: BFC60000
	s_mov_b32 exec_lo, s49                                     // 000000000B14: BEFE0031
	s_mov_b32 s49, exec_lo                                     // 000000000B18: BEB1007E
	v_cmp_eq_u32_e32 vcc_lo, 0, v2                             // 000000000B1C: 7C940480
	s_and_b32 exec_lo, exec_lo, vcc_lo                         // 000000000B20: 8B7E6A7E
	s_cbranch_execz 6                                          // 000000000B24: BFA50006 <occ_kernel+0xb40>
	v_mov_b32_e32 v11, 0x82bc                                  // 000000000B28: 7E1602FF 000082BC
	v_mov_b32_e32 v14, 0                                       // 000000000B30: 7E1C0280
	ds_store_b32 v11, v14                                      // 000000000B34: D8340000 00000E0B
	s_wait_dscnt 0x0                                           // 000000000B3C: BFC60000
	s_mov_b32 exec_lo, s49                                     // 000000000B40: BEFE0031
	s_mov_b32 s49, exec_lo                                     // 000000000B44: BEB1007E
	v_cmp_eq_u32_e32 vcc_lo, 0, v2                             // 000000000B48: 7C940480
	s_and_b32 exec_lo, exec_lo, vcc_lo                         // 000000000B4C: 8B7E6A7E
	s_cbranch_execz 6                                          // 000000000B50: BFA50006 <occ_kernel+0xb6c>
	v_mov_b32_e32 v11, 0x82c0                                  // 000000000B54: 7E1602FF 000082C0
	v_mov_b32_e32 v14, -1                                      // 000000000B5C: 7E1C02C1
	ds_store_b32 v11, v14                                      // 000000000B60: D8340000 00000E0B
	s_wait_dscnt 0x0                                           // 000000000B68: BFC60000
	s_mov_b32 exec_lo, s49                                     // 000000000B6C: BEFE0031
	s_mov_b32 s49, exec_lo                                     // 000000000B70: BEB1007E
	v_cmp_eq_u32_e32 vcc_lo, 0, v2                             // 000000000B74: 7C940480
	s_and_b32 exec_lo, exec_lo, vcc_lo                         // 000000000B78: 8B7E6A7E
	s_cbranch_execz 6                                          // 000000000B7C: BFA50006 <occ_kernel+0xb98>
	v_mov_b32_e32 v11, 0x82c4                                  // 000000000B80: 7E1602FF 000082C4
	v_mov_b32_e32 v14, -1                                      // 000000000B88: 7E1C02C1
	ds_store_b32 v11, v14                                      // 000000000B8C: D8340000 00000E0B
	s_wait_dscnt 0x0                                           // 000000000B94: BFC60000
	s_mov_b32 exec_lo, s49                                     // 000000000B98: BEFE0031
	s_mov_b32 s49, exec_lo                                     // 000000000B9C: BEB1007E
	v_cmp_eq_u32_e32 vcc_lo, 0, v2                             // 000000000BA0: 7C940480
	s_and_b32 exec_lo, exec_lo, vcc_lo                         // 000000000BA4: 8B7E6A7E
	s_cbranch_execz 6                                          // 000000000BA8: BFA50006 <occ_kernel+0xbc4>
	v_mov_b32_e32 v11, 0x82c8                                  // 000000000BAC: 7E1602FF 000082C8
	v_mov_b32_e32 v14, -2.0                                    // 000000000BB4: 7E1C02F5
	ds_store_b32 v11, v14                                      // 000000000BB8: D8340000 00000E0B
	s_wait_dscnt 0x0                                           // 000000000BC0: BFC60000
	s_mov_b32 exec_lo, s49                                     // 000000000BC4: BEFE0031
	s_mov_b32 s49, exec_lo                                     // 000000000BC8: BEB1007E
	v_cmp_eq_u32_e32 vcc_lo, 0, v2                             // 000000000BCC: 7C940480
	s_and_b32 exec_lo, exec_lo, vcc_lo                         // 000000000BD0: 8B7E6A7E
	s_cbranch_execz 6                                          // 000000000BD4: BFA50006 <occ_kernel+0xbf0>
	v_mov_b32_e32 v11, 0x82cc                                  // 000000000BD8: 7E1602FF 000082CC
	v_mov_b32_e32 v14, 0                                       // 000000000BE0: 7E1C0280
	ds_store_b32 v11, v14                                      // 000000000BE4: D8340000 00000E0B
	s_wait_dscnt 0x0                                           // 000000000BEC: BFC60000
	s_mov_b32 exec_lo, s49                                     // 000000000BF0: BEFE0031
	s_mov_b32 s49, exec_lo                                     // 000000000BF4: BEB1007E
	v_cmp_eq_u32_e32 vcc_lo, 0, v2                             // 000000000BF8: 7C940480
	s_and_b32 exec_lo, exec_lo, vcc_lo                         // 000000000BFC: 8B7E6A7E
	s_cbranch_execz 6                                          // 000000000C00: BFA50006 <occ_kernel+0xc1c>
	v_mov_b32_e32 v11, 0x82d0                                  // 000000000C04: 7E1602FF 000082D0
	v_mov_b32_e32 v14, 0                                       // 000000000C0C: 7E1C0280
	ds_store_b32 v11, v14                                      // 000000000C10: D8340000 00000E0B
	s_wait_dscnt 0x0                                           // 000000000C18: BFC60000
	s_mov_b32 exec_lo, s49                                     // 000000000C1C: BEFE0031
	s_mov_b32 s49, exec_lo                                     // 000000000C20: BEB1007E
	v_cmp_eq_u32_e32 vcc_lo, 0, v2                             // 000000000C24: 7C940480
	s_and_b32 exec_lo, exec_lo, vcc_lo                         // 000000000C28: 8B7E6A7E
	s_cbranch_execz 6                                          // 000000000C2C: BFA50006 <occ_kernel+0xc48>
	v_mov_b32_e32 v11, 0x82d4                                  // 000000000C30: 7E1602FF 000082D4
	v_mov_b32_e32 v14, 0                                       // 000000000C38: 7E1C0280
	ds_store_b32 v11, v14                                      // 000000000C3C: D8340000 00000E0B
	s_wait_dscnt 0x0                                           // 000000000C44: BFC60000
	s_mov_b32 exec_lo, s49                                     // 000000000C48: BEFE0031
	s_mov_b32 s49, exec_lo                                     // 000000000C4C: BEB1007E
	v_cmp_eq_u32_e32 vcc_lo, 0, v2                             // 000000000C50: 7C940480
	s_and_b32 exec_lo, exec_lo, vcc_lo                         // 000000000C54: 8B7E6A7E
	s_cbranch_execz 6                                          // 000000000C58: BFA50006 <occ_kernel+0xc74>
	v_mov_b32_e32 v11, 0x82d8                                  // 000000000C5C: 7E1602FF 000082D8
	v_mov_b32_e32 v14, 0                                       // 000000000C64: 7E1C0280
	ds_store_b32 v11, v14                                      // 000000000C68: D8340000 00000E0B
	s_wait_dscnt 0x0                                           // 000000000C70: BFC60000
	s_mov_b32 exec_lo, s49                                     // 000000000C74: BEFE0031
	s_mov_b32 s49, exec_lo                                     // 000000000C78: BEB1007E
	v_cmp_eq_u32_e32 vcc_lo, 0, v2                             // 000000000C7C: 7C940480
	s_and_b32 exec_lo, exec_lo, vcc_lo                         // 000000000C80: 8B7E6A7E
	s_cbranch_execz 6                                          // 000000000C84: BFA50006 <occ_kernel+0xca0>
	v_mov_b32_e32 v11, 0x82dc                                  // 000000000C88: 7E1602FF 000082DC
	v_mov_b32_e32 v14, 0                                       // 000000000C90: 7E1C0280
	ds_store_b32 v11, v14                                      // 000000000C94: D8340000 00000E0B
	s_wait_dscnt 0x0                                           // 000000000C9C: BFC60000
	s_mov_b32 exec_lo, s49                                     // 000000000CA0: BEFE0031
	s_mov_b32 s49, exec_lo                                     // 000000000CA4: BEB1007E
	v_cmp_eq_u32_e32 vcc_lo, 0, v2                             // 000000000CA8: 7C940480
	s_and_b32 exec_lo, exec_lo, vcc_lo                         // 000000000CAC: 8B7E6A7E
	s_cbranch_execz 6                                          // 000000000CB0: BFA50006 <occ_kernel+0xccc>
	v_mov_b32_e32 v11, 0x82e0                                  // 000000000CB4: 7E1602FF 000082E0
	v_mov_b32_e32 v14, -1                                      // 000000000CBC: 7E1C02C1
	ds_store_b32 v11, v14                                      // 000000000CC0: D8340000 00000E0B
	s_wait_dscnt 0x0                                           // 000000000CC8: BFC60000
	s_mov_b32 exec_lo, s49                                     // 000000000CCC: BEFE0031
	s_mov_b32 s49, exec_lo                                     // 000000000CD0: BEB1007E
	v_cmp_eq_u32_e32 vcc_lo, 0, v2                             // 000000000CD4: 7C940480
	s_and_b32 exec_lo, exec_lo, vcc_lo                         // 000000000CD8: 8B7E6A7E
	s_cbranch_execz 6                                          // 000000000CDC: BFA50006 <occ_kernel+0xcf8>
	v_mov_b32_e32 v11, 0x82e4                                  // 000000000CE0: 7E1602FF 000082E4
	v_mov_b32_e32 v14, -1                                      // 000000000CE8: 7E1C02C1
	ds_store_b32 v11, v14                                      // 000000000CEC: D8340000 00000E0B
	s_wait_dscnt 0x0                                           // 000000000CF4: BFC60000
	s_mov_b32 exec_lo, s49                                     // 000000000CF8: BEFE0031
	s_mov_b32 s49, exec_lo                                     // 000000000CFC: BEB1007E
	v_cmp_eq_u32_e32 vcc_lo, 0, v2                             // 000000000D00: 7C940480
	s_and_b32 exec_lo, exec_lo, vcc_lo                         // 000000000D04: 8B7E6A7E
	s_cbranch_execz 6                                          // 000000000D08: BFA50006 <occ_kernel+0xd24>
	v_mov_b32_e32 v11, 0x82e8                                  // 000000000D0C: 7E1602FF 000082E8
	v_mov_b32_e32 v14, -2.0                                    // 000000000D14: 7E1C02F5
	ds_store_b32 v11, v14                                      // 000000000D18: D8340000 00000E0B
	s_wait_dscnt 0x0                                           // 000000000D20: BFC60000
	s_mov_b32 exec_lo, s49                                     // 000000000D24: BEFE0031
	s_mov_b32 s49, exec_lo                                     // 000000000D28: BEB1007E
	v_cmp_eq_u32_e32 vcc_lo, 0, v2                             // 000000000D2C: 7C940480
	s_and_b32 exec_lo, exec_lo, vcc_lo                         // 000000000D30: 8B7E6A7E
	s_cbranch_execz 6                                          // 000000000D34: BFA50006 <occ_kernel+0xd50>
	v_mov_b32_e32 v11, 0x82ec                                  // 000000000D38: 7E1602FF 000082EC
	v_mov_b32_e32 v14, 0                                       // 000000000D40: 7E1C0280
	ds_store_b32 v11, v14                                      // 000000000D44: D8340000 00000E0B
	s_wait_dscnt 0x0                                           // 000000000D4C: BFC60000
	s_mov_b32 exec_lo, s49                                     // 000000000D50: BEFE0031
	s_mov_b32 s49, exec_lo                                     // 000000000D54: BEB1007E
	v_cmp_eq_u32_e32 vcc_lo, 0, v2                             // 000000000D58: 7C940480
	s_and_b32 exec_lo, exec_lo, vcc_lo                         // 000000000D5C: 8B7E6A7E
	s_cbranch_execz 6                                          // 000000000D60: BFA50006 <occ_kernel+0xd7c>
	v_mov_b32_e32 v11, 0x82f0                                  // 000000000D64: 7E1602FF 000082F0
	v_mov_b32_e32 v14, 0                                       // 000000000D6C: 7E1C0280
	ds_store_b32 v11, v14                                      // 000000000D70: D8340000 00000E0B
	s_wait_dscnt 0x0                                           // 000000000D78: BFC60000
	s_mov_b32 exec_lo, s49                                     // 000000000D7C: BEFE0031
	s_mov_b32 s49, exec_lo                                     // 000000000D80: BEB1007E
	v_cmp_eq_u32_e32 vcc_lo, 0, v2                             // 000000000D84: 7C940480
	s_and_b32 exec_lo, exec_lo, vcc_lo                         // 000000000D88: 8B7E6A7E
	s_cbranch_execz 6                                          // 000000000D8C: BFA50006 <occ_kernel+0xda8>
	v_mov_b32_e32 v11, 0x82f4                                  // 000000000D90: 7E1602FF 000082F4
	v_mov_b32_e32 v14, 0                                       // 000000000D98: 7E1C0280
	ds_store_b32 v11, v14                                      // 000000000D9C: D8340000 00000E0B
	s_wait_dscnt 0x0                                           // 000000000DA4: BFC60000
	s_mov_b32 exec_lo, s49                                     // 000000000DA8: BEFE0031
	s_mov_b32 s49, exec_lo                                     // 000000000DAC: BEB1007E
	v_cmp_eq_u32_e32 vcc_lo, 0, v2                             // 000000000DB0: 7C940480
	s_and_b32 exec_lo, exec_lo, vcc_lo                         // 000000000DB4: 8B7E6A7E
	s_cbranch_execz 6                                          // 000000000DB8: BFA50006 <occ_kernel+0xdd4>
	v_mov_b32_e32 v11, 0x82f8                                  // 000000000DBC: 7E1602FF 000082F8
	v_mov_b32_e32 v14, 0                                       // 000000000DC4: 7E1C0280
	ds_store_b32 v11, v14                                      // 000000000DC8: D8340000 00000E0B
	s_wait_dscnt 0x0                                           // 000000000DD0: BFC60000
	s_mov_b32 exec_lo, s49                                     // 000000000DD4: BEFE0031
	s_mov_b32 s49, exec_lo                                     // 000000000DD8: BEB1007E
	v_cmp_eq_u32_e32 vcc_lo, 0, v2                             // 000000000DDC: 7C940480
	s_and_b32 exec_lo, exec_lo, vcc_lo                         // 000000000DE0: 8B7E6A7E
	s_cbranch_execz 6                                          // 000000000DE4: BFA50006 <occ_kernel+0xe00>
	v_mov_b32_e32 v11, 0x82fc                                  // 000000000DE8: 7E1602FF 000082FC
	v_mov_b32_e32 v14, 0                                       // 000000000DF0: 7E1C0280
	ds_store_b32 v11, v14                                      // 000000000DF4: D8340000 00000E0B
	s_wait_dscnt 0x0                                           // 000000000DFC: BFC60000
	s_mov_b32 exec_lo, s49                                     // 000000000E00: BEFE0031
	s_mov_b32 s49, exec_lo                                     // 000000000E04: BEB1007E
	v_cmp_eq_u32_e32 vcc_lo, 0, v2                             // 000000000E08: 7C940480
	s_and_b32 exec_lo, exec_lo, vcc_lo                         // 000000000E0C: 8B7E6A7E
	s_cbranch_execz 6                                          // 000000000E10: BFA50006 <occ_kernel+0xe2c>
	v_mov_b32_e32 v11, 0x8300                                  // 000000000E14: 7E1602FF 00008300
	v_mov_b32_e32 v14, -1                                      // 000000000E1C: 7E1C02C1
	ds_store_b32 v11, v14                                      // 000000000E20: D8340000 00000E0B
	s_wait_dscnt 0x0                                           // 000000000E28: BFC60000
	s_mov_b32 exec_lo, s49                                     // 000000000E2C: BEFE0031
	s_mov_b32 s49, exec_lo                                     // 000000000E30: BEB1007E
	v_cmp_eq_u32_e32 vcc_lo, 0, v2                             // 000000000E34: 7C940480
	s_and_b32 exec_lo, exec_lo, vcc_lo                         // 000000000E38: 8B7E6A7E
	s_cbranch_execz 6                                          // 000000000E3C: BFA50006 <occ_kernel+0xe58>
	v_mov_b32_e32 v11, 0x8304                                  // 000000000E40: 7E1602FF 00008304
	v_mov_b32_e32 v14, -1                                      // 000000000E48: 7E1C02C1
	ds_store_b32 v11, v14                                      // 000000000E4C: D8340000 00000E0B
	s_wait_dscnt 0x0                                           // 000000000E54: BFC60000
	s_mov_b32 exec_lo, s49                                     // 000000000E58: BEFE0031
	s_mov_b32 s49, exec_lo                                     // 000000000E5C: BEB1007E
	v_cmp_eq_u32_e32 vcc_lo, 0, v2                             // 000000000E60: 7C940480
	s_and_b32 exec_lo, exec_lo, vcc_lo                         // 000000000E64: 8B7E6A7E
	s_cbranch_execz 6                                          // 000000000E68: BFA50006 <occ_kernel+0xe84>
	v_mov_b32_e32 v11, 0x8308                                  // 000000000E6C: 7E1602FF 00008308
	v_mov_b32_e32 v14, -2.0                                    // 000000000E74: 7E1C02F5
	ds_store_b32 v11, v14                                      // 000000000E78: D8340000 00000E0B
	s_wait_dscnt 0x0                                           // 000000000E80: BFC60000
	s_mov_b32 exec_lo, s49                                     // 000000000E84: BEFE0031
	s_mov_b32 s49, exec_lo                                     // 000000000E88: BEB1007E
	v_cmp_eq_u32_e32 vcc_lo, 0, v2                             // 000000000E8C: 7C940480
	s_and_b32 exec_lo, exec_lo, vcc_lo                         // 000000000E90: 8B7E6A7E
	s_cbranch_execz 6                                          // 000000000E94: BFA50006 <occ_kernel+0xeb0>
	v_mov_b32_e32 v11, 0x830c                                  // 000000000E98: 7E1602FF 0000830C
	v_mov_b32_e32 v14, 0                                       // 000000000EA0: 7E1C0280
	ds_store_b32 v11, v14                                      // 000000000EA4: D8340000 00000E0B
	s_wait_dscnt 0x0                                           // 000000000EAC: BFC60000
	s_mov_b32 exec_lo, s49                                     // 000000000EB0: BEFE0031
	s_mov_b32 s49, exec_lo                                     // 000000000EB4: BEB1007E
	v_cmp_eq_u32_e32 vcc_lo, 0, v2                             // 000000000EB8: 7C940480
	s_and_b32 exec_lo, exec_lo, vcc_lo                         // 000000000EBC: 8B7E6A7E
	s_cbranch_execz 6                                          // 000000000EC0: BFA50006 <occ_kernel+0xedc>
	v_mov_b32_e32 v11, 0x8310                                  // 000000000EC4: 7E1602FF 00008310
	v_mov_b32_e32 v14, 0                                       // 000000000ECC: 7E1C0280
	ds_store_b32 v11, v14                                      // 000000000ED0: D8340000 00000E0B
	s_wait_dscnt 0x0                                           // 000000000ED8: BFC60000
	s_mov_b32 exec_lo, s49                                     // 000000000EDC: BEFE0031
	s_mov_b32 s49, exec_lo                                     // 000000000EE0: BEB1007E
	v_cmp_eq_u32_e32 vcc_lo, 0, v2                             // 000000000EE4: 7C940480
	s_and_b32 exec_lo, exec_lo, vcc_lo                         // 000000000EE8: 8B7E6A7E
	s_cbranch_execz 6                                          // 000000000EEC: BFA50006 <occ_kernel+0xf08>
	v_mov_b32_e32 v11, 0x8314                                  // 000000000EF0: 7E1602FF 00008314
	v_mov_b32_e32 v14, 0                                       // 000000000EF8: 7E1C0280
	ds_store_b32 v11, v14                                      // 000000000EFC: D8340000 00000E0B
	s_wait_dscnt 0x0                                           // 000000000F04: BFC60000
	s_mov_b32 exec_lo, s49                                     // 000000000F08: BEFE0031
	s_mov_b32 s49, exec_lo                                     // 000000000F0C: BEB1007E
	v_cmp_eq_u32_e32 vcc_lo, 0, v2                             // 000000000F10: 7C940480
	s_and_b32 exec_lo, exec_lo, vcc_lo                         // 000000000F14: 8B7E6A7E
	s_cbranch_execz 6                                          // 000000000F18: BFA50006 <occ_kernel+0xf34>
	v_mov_b32_e32 v11, 0x8318                                  // 000000000F1C: 7E1602FF 00008318
	v_mov_b32_e32 v14, 0                                       // 000000000F24: 7E1C0280
	ds_store_b32 v11, v14                                      // 000000000F28: D8340000 00000E0B
	s_wait_dscnt 0x0                                           // 000000000F30: BFC60000
	s_mov_b32 exec_lo, s49                                     // 000000000F34: BEFE0031
	s_mov_b32 s49, exec_lo                                     // 000000000F38: BEB1007E
	v_cmp_eq_u32_e32 vcc_lo, 0, v2                             // 000000000F3C: 7C940480
	s_and_b32 exec_lo, exec_lo, vcc_lo                         // 000000000F40: 8B7E6A7E
	s_cbranch_execz 6                                          // 000000000F44: BFA50006 <occ_kernel+0xf60>
	v_mov_b32_e32 v11, 0x831c                                  // 000000000F48: 7E1602FF 0000831C
	v_mov_b32_e32 v14, 0                                       // 000000000F50: 7E1C0280
	ds_store_b32 v11, v14                                      // 000000000F54: D8340000 00000E0B
	s_wait_dscnt 0x0                                           // 000000000F5C: BFC60000
	s_mov_b32 exec_lo, s49                                     // 000000000F60: BEFE0031
	s_mov_b32 s49, exec_lo                                     // 000000000F64: BEB1007E
	v_cmp_eq_u32_e32 vcc_lo, 0, v2                             // 000000000F68: 7C940480
	s_and_b32 exec_lo, exec_lo, vcc_lo                         // 000000000F6C: 8B7E6A7E
	s_cbranch_execz 6                                          // 000000000F70: BFA50006 <occ_kernel+0xf8c>
	v_mov_b32_e32 v11, 0x8320                                  // 000000000F74: 7E1602FF 00008320
	v_mov_b32_e32 v14, -1                                      // 000000000F7C: 7E1C02C1
	ds_store_b32 v11, v14                                      // 000000000F80: D8340000 00000E0B
	s_wait_dscnt 0x0                                           // 000000000F88: BFC60000
	s_mov_b32 exec_lo, s49                                     // 000000000F8C: BEFE0031
	s_mov_b32 s49, exec_lo                                     // 000000000F90: BEB1007E
	v_cmp_eq_u32_e32 vcc_lo, 0, v2                             // 000000000F94: 7C940480
	s_and_b32 exec_lo, exec_lo, vcc_lo                         // 000000000F98: 8B7E6A7E
	s_cbranch_execz 6                                          // 000000000F9C: BFA50006 <occ_kernel+0xfb8>
	v_mov_b32_e32 v11, 0x8324                                  // 000000000FA0: 7E1602FF 00008324
	v_mov_b32_e32 v14, -1                                      // 000000000FA8: 7E1C02C1
	ds_store_b32 v11, v14                                      // 000000000FAC: D8340000 00000E0B
	s_wait_dscnt 0x0                                           // 000000000FB4: BFC60000
	s_mov_b32 exec_lo, s49                                     // 000000000FB8: BEFE0031
	s_mov_b32 s49, exec_lo                                     // 000000000FBC: BEB1007E
	v_cmp_eq_u32_e32 vcc_lo, 0, v2                             // 000000000FC0: 7C940480
	s_and_b32 exec_lo, exec_lo, vcc_lo                         // 000000000FC4: 8B7E6A7E
	s_cbranch_execz 6                                          // 000000000FC8: BFA50006 <occ_kernel+0xfe4>
	v_mov_b32_e32 v11, 0x8328                                  // 000000000FCC: 7E1602FF 00008328
	v_mov_b32_e32 v14, -2.0                                    // 000000000FD4: 7E1C02F5
	ds_store_b32 v11, v14                                      // 000000000FD8: D8340000 00000E0B
	s_wait_dscnt 0x0                                           // 000000000FE0: BFC60000
	s_mov_b32 exec_lo, s49                                     // 000000000FE4: BEFE0031
	s_mov_b32 s49, exec_lo                                     // 000000000FE8: BEB1007E
	v_cmp_eq_u32_e32 vcc_lo, 0, v2                             // 000000000FEC: 7C940480
	s_and_b32 exec_lo, exec_lo, vcc_lo                         // 000000000FF0: 8B7E6A7E
	s_cbranch_execz 6                                          // 000000000FF4: BFA50006 <occ_kernel+0x1010>
	v_mov_b32_e32 v11, 0x832c                                  // 000000000FF8: 7E1602FF 0000832C
	v_mov_b32_e32 v14, 0                                       // 000000001000: 7E1C0280
	ds_store_b32 v11, v14                                      // 000000001004: D8340000 00000E0B
	s_wait_dscnt 0x0                                           // 00000000100C: BFC60000
	s_mov_b32 exec_lo, s49                                     // 000000001010: BEFE0031
	s_mov_b32 s49, exec_lo                                     // 000000001014: BEB1007E
	v_cmp_eq_u32_e32 vcc_lo, 0, v2                             // 000000001018: 7C940480
	s_and_b32 exec_lo, exec_lo, vcc_lo                         // 00000000101C: 8B7E6A7E
	s_cbranch_execz 6                                          // 000000001020: BFA50006 <occ_kernel+0x103c>
	v_mov_b32_e32 v11, 0x8330                                  // 000000001024: 7E1602FF 00008330
	v_mov_b32_e32 v14, 0                                       // 00000000102C: 7E1C0280
	ds_store_b32 v11, v14                                      // 000000001030: D8340000 00000E0B
	s_wait_dscnt 0x0                                           // 000000001038: BFC60000
	s_mov_b32 exec_lo, s49                                     // 00000000103C: BEFE0031
	s_mov_b32 s49, exec_lo                                     // 000000001040: BEB1007E
	v_cmp_eq_u32_e32 vcc_lo, 0, v2                             // 000000001044: 7C940480
	s_and_b32 exec_lo, exec_lo, vcc_lo                         // 000000001048: 8B7E6A7E
	s_cbranch_execz 6                                          // 00000000104C: BFA50006 <occ_kernel+0x1068>
	v_mov_b32_e32 v11, 0x8334                                  // 000000001050: 7E1602FF 00008334
	v_mov_b32_e32 v14, 0                                       // 000000001058: 7E1C0280
	ds_store_b32 v11, v14                                      // 00000000105C: D8340000 00000E0B
	s_wait_dscnt 0x0                                           // 000000001064: BFC60000
	s_mov_b32 exec_lo, s49                                     // 000000001068: BEFE0031
	s_mov_b32 s49, exec_lo                                     // 00000000106C: BEB1007E
	v_cmp_eq_u32_e32 vcc_lo, 0, v2                             // 000000001070: 7C940480
	s_and_b32 exec_lo, exec_lo, vcc_lo                         // 000000001074: 8B7E6A7E
	s_cbranch_execz 6                                          // 000000001078: BFA50006 <occ_kernel+0x1094>
	v_mov_b32_e32 v11, 0x8338                                  // 00000000107C: 7E1602FF 00008338
	v_mov_b32_e32 v14, 0                                       // 000000001084: 7E1C0280
	ds_store_b32 v11, v14                                      // 000000001088: D8340000 00000E0B
	s_wait_dscnt 0x0                                           // 000000001090: BFC60000
	s_mov_b32 exec_lo, s49                                     // 000000001094: BEFE0031
	s_mov_b32 s49, exec_lo                                     // 000000001098: BEB1007E
	v_cmp_eq_u32_e32 vcc_lo, 0, v2                             // 00000000109C: 7C940480
	s_and_b32 exec_lo, exec_lo, vcc_lo                         // 0000000010A0: 8B7E6A7E
	s_cbranch_execz 6                                          // 0000000010A4: BFA50006 <occ_kernel+0x10c0>
	v_mov_b32_e32 v11, 0x833c                                  // 0000000010A8: 7E1602FF 0000833C
	v_mov_b32_e32 v14, 0                                       // 0000000010B0: 7E1C0280
	ds_store_b32 v11, v14                                      // 0000000010B4: D8340000 00000E0B
	s_wait_dscnt 0x0                                           // 0000000010BC: BFC60000
	s_mov_b32 exec_lo, s49                                     // 0000000010C0: BEFE0031
	s_mov_b32 s49, exec_lo                                     // 0000000010C4: BEB1007E
	v_cmp_eq_u32_e32 vcc_lo, 0, v2                             // 0000000010C8: 7C940480
	s_and_b32 exec_lo, exec_lo, vcc_lo                         // 0000000010CC: 8B7E6A7E
	s_cbranch_execz 6                                          // 0000000010D0: BFA50006 <occ_kernel+0x10ec>
	v_mov_b32_e32 v11, 0x8340                                  // 0000000010D4: 7E1602FF 00008340
	v_mov_b32_e32 v14, -1                                      // 0000000010DC: 7E1C02C1
	ds_store_b32 v11, v14                                      // 0000000010E0: D8340000 00000E0B
	s_wait_dscnt 0x0                                           // 0000000010E8: BFC60000
	s_mov_b32 exec_lo, s49                                     // 0000000010EC: BEFE0031
	s_mov_b32 s49, exec_lo                                     // 0000000010F0: BEB1007E
	v_cmp_eq_u32_e32 vcc_lo, 0, v2                             // 0000000010F4: 7C940480
	s_and_b32 exec_lo, exec_lo, vcc_lo                         // 0000000010F8: 8B7E6A7E
	s_cbranch_execz 6                                          // 0000000010FC: BFA50006 <occ_kernel+0x1118>
	v_mov_b32_e32 v11, 0x8344                                  // 000000001100: 7E1602FF 00008344
	v_mov_b32_e32 v14, -1                                      // 000000001108: 7E1C02C1
	ds_store_b32 v11, v14                                      // 00000000110C: D8340000 00000E0B
	s_wait_dscnt 0x0                                           // 000000001114: BFC60000
	s_mov_b32 exec_lo, s49                                     // 000000001118: BEFE0031
	s_mov_b32 s49, exec_lo                                     // 00000000111C: BEB1007E
	v_cmp_eq_u32_e32 vcc_lo, 0, v2                             // 000000001120: 7C940480
	s_and_b32 exec_lo, exec_lo, vcc_lo                         // 000000001124: 8B7E6A7E
	s_cbranch_execz 6                                          // 000000001128: BFA50006 <occ_kernel+0x1144>
	v_mov_b32_e32 v11, 0x8348                                  // 00000000112C: 7E1602FF 00008348
	v_mov_b32_e32 v14, -2.0                                    // 000000001134: 7E1C02F5
	ds_store_b32 v11, v14                                      // 000000001138: D8340000 00000E0B
	s_wait_dscnt 0x0                                           // 000000001140: BFC60000
	s_mov_b32 exec_lo, s49                                     // 000000001144: BEFE0031
	s_mov_b32 s49, exec_lo                                     // 000000001148: BEB1007E
	v_cmp_eq_u32_e32 vcc_lo, 0, v2                             // 00000000114C: 7C940480
	s_and_b32 exec_lo, exec_lo, vcc_lo                         // 000000001150: 8B7E6A7E
	s_cbranch_execz 6                                          // 000000001154: BFA50006 <occ_kernel+0x1170>
	v_mov_b32_e32 v11, 0x834c                                  // 000000001158: 7E1602FF 0000834C
	v_mov_b32_e32 v14, 0                                       // 000000001160: 7E1C0280
	ds_store_b32 v11, v14                                      // 000000001164: D8340000 00000E0B
	s_wait_dscnt 0x0                                           // 00000000116C: BFC60000
	s_mov_b32 exec_lo, s49                                     // 000000001170: BEFE0031
	s_mov_b32 s49, exec_lo                                     // 000000001174: BEB1007E
	v_cmp_eq_u32_e32 vcc_lo, 0, v2                             // 000000001178: 7C940480
	s_and_b32 exec_lo, exec_lo, vcc_lo                         // 00000000117C: 8B7E6A7E
	s_cbranch_execz 6                                          // 000000001180: BFA50006 <occ_kernel+0x119c>
	v_mov_b32_e32 v11, 0x8350                                  // 000000001184: 7E1602FF 00008350
	v_mov_b32_e32 v14, 0                                       // 00000000118C: 7E1C0280
	ds_store_b32 v11, v14                                      // 000000001190: D8340000 00000E0B
	s_wait_dscnt 0x0                                           // 000000001198: BFC60000
	s_mov_b32 exec_lo, s49                                     // 00000000119C: BEFE0031
	s_mov_b32 s49, exec_lo                                     // 0000000011A0: BEB1007E
	v_cmp_eq_u32_e32 vcc_lo, 0, v2                             // 0000000011A4: 7C940480
	s_and_b32 exec_lo, exec_lo, vcc_lo                         // 0000000011A8: 8B7E6A7E
	s_cbranch_execz 6                                          // 0000000011AC: BFA50006 <occ_kernel+0x11c8>
	v_mov_b32_e32 v11, 0x8354                                  // 0000000011B0: 7E1602FF 00008354
	v_mov_b32_e32 v14, 0                                       // 0000000011B8: 7E1C0280
	ds_store_b32 v11, v14                                      // 0000000011BC: D8340000 00000E0B
	s_wait_dscnt 0x0                                           // 0000000011C4: BFC60000
	s_mov_b32 exec_lo, s49                                     // 0000000011C8: BEFE0031
	s_mov_b32 s49, exec_lo                                     // 0000000011CC: BEB1007E
	v_cmp_eq_u32_e32 vcc_lo, 0, v2                             // 0000000011D0: 7C940480
	s_and_b32 exec_lo, exec_lo, vcc_lo                         // 0000000011D4: 8B7E6A7E
	s_cbranch_execz 6                                          // 0000000011D8: BFA50006 <occ_kernel+0x11f4>
	v_mov_b32_e32 v11, 0x8358                                  // 0000000011DC: 7E1602FF 00008358
	v_mov_b32_e32 v14, 0                                       // 0000000011E4: 7E1C0280
	ds_store_b32 v11, v14                                      // 0000000011E8: D8340000 00000E0B
	s_wait_dscnt 0x0                                           // 0000000011F0: BFC60000
	s_mov_b32 exec_lo, s49                                     // 0000000011F4: BEFE0031
	s_mov_b32 s49, exec_lo                                     // 0000000011F8: BEB1007E
	v_cmp_eq_u32_e32 vcc_lo, 0, v2                             // 0000000011FC: 7C940480
	s_and_b32 exec_lo, exec_lo, vcc_lo                         // 000000001200: 8B7E6A7E
	s_cbranch_execz 6                                          // 000000001204: BFA50006 <occ_kernel+0x1220>
	v_mov_b32_e32 v11, 0x835c                                  // 000000001208: 7E1602FF 0000835C
	v_mov_b32_e32 v14, 0                                       // 000000001210: 7E1C0280
	ds_store_b32 v11, v14                                      // 000000001214: D8340000 00000E0B
	s_wait_dscnt 0x0                                           // 00000000121C: BFC60000
	s_mov_b32 exec_lo, s49                                     // 000000001220: BEFE0031
	s_mov_b32 s49, exec_lo                                     // 000000001224: BEB1007E
	v_cmp_eq_u32_e32 vcc_lo, 0, v2                             // 000000001228: 7C940480
	s_and_b32 exec_lo, exec_lo, vcc_lo                         // 00000000122C: 8B7E6A7E
	s_cbranch_execz 6                                          // 000000001230: BFA50006 <occ_kernel+0x124c>
	v_mov_b32_e32 v11, 0x8360                                  // 000000001234: 7E1602FF 00008360
	v_mov_b32_e32 v14, -1                                      // 00000000123C: 7E1C02C1
	ds_store_b32 v11, v14                                      // 000000001240: D8340000 00000E0B
	s_wait_dscnt 0x0                                           // 000000001248: BFC60000
	s_mov_b32 exec_lo, s49                                     // 00000000124C: BEFE0031
	s_mov_b32 s49, exec_lo                                     // 000000001250: BEB1007E
	v_cmp_eq_u32_e32 vcc_lo, 0, v2                             // 000000001254: 7C940480
	s_and_b32 exec_lo, exec_lo, vcc_lo                         // 000000001258: 8B7E6A7E
	s_cbranch_execz 6                                          // 00000000125C: BFA50006 <occ_kernel+0x1278>
	v_mov_b32_e32 v11, 0x8364                                  // 000000001260: 7E1602FF 00008364
	v_mov_b32_e32 v14, -1                                      // 000000001268: 7E1C02C1
	ds_store_b32 v11, v14                                      // 00000000126C: D8340000 00000E0B
	s_wait_dscnt 0x0                                           // 000000001274: BFC60000
	s_mov_b32 exec_lo, s49                                     // 000000001278: BEFE0031
	s_mov_b32 s49, exec_lo                                     // 00000000127C: BEB1007E
	v_cmp_eq_u32_e32 vcc_lo, 0, v2                             // 000000001280: 7C940480
	s_and_b32 exec_lo, exec_lo, vcc_lo                         // 000000001284: 8B7E6A7E
	s_cbranch_execz 6                                          // 000000001288: BFA50006 <occ_kernel+0x12a4>
	v_mov_b32_e32 v11, 0x8368                                  // 00000000128C: 7E1602FF 00008368
	v_mov_b32_e32 v14, -2.0                                    // 000000001294: 7E1C02F5
	ds_store_b32 v11, v14                                      // 000000001298: D8340000 00000E0B
	s_wait_dscnt 0x0                                           // 0000000012A0: BFC60000
	s_mov_b32 exec_lo, s49                                     // 0000000012A4: BEFE0031
	s_mov_b32 s49, exec_lo                                     // 0000000012A8: BEB1007E
	v_cmp_eq_u32_e32 vcc_lo, 0, v2                             // 0000000012AC: 7C940480
	s_and_b32 exec_lo, exec_lo, vcc_lo                         // 0000000012B0: 8B7E6A7E
	s_cbranch_execz 6                                          // 0000000012B4: BFA50006 <occ_kernel+0x12d0>
	v_mov_b32_e32 v11, 0x836c                                  // 0000000012B8: 7E1602FF 0000836C
	v_mov_b32_e32 v14, 0                                       // 0000000012C0: 7E1C0280
	ds_store_b32 v11, v14                                      // 0000000012C4: D8340000 00000E0B
	s_wait_dscnt 0x0                                           // 0000000012CC: BFC60000
	s_mov_b32 exec_lo, s49                                     // 0000000012D0: BEFE0031
	s_mov_b32 s49, exec_lo                                     // 0000000012D4: BEB1007E
	v_cmp_eq_u32_e32 vcc_lo, 0, v2                             // 0000000012D8: 7C940480
	s_and_b32 exec_lo, exec_lo, vcc_lo                         // 0000000012DC: 8B7E6A7E
	s_cbranch_execz 6                                          // 0000000012E0: BFA50006 <occ_kernel+0x12fc>
	v_mov_b32_e32 v11, 0x8370                                  // 0000000012E4: 7E1602FF 00008370
	v_mov_b32_e32 v14, 0                                       // 0000000012EC: 7E1C0280
	ds_store_b32 v11, v14                                      // 0000000012F0: D8340000 00000E0B
	s_wait_dscnt 0x0                                           // 0000000012F8: BFC60000
	s_mov_b32 exec_lo, s49                                     // 0000000012FC: BEFE0031
	s_mov_b32 s49, exec_lo                                     // 000000001300: BEB1007E
	v_cmp_eq_u32_e32 vcc_lo, 0, v2                             // 000000001304: 7C940480
	s_and_b32 exec_lo, exec_lo, vcc_lo                         // 000000001308: 8B7E6A7E
	s_cbranch_execz 6                                          // 00000000130C: BFA50006 <occ_kernel+0x1328>
	v_mov_b32_e32 v11, 0x8374                                  // 000000001310: 7E1602FF 00008374
	v_mov_b32_e32 v14, 0                                       // 000000001318: 7E1C0280
	ds_store_b32 v11, v14                                      // 00000000131C: D8340000 00000E0B
	s_wait_dscnt 0x0                                           // 000000001324: BFC60000
	s_mov_b32 exec_lo, s49                                     // 000000001328: BEFE0031
	s_mov_b32 s49, exec_lo                                     // 00000000132C: BEB1007E
	v_cmp_eq_u32_e32 vcc_lo, 0, v2                             // 000000001330: 7C940480
	s_and_b32 exec_lo, exec_lo, vcc_lo                         // 000000001334: 8B7E6A7E
	s_cbranch_execz 6                                          // 000000001338: BFA50006 <occ_kernel+0x1354>
	v_mov_b32_e32 v11, 0x8378                                  // 00000000133C: 7E1602FF 00008378
	v_mov_b32_e32 v14, 0                                       // 000000001344: 7E1C0280
	ds_store_b32 v11, v14                                      // 000000001348: D8340000 00000E0B
	s_wait_dscnt 0x0                                           // 000000001350: BFC60000
	s_mov_b32 exec_lo, s49                                     // 000000001354: BEFE0031
	s_mov_b32 s49, exec_lo                                     // 000000001358: BEB1007E
	v_cmp_eq_u32_e32 vcc_lo, 0, v2                             // 00000000135C: 7C940480
	s_and_b32 exec_lo, exec_lo, vcc_lo                         // 000000001360: 8B7E6A7E
	s_cbranch_execz 6                                          // 000000001364: BFA50006 <occ_kernel+0x1380>
	v_mov_b32_e32 v11, 0x837c                                  // 000000001368: 7E1602FF 0000837C
	v_mov_b32_e32 v14, 0                                       // 000000001370: 7E1C0280
	ds_store_b32 v11, v14                                      // 000000001374: D8340000 00000E0B
	s_wait_dscnt 0x0                                           // 00000000137C: BFC60000
	s_mov_b32 exec_lo, s49                                     // 000000001380: BEFE0031
	s_mov_b32 s49, exec_lo                                     // 000000001384: BEB1007E
	v_cmp_eq_u32_e32 vcc_lo, 0, v2                             // 000000001388: 7C940480
	s_and_b32 exec_lo, exec_lo, vcc_lo                         // 00000000138C: 8B7E6A7E
	s_cbranch_execz 6                                          // 000000001390: BFA50006 <occ_kernel+0x13ac>
	v_mov_b32_e32 v11, 0x8380                                  // 000000001394: 7E1602FF 00008380
	v_mov_b32_e32 v14, -1                                      // 00000000139C: 7E1C02C1
	ds_store_b32 v11, v14                                      // 0000000013A0: D8340000 00000E0B
	s_wait_dscnt 0x0                                           // 0000000013A8: BFC60000
	s_mov_b32 exec_lo, s49                                     // 0000000013AC: BEFE0031
	s_mov_b32 s49, exec_lo                                     // 0000000013B0: BEB1007E
	v_cmp_eq_u32_e32 vcc_lo, 0, v2                             // 0000000013B4: 7C940480
	s_and_b32 exec_lo, exec_lo, vcc_lo                         // 0000000013B8: 8B7E6A7E
	s_cbranch_execz 6                                          // 0000000013BC: BFA50006 <occ_kernel+0x13d8>
	v_mov_b32_e32 v11, 0x8384                                  // 0000000013C0: 7E1602FF 00008384
	v_mov_b32_e32 v14, -1                                      // 0000000013C8: 7E1C02C1
	ds_store_b32 v11, v14                                      // 0000000013CC: D8340000 00000E0B
	s_wait_dscnt 0x0                                           // 0000000013D4: BFC60000
	s_mov_b32 exec_lo, s49                                     // 0000000013D8: BEFE0031
	s_mov_b32 s49, exec_lo                                     // 0000000013DC: BEB1007E
	v_cmp_eq_u32_e32 vcc_lo, 0, v2                             // 0000000013E0: 7C940480
	s_and_b32 exec_lo, exec_lo, vcc_lo                         // 0000000013E4: 8B7E6A7E
	s_cbranch_execz 6                                          // 0000000013E8: BFA50006 <occ_kernel+0x1404>
	v_mov_b32_e32 v11, 0x8388                                  // 0000000013EC: 7E1602FF 00008388
	v_mov_b32_e32 v14, -2.0                                    // 0000000013F4: 7E1C02F5
	ds_store_b32 v11, v14                                      // 0000000013F8: D8340000 00000E0B
	s_wait_dscnt 0x0                                           // 000000001400: BFC60000
	s_mov_b32 exec_lo, s49                                     // 000000001404: BEFE0031
	s_mov_b32 s49, exec_lo                                     // 000000001408: BEB1007E
	v_cmp_eq_u32_e32 vcc_lo, 0, v2                             // 00000000140C: 7C940480
	s_and_b32 exec_lo, exec_lo, vcc_lo                         // 000000001410: 8B7E6A7E
	s_cbranch_execz 6                                          // 000000001414: BFA50006 <occ_kernel+0x1430>
	v_mov_b32_e32 v11, 0x838c                                  // 000000001418: 7E1602FF 0000838C
	v_mov_b32_e32 v14, 0                                       // 000000001420: 7E1C0280
	ds_store_b32 v11, v14                                      // 000000001424: D8340000 00000E0B
	s_wait_dscnt 0x0                                           // 00000000142C: BFC60000
	s_mov_b32 exec_lo, s49                                     // 000000001430: BEFE0031
	s_mov_b32 s49, exec_lo                                     // 000000001434: BEB1007E
	v_cmp_eq_u32_e32 vcc_lo, 0, v2                             // 000000001438: 7C940480
	s_and_b32 exec_lo, exec_lo, vcc_lo                         // 00000000143C: 8B7E6A7E
	s_cbranch_execz 6                                          // 000000001440: BFA50006 <occ_kernel+0x145c>
	v_mov_b32_e32 v11, 0x8390                                  // 000000001444: 7E1602FF 00008390
	v_mov_b32_e32 v14, 0                                       // 00000000144C: 7E1C0280
	ds_store_b32 v11, v14                                      // 000000001450: D8340000 00000E0B
	s_wait_dscnt 0x0                                           // 000000001458: BFC60000
	s_mov_b32 exec_lo, s49                                     // 00000000145C: BEFE0031
	s_mov_b32 s49, exec_lo                                     // 000000001460: BEB1007E
	v_cmp_eq_u32_e32 vcc_lo, 0, v2                             // 000000001464: 7C940480
	s_and_b32 exec_lo, exec_lo, vcc_lo                         // 000000001468: 8B7E6A7E
	s_cbranch_execz 6                                          // 00000000146C: BFA50006 <occ_kernel+0x1488>
	v_mov_b32_e32 v11, 0x8394                                  // 000000001470: 7E1602FF 00008394
	v_mov_b32_e32 v14, 0                                       // 000000001478: 7E1C0280
	ds_store_b32 v11, v14                                      // 00000000147C: D8340000 00000E0B
	s_wait_dscnt 0x0                                           // 000000001484: BFC60000
	s_mov_b32 exec_lo, s49                                     // 000000001488: BEFE0031
	s_mov_b32 s49, exec_lo                                     // 00000000148C: BEB1007E
	v_cmp_eq_u32_e32 vcc_lo, 0, v2                             // 000000001490: 7C940480
	s_and_b32 exec_lo, exec_lo, vcc_lo                         // 000000001494: 8B7E6A7E
	s_cbranch_execz 6                                          // 000000001498: BFA50006 <occ_kernel+0x14b4>
	v_mov_b32_e32 v11, 0x8398                                  // 00000000149C: 7E1602FF 00008398
	v_mov_b32_e32 v14, 0                                       // 0000000014A4: 7E1C0280
	ds_store_b32 v11, v14                                      // 0000000014A8: D8340000 00000E0B
	s_wait_dscnt 0x0                                           // 0000000014B0: BFC60000
	s_mov_b32 exec_lo, s49                                     // 0000000014B4: BEFE0031
	s_mov_b32 s49, exec_lo                                     // 0000000014B8: BEB1007E
	v_cmp_eq_u32_e32 vcc_lo, 0, v2                             // 0000000014BC: 7C940480
	s_and_b32 exec_lo, exec_lo, vcc_lo                         // 0000000014C0: 8B7E6A7E
	s_cbranch_execz 6                                          // 0000000014C4: BFA50006 <occ_kernel+0x14e0>
	v_mov_b32_e32 v11, 0x839c                                  // 0000000014C8: 7E1602FF 0000839C
	v_mov_b32_e32 v14, 0                                       // 0000000014D0: 7E1C0280
	ds_store_b32 v11, v14                                      // 0000000014D4: D8340000 00000E0B
	s_wait_dscnt 0x0                                           // 0000000014DC: BFC60000
	s_mov_b32 exec_lo, s49                                     // 0000000014E0: BEFE0031
	s_mov_b32 s49, exec_lo                                     // 0000000014E4: BEB1007E
	v_cmp_eq_u32_e32 vcc_lo, 0, v2                             // 0000000014E8: 7C940480
	s_and_b32 exec_lo, exec_lo, vcc_lo                         // 0000000014EC: 8B7E6A7E
	s_cbranch_execz 6                                          // 0000000014F0: BFA50006 <occ_kernel+0x150c>
	v_mov_b32_e32 v11, 0x83a0                                  // 0000000014F4: 7E1602FF 000083A0
	v_mov_b32_e32 v14, -1                                      // 0000000014FC: 7E1C02C1
	ds_store_b32 v11, v14                                      // 000000001500: D8340000 00000E0B
	s_wait_dscnt 0x0                                           // 000000001508: BFC60000
	s_mov_b32 exec_lo, s49                                     // 00000000150C: BEFE0031
	s_mov_b32 s49, exec_lo                                     // 000000001510: BEB1007E
	v_cmp_eq_u32_e32 vcc_lo, 0, v2                             // 000000001514: 7C940480
	s_and_b32 exec_lo, exec_lo, vcc_lo                         // 000000001518: 8B7E6A7E
	s_cbranch_execz 6                                          // 00000000151C: BFA50006 <occ_kernel+0x1538>
	v_mov_b32_e32 v11, 0x83a4                                  // 000000001520: 7E1602FF 000083A4
	v_mov_b32_e32 v14, -1                                      // 000000001528: 7E1C02C1
	ds_store_b32 v11, v14                                      // 00000000152C: D8340000 00000E0B
	s_wait_dscnt 0x0                                           // 000000001534: BFC60000
	s_mov_b32 exec_lo, s49                                     // 000000001538: BEFE0031
	s_mov_b32 s49, exec_lo                                     // 00000000153C: BEB1007E
	v_cmp_eq_u32_e32 vcc_lo, 0, v2                             // 000000001540: 7C940480
	s_and_b32 exec_lo, exec_lo, vcc_lo                         // 000000001544: 8B7E6A7E
	s_cbranch_execz 6                                          // 000000001548: BFA50006 <occ_kernel+0x1564>
	v_mov_b32_e32 v11, 0x83a8                                  // 00000000154C: 7E1602FF 000083A8
	v_mov_b32_e32 v14, -2.0                                    // 000000001554: 7E1C02F5
	ds_store_b32 v11, v14                                      // 000000001558: D8340000 00000E0B
	s_wait_dscnt 0x0                                           // 000000001560: BFC60000
	s_mov_b32 exec_lo, s49                                     // 000000001564: BEFE0031
	s_mov_b32 s49, exec_lo                                     // 000000001568: BEB1007E
	v_cmp_eq_u32_e32 vcc_lo, 0, v2                             // 00000000156C: 7C940480
	s_and_b32 exec_lo, exec_lo, vcc_lo                         // 000000001570: 8B7E6A7E
	s_cbranch_execz 6                                          // 000000001574: BFA50006 <occ_kernel+0x1590>
	v_mov_b32_e32 v11, 0x83ac                                  // 000000001578: 7E1602FF 000083AC
	v_mov_b32_e32 v14, 0                                       // 000000001580: 7E1C0280
	ds_store_b32 v11, v14                                      // 000000001584: D8340000 00000E0B
	s_wait_dscnt 0x0                                           // 00000000158C: BFC60000
	s_mov_b32 exec_lo, s49                                     // 000000001590: BEFE0031
	s_mov_b32 s49, exec_lo                                     // 000000001594: BEB1007E
	v_cmp_eq_u32_e32 vcc_lo, 0, v2                             // 000000001598: 7C940480
	s_and_b32 exec_lo, exec_lo, vcc_lo                         // 00000000159C: 8B7E6A7E
	s_cbranch_execz 6                                          // 0000000015A0: BFA50006 <occ_kernel+0x15bc>
	v_mov_b32_e32 v11, 0x83b0                                  // 0000000015A4: 7E1602FF 000083B0
	v_mov_b32_e32 v14, 0                                       // 0000000015AC: 7E1C0280
	ds_store_b32 v11, v14                                      // 0000000015B0: D8340000 00000E0B
	s_wait_dscnt 0x0                                           // 0000000015B8: BFC60000
	s_mov_b32 exec_lo, s49                                     // 0000000015BC: BEFE0031
	s_mov_b32 s49, exec_lo                                     // 0000000015C0: BEB1007E
	v_cmp_eq_u32_e32 vcc_lo, 0, v2                             // 0000000015C4: 7C940480
	s_and_b32 exec_lo, exec_lo, vcc_lo                         // 0000000015C8: 8B7E6A7E
	s_cbranch_execz 6                                          // 0000000015CC: BFA50006 <occ_kernel+0x15e8>
	v_mov_b32_e32 v11, 0x83b4                                  // 0000000015D0: 7E1602FF 000083B4
	v_mov_b32_e32 v14, 0                                       // 0000000015D8: 7E1C0280
	ds_store_b32 v11, v14                                      // 0000000015DC: D8340000 00000E0B
	s_wait_dscnt 0x0                                           // 0000000015E4: BFC60000
	s_mov_b32 exec_lo, s49                                     // 0000000015E8: BEFE0031
	s_mov_b32 s49, exec_lo                                     // 0000000015EC: BEB1007E
	v_cmp_eq_u32_e32 vcc_lo, 0, v2                             // 0000000015F0: 7C940480
	s_and_b32 exec_lo, exec_lo, vcc_lo                         // 0000000015F4: 8B7E6A7E
	s_cbranch_execz 6                                          // 0000000015F8: BFA50006 <occ_kernel+0x1614>
	v_mov_b32_e32 v11, 0x83b8                                  // 0000000015FC: 7E1602FF 000083B8
	v_mov_b32_e32 v14, 0                                       // 000000001604: 7E1C0280
	ds_store_b32 v11, v14                                      // 000000001608: D8340000 00000E0B
	s_wait_dscnt 0x0                                           // 000000001610: BFC60000
	s_mov_b32 exec_lo, s49                                     // 000000001614: BEFE0031
	s_mov_b32 s49, exec_lo                                     // 000000001618: BEB1007E
	v_cmp_eq_u32_e32 vcc_lo, 0, v2                             // 00000000161C: 7C940480
	s_and_b32 exec_lo, exec_lo, vcc_lo                         // 000000001620: 8B7E6A7E
	s_cbranch_execz 6                                          // 000000001624: BFA50006 <occ_kernel+0x1640>
	v_mov_b32_e32 v11, 0x83bc                                  // 000000001628: 7E1602FF 000083BC
	v_mov_b32_e32 v14, 0                                       // 000000001630: 7E1C0280
	ds_store_b32 v11, v14                                      // 000000001634: D8340000 00000E0B
	s_wait_dscnt 0x0                                           // 00000000163C: BFC60000
	s_mov_b32 exec_lo, s49                                     // 000000001640: BEFE0031
	s_mov_b32 s49, exec_lo                                     // 000000001644: BEB1007E
	v_cmp_eq_u32_e32 vcc_lo, 0, v2                             // 000000001648: 7C940480
	s_and_b32 exec_lo, exec_lo, vcc_lo                         // 00000000164C: 8B7E6A7E
	s_cbranch_execz 6                                          // 000000001650: BFA50006 <occ_kernel+0x166c>
	v_mov_b32_e32 v11, 0x83c0                                  // 000000001654: 7E1602FF 000083C0
	v_mov_b32_e32 v14, -1                                      // 00000000165C: 7E1C02C1
	ds_store_b32 v11, v14                                      // 000000001660: D8340000 00000E0B
	s_wait_dscnt 0x0                                           // 000000001668: BFC60000
	s_mov_b32 exec_lo, s49                                     // 00000000166C: BEFE0031
	s_mov_b32 s49, exec_lo                                     // 000000001670: BEB1007E
	v_cmp_eq_u32_e32 vcc_lo, 0, v2                             // 000000001674: 7C940480
	s_and_b32 exec_lo, exec_lo, vcc_lo                         // 000000001678: 8B7E6A7E
	s_cbranch_execz 6                                          // 00000000167C: BFA50006 <occ_kernel+0x1698>
	v_mov_b32_e32 v11, 0x83c4                                  // 000000001680: 7E1602FF 000083C4
	v_mov_b32_e32 v14, -1                                      // 000000001688: 7E1C02C1
	ds_store_b32 v11, v14                                      // 00000000168C: D8340000 00000E0B
	s_wait_dscnt 0x0                                           // 000000001694: BFC60000
	s_mov_b32 exec_lo, s49                                     // 000000001698: BEFE0031
	s_mov_b32 s49, exec_lo                                     // 00000000169C: BEB1007E
	v_cmp_eq_u32_e32 vcc_lo, 0, v2                             // 0000000016A0: 7C940480
	s_and_b32 exec_lo, exec_lo, vcc_lo                         // 0000000016A4: 8B7E6A7E
	s_cbranch_execz 6                                          // 0000000016A8: BFA50006 <occ_kernel+0x16c4>
	v_mov_b32_e32 v11, 0x83c8                                  // 0000000016AC: 7E1602FF 000083C8
	v_mov_b32_e32 v14, -2.0                                    // 0000000016B4: 7E1C02F5
	ds_store_b32 v11, v14                                      // 0000000016B8: D8340000 00000E0B
	s_wait_dscnt 0x0                                           // 0000000016C0: BFC60000
	s_mov_b32 exec_lo, s49                                     // 0000000016C4: BEFE0031
	s_mov_b32 s49, exec_lo                                     // 0000000016C8: BEB1007E
	v_cmp_eq_u32_e32 vcc_lo, 0, v2                             // 0000000016CC: 7C940480
	s_and_b32 exec_lo, exec_lo, vcc_lo                         // 0000000016D0: 8B7E6A7E
	s_cbranch_execz 6                                          // 0000000016D4: BFA50006 <occ_kernel+0x16f0>
	v_mov_b32_e32 v11, 0x83cc                                  // 0000000016D8: 7E1602FF 000083CC
	v_mov_b32_e32 v14, 0                                       // 0000000016E0: 7E1C0280
	ds_store_b32 v11, v14                                      // 0000000016E4: D8340000 00000E0B
	s_wait_dscnt 0x0                                           // 0000000016EC: BFC60000
	s_mov_b32 exec_lo, s49                                     // 0000000016F0: BEFE0031
	s_mov_b32 s49, exec_lo                                     // 0000000016F4: BEB1007E
	v_cmp_eq_u32_e32 vcc_lo, 0, v2                             // 0000000016F8: 7C940480
	s_and_b32 exec_lo, exec_lo, vcc_lo                         // 0000000016FC: 8B7E6A7E
	s_cbranch_execz 6                                          // 000000001700: BFA50006 <occ_kernel+0x171c>
	v_mov_b32_e32 v11, 0x83d0                                  // 000000001704: 7E1602FF 000083D0
	v_mov_b32_e32 v14, 0                                       // 00000000170C: 7E1C0280
	ds_store_b32 v11, v14                                      // 000000001710: D8340000 00000E0B
	s_wait_dscnt 0x0                                           // 000000001718: BFC60000
	s_mov_b32 exec_lo, s49                                     // 00000000171C: BEFE0031
	s_mov_b32 s49, exec_lo                                     // 000000001720: BEB1007E
	v_cmp_eq_u32_e32 vcc_lo, 0, v2                             // 000000001724: 7C940480
	s_and_b32 exec_lo, exec_lo, vcc_lo                         // 000000001728: 8B7E6A7E
	s_cbranch_execz 6                                          // 00000000172C: BFA50006 <occ_kernel+0x1748>
	v_mov_b32_e32 v11, 0x83d4                                  // 000000001730: 7E1602FF 000083D4
	v_mov_b32_e32 v14, 0                                       // 000000001738: 7E1C0280
	ds_store_b32 v11, v14                                      // 00000000173C: D8340000 00000E0B
	s_wait_dscnt 0x0                                           // 000000001744: BFC60000
	s_mov_b32 exec_lo, s49                                     // 000000001748: BEFE0031
	s_mov_b32 s49, exec_lo                                     // 00000000174C: BEB1007E
	v_cmp_eq_u32_e32 vcc_lo, 0, v2                             // 000000001750: 7C940480
	s_and_b32 exec_lo, exec_lo, vcc_lo                         // 000000001754: 8B7E6A7E
	s_cbranch_execz 6                                          // 000000001758: BFA50006 <occ_kernel+0x1774>
	v_mov_b32_e32 v11, 0x83d8                                  // 00000000175C: 7E1602FF 000083D8
	v_mov_b32_e32 v14, 0                                       // 000000001764: 7E1C0280
	ds_store_b32 v11, v14                                      // 000000001768: D8340000 00000E0B
	s_wait_dscnt 0x0                                           // 000000001770: BFC60000
	s_mov_b32 exec_lo, s49                                     // 000000001774: BEFE0031
	s_mov_b32 s49, exec_lo                                     // 000000001778: BEB1007E
	v_cmp_eq_u32_e32 vcc_lo, 0, v2                             // 00000000177C: 7C940480
	s_and_b32 exec_lo, exec_lo, vcc_lo                         // 000000001780: 8B7E6A7E
	s_cbranch_execz 6                                          // 000000001784: BFA50006 <occ_kernel+0x17a0>
	v_mov_b32_e32 v11, 0x83dc                                  // 000000001788: 7E1602FF 000083DC
	v_mov_b32_e32 v14, 0                                       // 000000001790: 7E1C0280
	ds_store_b32 v11, v14                                      // 000000001794: D8340000 00000E0B
	s_wait_dscnt 0x0                                           // 00000000179C: BFC60000
	s_mov_b32 exec_lo, s49                                     // 0000000017A0: BEFE0031
	s_mov_b32 s49, exec_lo                                     // 0000000017A4: BEB1007E
	v_cmp_eq_u32_e32 vcc_lo, 0, v2                             // 0000000017A8: 7C940480
	s_and_b32 exec_lo, exec_lo, vcc_lo                         // 0000000017AC: 8B7E6A7E
	s_cbranch_execz 6                                          // 0000000017B0: BFA50006 <occ_kernel+0x17cc>
	v_mov_b32_e32 v11, 0x83e0                                  // 0000000017B4: 7E1602FF 000083E0
	v_mov_b32_e32 v14, -1                                      // 0000000017BC: 7E1C02C1
	ds_store_b32 v11, v14                                      // 0000000017C0: D8340000 00000E0B
	s_wait_dscnt 0x0                                           // 0000000017C8: BFC60000
	s_mov_b32 exec_lo, s49                                     // 0000000017CC: BEFE0031
	s_mov_b32 s49, exec_lo                                     // 0000000017D0: BEB1007E
	v_cmp_eq_u32_e32 vcc_lo, 0, v2                             // 0000000017D4: 7C940480
	s_and_b32 exec_lo, exec_lo, vcc_lo                         // 0000000017D8: 8B7E6A7E
	s_cbranch_execz 6                                          // 0000000017DC: BFA50006 <occ_kernel+0x17f8>
	v_mov_b32_e32 v11, 0x83e4                                  // 0000000017E0: 7E1602FF 000083E4
	v_mov_b32_e32 v14, -1                                      // 0000000017E8: 7E1C02C1
	ds_store_b32 v11, v14                                      // 0000000017EC: D8340000 00000E0B
	s_wait_dscnt 0x0                                           // 0000000017F4: BFC60000
	s_mov_b32 exec_lo, s49                                     // 0000000017F8: BEFE0031
	s_mov_b32 s49, exec_lo                                     // 0000000017FC: BEB1007E
	v_cmp_eq_u32_e32 vcc_lo, 0, v2                             // 000000001800: 7C940480
	s_and_b32 exec_lo, exec_lo, vcc_lo                         // 000000001804: 8B7E6A7E
	s_cbranch_execz 6                                          // 000000001808: BFA50006 <occ_kernel+0x1824>
	v_mov_b32_e32 v11, 0x83e8                                  // 00000000180C: 7E1602FF 000083E8
	v_mov_b32_e32 v14, -2.0                                    // 000000001814: 7E1C02F5
	ds_store_b32 v11, v14                                      // 000000001818: D8340000 00000E0B
	s_wait_dscnt 0x0                                           // 000000001820: BFC60000
	s_mov_b32 exec_lo, s49                                     // 000000001824: BEFE0031
	s_mov_b32 s49, exec_lo                                     // 000000001828: BEB1007E
	v_cmp_eq_u32_e32 vcc_lo, 0, v2                             // 00000000182C: 7C940480
	s_and_b32 exec_lo, exec_lo, vcc_lo                         // 000000001830: 8B7E6A7E
	s_cbranch_execz 6                                          // 000000001834: BFA50006 <occ_kernel+0x1850>
	v_mov_b32_e32 v11, 0x83ec                                  // 000000001838: 7E1602FF 000083EC
	v_mov_b32_e32 v14, 0                                       // 000000001840: 7E1C0280
	ds_store_b32 v11, v14                                      // 000000001844: D8340000 00000E0B
	s_wait_dscnt 0x0                                           // 00000000184C: BFC60000
	s_mov_b32 exec_lo, s49                                     // 000000001850: BEFE0031
	s_mov_b32 s49, exec_lo                                     // 000000001854: BEB1007E
	v_cmp_eq_u32_e32 vcc_lo, 0, v2                             // 000000001858: 7C940480
	s_and_b32 exec_lo, exec_lo, vcc_lo                         // 00000000185C: 8B7E6A7E
	s_cbranch_execz 6                                          // 000000001860: BFA50006 <occ_kernel+0x187c>
	v_mov_b32_e32 v11, 0x83f0                                  // 000000001864: 7E1602FF 000083F0
	v_mov_b32_e32 v14, 0                                       // 00000000186C: 7E1C0280
	ds_store_b32 v11, v14                                      // 000000001870: D8340000 00000E0B
	s_wait_dscnt 0x0                                           // 000000001878: BFC60000
	s_mov_b32 exec_lo, s49                                     // 00000000187C: BEFE0031
	s_mov_b32 s49, exec_lo                                     // 000000001880: BEB1007E
	v_cmp_eq_u32_e32 vcc_lo, 0, v2                             // 000000001884: 7C940480
	s_and_b32 exec_lo, exec_lo, vcc_lo                         // 000000001888: 8B7E6A7E
	s_cbranch_execz 6                                          // 00000000188C: BFA50006 <occ_kernel+0x18a8>
	v_mov_b32_e32 v11, 0x83f4                                  // 000000001890: 7E1602FF 000083F4
	v_mov_b32_e32 v14, 0                                       // 000000001898: 7E1C0280
	ds_store_b32 v11, v14                                      // 00000000189C: D8340000 00000E0B
	s_wait_dscnt 0x0                                           // 0000000018A4: BFC60000
	s_mov_b32 exec_lo, s49                                     // 0000000018A8: BEFE0031
	s_mov_b32 s49, exec_lo                                     // 0000000018AC: BEB1007E
	v_cmp_eq_u32_e32 vcc_lo, 0, v2                             // 0000000018B0: 7C940480
	s_and_b32 exec_lo, exec_lo, vcc_lo                         // 0000000018B4: 8B7E6A7E
	s_cbranch_execz 6                                          // 0000000018B8: BFA50006 <occ_kernel+0x18d4>
	v_mov_b32_e32 v11, 0x83f8                                  // 0000000018BC: 7E1602FF 000083F8
	v_mov_b32_e32 v14, 0                                       // 0000000018C4: 7E1C0280
	ds_store_b32 v11, v14                                      // 0000000018C8: D8340000 00000E0B
	s_wait_dscnt 0x0                                           // 0000000018D0: BFC60000
	s_mov_b32 exec_lo, s49                                     // 0000000018D4: BEFE0031
	s_mov_b32 s49, exec_lo                                     // 0000000018D8: BEB1007E
	v_cmp_eq_u32_e32 vcc_lo, 0, v2                             // 0000000018DC: 7C940480
	s_and_b32 exec_lo, exec_lo, vcc_lo                         // 0000000018E0: 8B7E6A7E
	s_cbranch_execz 6                                          // 0000000018E4: BFA50006 <occ_kernel+0x1900>
	v_mov_b32_e32 v11, 0x83fc                                  // 0000000018E8: 7E1602FF 000083FC
	v_mov_b32_e32 v14, 0                                       // 0000000018F0: 7E1C0280
	ds_store_b32 v11, v14                                      // 0000000018F4: D8340000 00000E0B
	s_wait_dscnt 0x0                                           // 0000000018FC: BFC60000
	s_mov_b32 exec_lo, s49                                     // 000000001900: BEFE0031
	s_mov_b32 s49, exec_lo                                     // 000000001904: BEB1007E
	v_cmp_eq_u32_e32 vcc_lo, 0, v2                             // 000000001908: 7C940480
	s_and_b32 exec_lo, exec_lo, vcc_lo                         // 00000000190C: 8B7E6A7E
	s_cbranch_execz 6                                          // 000000001910: BFA50006 <occ_kernel+0x192c>
	v_mov_b32_e32 v11, 0x8400                                  // 000000001914: 7E1602FF 00008400
	v_mov_b32_e32 v14, -1                                      // 00000000191C: 7E1C02C1
	ds_store_b32 v11, v14                                      // 000000001920: D8340000 00000E0B
	s_wait_dscnt 0x0                                           // 000000001928: BFC60000
	s_mov_b32 exec_lo, s49                                     // 00000000192C: BEFE0031
	s_mov_b32 s49, exec_lo                                     // 000000001930: BEB1007E
	v_cmp_eq_u32_e32 vcc_lo, 0, v2                             // 000000001934: 7C940480
	s_and_b32 exec_lo, exec_lo, vcc_lo                         // 000000001938: 8B7E6A7E
	s_cbranch_execz 6                                          // 00000000193C: BFA50006 <occ_kernel+0x1958>
	v_mov_b32_e32 v11, 0x8404                                  // 000000001940: 7E1602FF 00008404
	v_mov_b32_e32 v14, -1                                      // 000000001948: 7E1C02C1
	ds_store_b32 v11, v14                                      // 00000000194C: D8340000 00000E0B
	s_wait_dscnt 0x0                                           // 000000001954: BFC60000
	s_mov_b32 exec_lo, s49                                     // 000000001958: BEFE0031
	s_mov_b32 s49, exec_lo                                     // 00000000195C: BEB1007E
	v_cmp_eq_u32_e32 vcc_lo, 0, v2                             // 000000001960: 7C940480
	s_and_b32 exec_lo, exec_lo, vcc_lo                         // 000000001964: 8B7E6A7E
	s_cbranch_execz 6                                          // 000000001968: BFA50006 <occ_kernel+0x1984>
	v_mov_b32_e32 v11, 0x8408                                  // 00000000196C: 7E1602FF 00008408
	v_mov_b32_e32 v14, -2.0                                    // 000000001974: 7E1C02F5
	ds_store_b32 v11, v14                                      // 000000001978: D8340000 00000E0B
	s_wait_dscnt 0x0                                           // 000000001980: BFC60000
	s_mov_b32 exec_lo, s49                                     // 000000001984: BEFE0031
	s_mov_b32 s49, exec_lo                                     // 000000001988: BEB1007E
	v_cmp_eq_u32_e32 vcc_lo, 0, v2                             // 00000000198C: 7C940480
	s_and_b32 exec_lo, exec_lo, vcc_lo                         // 000000001990: 8B7E6A7E
	s_cbranch_execz 6                                          // 000000001994: BFA50006 <occ_kernel+0x19b0>
	v_mov_b32_e32 v11, 0x840c                                  // 000000001998: 7E1602FF 0000840C
	v_mov_b32_e32 v14, 0                                       // 0000000019A0: 7E1C0280
	ds_store_b32 v11, v14                                      // 0000000019A4: D8340000 00000E0B
	s_wait_dscnt 0x0                                           // 0000000019AC: BFC60000
	s_mov_b32 exec_lo, s49                                     // 0000000019B0: BEFE0031
	s_mov_b32 s49, exec_lo                                     // 0000000019B4: BEB1007E
	v_cmp_eq_u32_e32 vcc_lo, 0, v2                             // 0000000019B8: 7C940480
	s_and_b32 exec_lo, exec_lo, vcc_lo                         // 0000000019BC: 8B7E6A7E
	s_cbranch_execz 6                                          // 0000000019C0: BFA50006 <occ_kernel+0x19dc>
	v_mov_b32_e32 v11, 0x8410                                  // 0000000019C4: 7E1602FF 00008410
	v_mov_b32_e32 v14, 0                                       // 0000000019CC: 7E1C0280
	ds_store_b32 v11, v14                                      // 0000000019D0: D8340000 00000E0B
	s_wait_dscnt 0x0                                           // 0000000019D8: BFC60000
	s_mov_b32 exec_lo, s49                                     // 0000000019DC: BEFE0031
	s_mov_b32 s49, exec_lo                                     // 0000000019E0: BEB1007E
	v_cmp_eq_u32_e32 vcc_lo, 0, v2                             // 0000000019E4: 7C940480
	s_and_b32 exec_lo, exec_lo, vcc_lo                         // 0000000019E8: 8B7E6A7E
	s_cbranch_execz 6                                          // 0000000019EC: BFA50006 <occ_kernel+0x1a08>
	v_mov_b32_e32 v11, 0x8414                                  // 0000000019F0: 7E1602FF 00008414
	v_mov_b32_e32 v14, 0                                       // 0000000019F8: 7E1C0280
	ds_store_b32 v11, v14                                      // 0000000019FC: D8340000 00000E0B
	s_wait_dscnt 0x0                                           // 000000001A04: BFC60000
	s_mov_b32 exec_lo, s49                                     // 000000001A08: BEFE0031
	s_mov_b32 s49, exec_lo                                     // 000000001A0C: BEB1007E
	v_cmp_eq_u32_e32 vcc_lo, 0, v2                             // 000000001A10: 7C940480
	s_and_b32 exec_lo, exec_lo, vcc_lo                         // 000000001A14: 8B7E6A7E
	s_cbranch_execz 6                                          // 000000001A18: BFA50006 <occ_kernel+0x1a34>
	v_mov_b32_e32 v11, 0x8418                                  // 000000001A1C: 7E1602FF 00008418
	v_mov_b32_e32 v14, 0                                       // 000000001A24: 7E1C0280
	ds_store_b32 v11, v14                                      // 000000001A28: D8340000 00000E0B
	s_wait_dscnt 0x0                                           // 000000001A30: BFC60000
	s_mov_b32 exec_lo, s49                                     // 000000001A34: BEFE0031
	s_mov_b32 s49, exec_lo                                     // 000000001A38: BEB1007E
	v_cmp_eq_u32_e32 vcc_lo, 0, v2                             // 000000001A3C: 7C940480
	s_and_b32 exec_lo, exec_lo, vcc_lo                         // 000000001A40: 8B7E6A7E
	s_cbranch_execz 6                                          // 000000001A44: BFA50006 <occ_kernel+0x1a60>
	v_mov_b32_e32 v11, 0x841c                                  // 000000001A48: 7E1602FF 0000841C
	v_mov_b32_e32 v14, 0                                       // 000000001A50: 7E1C0280
	ds_store_b32 v11, v14                                      // 000000001A54: D8340000 00000E0B
	s_wait_dscnt 0x0                                           // 000000001A5C: BFC60000
	s_mov_b32 exec_lo, s49                                     // 000000001A60: BEFE0031
	s_mov_b32 s49, exec_lo                                     // 000000001A64: BEB1007E
	v_cmp_eq_u32_e32 vcc_lo, 0, v2                             // 000000001A68: 7C940480
	s_and_b32 exec_lo, exec_lo, vcc_lo                         // 000000001A6C: 8B7E6A7E
	s_cbranch_execz 6                                          // 000000001A70: BFA50006 <occ_kernel+0x1a8c>
	v_mov_b32_e32 v11, 0x8420                                  // 000000001A74: 7E1602FF 00008420
	v_mov_b32_e32 v14, -1                                      // 000000001A7C: 7E1C02C1
	ds_store_b32 v11, v14                                      // 000000001A80: D8340000 00000E0B
	s_wait_dscnt 0x0                                           // 000000001A88: BFC60000
	s_mov_b32 exec_lo, s49                                     // 000000001A8C: BEFE0031
	s_mov_b32 s49, exec_lo                                     // 000000001A90: BEB1007E
	v_cmp_eq_u32_e32 vcc_lo, 0, v2                             // 000000001A94: 7C940480
	s_and_b32 exec_lo, exec_lo, vcc_lo                         // 000000001A98: 8B7E6A7E
	s_cbranch_execz 6                                          // 000000001A9C: BFA50006 <occ_kernel+0x1ab8>
	v_mov_b32_e32 v11, 0x8424                                  // 000000001AA0: 7E1602FF 00008424
	v_mov_b32_e32 v14, -1                                      // 000000001AA8: 7E1C02C1
	ds_store_b32 v11, v14                                      // 000000001AAC: D8340000 00000E0B
	s_wait_dscnt 0x0                                           // 000000001AB4: BFC60000
	s_mov_b32 exec_lo, s49                                     // 000000001AB8: BEFE0031
	s_mov_b32 s49, exec_lo                                     // 000000001ABC: BEB1007E
	v_cmp_eq_u32_e32 vcc_lo, 0, v2                             // 000000001AC0: 7C940480
	s_and_b32 exec_lo, exec_lo, vcc_lo                         // 000000001AC4: 8B7E6A7E
	s_cbranch_execz 6                                          // 000000001AC8: BFA50006 <occ_kernel+0x1ae4>
	v_mov_b32_e32 v11, 0x8428                                  // 000000001ACC: 7E1602FF 00008428
	v_mov_b32_e32 v14, -2.0                                    // 000000001AD4: 7E1C02F5
	ds_store_b32 v11, v14                                      // 000000001AD8: D8340000 00000E0B
	s_wait_dscnt 0x0                                           // 000000001AE0: BFC60000
	s_mov_b32 exec_lo, s49                                     // 000000001AE4: BEFE0031
	s_mov_b32 s49, exec_lo                                     // 000000001AE8: BEB1007E
	v_cmp_eq_u32_e32 vcc_lo, 0, v2                             // 000000001AEC: 7C940480
	s_and_b32 exec_lo, exec_lo, vcc_lo                         // 000000001AF0: 8B7E6A7E
	s_cbranch_execz 6                                          // 000000001AF4: BFA50006 <occ_kernel+0x1b10>
	v_mov_b32_e32 v11, 0x842c                                  // 000000001AF8: 7E1602FF 0000842C
	v_mov_b32_e32 v14, 0                                       // 000000001B00: 7E1C0280
	ds_store_b32 v11, v14                                      // 000000001B04: D8340000 00000E0B
	s_wait_dscnt 0x0                                           // 000000001B0C: BFC60000
	s_mov_b32 exec_lo, s49                                     // 000000001B10: BEFE0031
	s_mov_b32 s49, exec_lo                                     // 000000001B14: BEB1007E
	v_cmp_eq_u32_e32 vcc_lo, 0, v2                             // 000000001B18: 7C940480
	s_and_b32 exec_lo, exec_lo, vcc_lo                         // 000000001B1C: 8B7E6A7E
	s_cbranch_execz 6                                          // 000000001B20: BFA50006 <occ_kernel+0x1b3c>
	v_mov_b32_e32 v11, 0x8430                                  // 000000001B24: 7E1602FF 00008430
	v_mov_b32_e32 v14, 0                                       // 000000001B2C: 7E1C0280
	ds_store_b32 v11, v14                                      // 000000001B30: D8340000 00000E0B
	s_wait_dscnt 0x0                                           // 000000001B38: BFC60000
	s_mov_b32 exec_lo, s49                                     // 000000001B3C: BEFE0031
	s_mov_b32 s49, exec_lo                                     // 000000001B40: BEB1007E
	v_cmp_eq_u32_e32 vcc_lo, 0, v2                             // 000000001B44: 7C940480
	s_and_b32 exec_lo, exec_lo, vcc_lo                         // 000000001B48: 8B7E6A7E
	s_cbranch_execz 6                                          // 000000001B4C: BFA50006 <occ_kernel+0x1b68>
	v_mov_b32_e32 v11, 0x8434                                  // 000000001B50: 7E1602FF 00008434
	v_mov_b32_e32 v14, 0                                       // 000000001B58: 7E1C0280
	ds_store_b32 v11, v14                                      // 000000001B5C: D8340000 00000E0B
	s_wait_dscnt 0x0                                           // 000000001B64: BFC60000
	s_mov_b32 exec_lo, s49                                     // 000000001B68: BEFE0031
	s_mov_b32 s49, exec_lo                                     // 000000001B6C: BEB1007E
	v_cmp_eq_u32_e32 vcc_lo, 0, v2                             // 000000001B70: 7C940480
	s_and_b32 exec_lo, exec_lo, vcc_lo                         // 000000001B74: 8B7E6A7E
	s_cbranch_execz 6                                          // 000000001B78: BFA50006 <occ_kernel+0x1b94>
	v_mov_b32_e32 v11, 0x8438                                  // 000000001B7C: 7E1602FF 00008438
	v_mov_b32_e32 v14, 0                                       // 000000001B84: 7E1C0280
	ds_store_b32 v11, v14                                      // 000000001B88: D8340000 00000E0B
	s_wait_dscnt 0x0                                           // 000000001B90: BFC60000
	s_mov_b32 exec_lo, s49                                     // 000000001B94: BEFE0031
	s_mov_b32 s49, exec_lo                                     // 000000001B98: BEB1007E
	v_cmp_eq_u32_e32 vcc_lo, 0, v2                             // 000000001B9C: 7C940480
	s_and_b32 exec_lo, exec_lo, vcc_lo                         // 000000001BA0: 8B7E6A7E
	s_cbranch_execz 6                                          // 000000001BA4: BFA50006 <occ_kernel+0x1bc0>
	v_mov_b32_e32 v11, 0x843c                                  // 000000001BA8: 7E1602FF 0000843C
	v_mov_b32_e32 v14, 0                                       // 000000001BB0: 7E1C0280
	ds_store_b32 v11, v14                                      // 000000001BB4: D8340000 00000E0B
	s_wait_dscnt 0x0                                           // 000000001BBC: BFC60000
	s_mov_b32 exec_lo, s49                                     // 000000001BC0: BEFE0031
	s_mov_b32 s49, exec_lo                                     // 000000001BC4: BEB1007E
	v_cmp_eq_u32_e32 vcc_lo, 0, v2                             // 000000001BC8: 7C940480
	s_and_b32 exec_lo, exec_lo, vcc_lo                         // 000000001BCC: 8B7E6A7E
	s_cbranch_execz 6                                          // 000000001BD0: BFA50006 <occ_kernel+0x1bec>
	v_mov_b32_e32 v11, 0x8440                                  // 000000001BD4: 7E1602FF 00008440
	v_mov_b32_e32 v14, -1                                      // 000000001BDC: 7E1C02C1
	ds_store_b32 v11, v14                                      // 000000001BE0: D8340000 00000E0B
	s_wait_dscnt 0x0                                           // 000000001BE8: BFC60000
	s_mov_b32 exec_lo, s49                                     // 000000001BEC: BEFE0031
	s_mov_b32 s49, exec_lo                                     // 000000001BF0: BEB1007E
	v_cmp_eq_u32_e32 vcc_lo, 0, v2                             // 000000001BF4: 7C940480
	s_and_b32 exec_lo, exec_lo, vcc_lo                         // 000000001BF8: 8B7E6A7E
	s_cbranch_execz 6                                          // 000000001BFC: BFA50006 <occ_kernel+0x1c18>
	v_mov_b32_e32 v11, 0x8444                                  // 000000001C00: 7E1602FF 00008444
	v_mov_b32_e32 v14, -1                                      // 000000001C08: 7E1C02C1
	ds_store_b32 v11, v14                                      // 000000001C0C: D8340000 00000E0B
	s_wait_dscnt 0x0                                           // 000000001C14: BFC60000
	s_mov_b32 exec_lo, s49                                     // 000000001C18: BEFE0031
	s_mov_b32 s49, exec_lo                                     // 000000001C1C: BEB1007E
	v_cmp_eq_u32_e32 vcc_lo, 0, v2                             // 000000001C20: 7C940480
	s_and_b32 exec_lo, exec_lo, vcc_lo                         // 000000001C24: 8B7E6A7E
	s_cbranch_execz 6                                          // 000000001C28: BFA50006 <occ_kernel+0x1c44>
	v_mov_b32_e32 v11, 0x8448                                  // 000000001C2C: 7E1602FF 00008448
	v_mov_b32_e32 v14, -2.0                                    // 000000001C34: 7E1C02F5
	ds_store_b32 v11, v14                                      // 000000001C38: D8340000 00000E0B
	s_wait_dscnt 0x0                                           // 000000001C40: BFC60000
	s_mov_b32 exec_lo, s49                                     // 000000001C44: BEFE0031
	s_mov_b32 s49, exec_lo                                     // 000000001C48: BEB1007E
	v_cmp_eq_u32_e32 vcc_lo, 0, v2                             // 000000001C4C: 7C940480
	s_and_b32 exec_lo, exec_lo, vcc_lo                         // 000000001C50: 8B7E6A7E
	s_cbranch_execz 6                                          // 000000001C54: BFA50006 <occ_kernel+0x1c70>
	v_mov_b32_e32 v11, 0x844c                                  // 000000001C58: 7E1602FF 0000844C
	v_mov_b32_e32 v14, 0                                       // 000000001C60: 7E1C0280
	ds_store_b32 v11, v14                                      // 000000001C64: D8340000 00000E0B
	s_wait_dscnt 0x0                                           // 000000001C6C: BFC60000
	s_mov_b32 exec_lo, s49                                     // 000000001C70: BEFE0031
	s_mov_b32 s49, exec_lo                                     // 000000001C74: BEB1007E
	v_cmp_eq_u32_e32 vcc_lo, 0, v2                             // 000000001C78: 7C940480
	s_and_b32 exec_lo, exec_lo, vcc_lo                         // 000000001C7C: 8B7E6A7E
	s_cbranch_execz 6                                          // 000000001C80: BFA50006 <occ_kernel+0x1c9c>
	v_mov_b32_e32 v11, 0x8450                                  // 000000001C84: 7E1602FF 00008450
	v_mov_b32_e32 v14, 0                                       // 000000001C8C: 7E1C0280
	ds_store_b32 v11, v14                                      // 000000001C90: D8340000 00000E0B
	s_wait_dscnt 0x0                                           // 000000001C98: BFC60000
	s_mov_b32 exec_lo, s49                                     // 000000001C9C: BEFE0031
	s_mov_b32 s49, exec_lo                                     // 000000001CA0: BEB1007E
	v_cmp_eq_u32_e32 vcc_lo, 0, v2                             // 000000001CA4: 7C940480
	s_and_b32 exec_lo, exec_lo, vcc_lo                         // 000000001CA8: 8B7E6A7E
	s_cbranch_execz 6                                          // 000000001CAC: BFA50006 <occ_kernel+0x1cc8>
	v_mov_b32_e32 v11, 0x8454                                  // 000000001CB0: 7E1602FF 00008454
	v_mov_b32_e32 v14, 0                                       // 000000001CB8: 7E1C0280
	ds_store_b32 v11, v14                                      // 000000001CBC: D8340000 00000E0B
	s_wait_dscnt 0x0                                           // 000000001CC4: BFC60000
	s_mov_b32 exec_lo, s49                                     // 000000001CC8: BEFE0031
	s_mov_b32 s49, exec_lo                                     // 000000001CCC: BEB1007E
	v_cmp_eq_u32_e32 vcc_lo, 0, v2                             // 000000001CD0: 7C940480
	s_and_b32 exec_lo, exec_lo, vcc_lo                         // 000000001CD4: 8B7E6A7E
	s_cbranch_execz 6                                          // 000000001CD8: BFA50006 <occ_kernel+0x1cf4>
	v_mov_b32_e32 v11, 0x8458                                  // 000000001CDC: 7E1602FF 00008458
	v_mov_b32_e32 v14, 0                                       // 000000001CE4: 7E1C0280
	ds_store_b32 v11, v14                                      // 000000001CE8: D8340000 00000E0B
	s_wait_dscnt 0x0                                           // 000000001CF0: BFC60000
	s_mov_b32 exec_lo, s49                                     // 000000001CF4: BEFE0031
	s_mov_b32 s49, exec_lo                                     // 000000001CF8: BEB1007E
	v_cmp_eq_u32_e32 vcc_lo, 0, v2                             // 000000001CFC: 7C940480
	s_and_b32 exec_lo, exec_lo, vcc_lo                         // 000000001D00: 8B7E6A7E
	s_cbranch_execz 6                                          // 000000001D04: BFA50006 <occ_kernel+0x1d20>
	v_mov_b32_e32 v11, 0x845c                                  // 000000001D08: 7E1602FF 0000845C
	v_mov_b32_e32 v14, 0                                       // 000000001D10: 7E1C0280
	ds_store_b32 v11, v14                                      // 000000001D14: D8340000 00000E0B
	s_wait_dscnt 0x0                                           // 000000001D1C: BFC60000
	s_mov_b32 exec_lo, s49                                     // 000000001D20: BEFE0031
	s_mov_b32 s49, exec_lo                                     // 000000001D24: BEB1007E
	v_cmp_eq_u32_e32 vcc_lo, 0, v2                             // 000000001D28: 7C940480
	s_and_b32 exec_lo, exec_lo, vcc_lo                         // 000000001D2C: 8B7E6A7E
	s_cbranch_execz 6                                          // 000000001D30: BFA50006 <occ_kernel+0x1d4c>
	v_mov_b32_e32 v11, 0x8460                                  // 000000001D34: 7E1602FF 00008460
	v_mov_b32_e32 v14, -1                                      // 000000001D3C: 7E1C02C1
	ds_store_b32 v11, v14                                      // 000000001D40: D8340000 00000E0B
	s_wait_dscnt 0x0                                           // 000000001D48: BFC60000
	s_mov_b32 exec_lo, s49                                     // 000000001D4C: BEFE0031
	s_mov_b32 s49, exec_lo                                     // 000000001D50: BEB1007E
	v_cmp_eq_u32_e32 vcc_lo, 0, v2                             // 000000001D54: 7C940480
	s_and_b32 exec_lo, exec_lo, vcc_lo                         // 000000001D58: 8B7E6A7E
	s_cbranch_execz 6                                          // 000000001D5C: BFA50006 <occ_kernel+0x1d78>
	v_mov_b32_e32 v11, 0x8464                                  // 000000001D60: 7E1602FF 00008464
	v_mov_b32_e32 v14, -1                                      // 000000001D68: 7E1C02C1
	ds_store_b32 v11, v14                                      // 000000001D6C: D8340000 00000E0B
	s_wait_dscnt 0x0                                           // 000000001D74: BFC60000
	s_mov_b32 exec_lo, s49                                     // 000000001D78: BEFE0031
	s_mov_b32 s49, exec_lo                                     // 000000001D7C: BEB1007E
	v_cmp_eq_u32_e32 vcc_lo, 0, v2                             // 000000001D80: 7C940480
	s_and_b32 exec_lo, exec_lo, vcc_lo                         // 000000001D84: 8B7E6A7E
	s_cbranch_execz 6                                          // 000000001D88: BFA50006 <occ_kernel+0x1da4>
	v_mov_b32_e32 v11, 0x8468                                  // 000000001D8C: 7E1602FF 00008468
	v_mov_b32_e32 v14, -2.0                                    // 000000001D94: 7E1C02F5
	ds_store_b32 v11, v14                                      // 000000001D98: D8340000 00000E0B
	s_wait_dscnt 0x0                                           // 000000001DA0: BFC60000
	s_mov_b32 exec_lo, s49                                     // 000000001DA4: BEFE0031
	s_mov_b32 s49, exec_lo                                     // 000000001DA8: BEB1007E
	v_cmp_eq_u32_e32 vcc_lo, 0, v2                             // 000000001DAC: 7C940480
	s_and_b32 exec_lo, exec_lo, vcc_lo                         // 000000001DB0: 8B7E6A7E
	s_cbranch_execz 6                                          // 000000001DB4: BFA50006 <occ_kernel+0x1dd0>
	v_mov_b32_e32 v11, 0x846c                                  // 000000001DB8: 7E1602FF 0000846C
	v_mov_b32_e32 v14, 0                                       // 000000001DC0: 7E1C0280
	ds_store_b32 v11, v14                                      // 000000001DC4: D8340000 00000E0B
	s_wait_dscnt 0x0                                           // 000000001DCC: BFC60000
	s_mov_b32 exec_lo, s49                                     // 000000001DD0: BEFE0031
	s_mov_b32 s49, exec_lo                                     // 000000001DD4: BEB1007E
	v_cmp_eq_u32_e32 vcc_lo, 0, v2                             // 000000001DD8: 7C940480
	s_and_b32 exec_lo, exec_lo, vcc_lo                         // 000000001DDC: 8B7E6A7E
	s_cbranch_execz 6                                          // 000000001DE0: BFA50006 <occ_kernel+0x1dfc>
	v_mov_b32_e32 v11, 0x8470                                  // 000000001DE4: 7E1602FF 00008470
	v_mov_b32_e32 v14, 0                                       // 000000001DEC: 7E1C0280
	ds_store_b32 v11, v14                                      // 000000001DF0: D8340000 00000E0B
	s_wait_dscnt 0x0                                           // 000000001DF8: BFC60000
	s_mov_b32 exec_lo, s49                                     // 000000001DFC: BEFE0031
	s_mov_b32 s49, exec_lo                                     // 000000001E00: BEB1007E
	v_cmp_eq_u32_e32 vcc_lo, 0, v2                             // 000000001E04: 7C940480
	s_and_b32 exec_lo, exec_lo, vcc_lo                         // 000000001E08: 8B7E6A7E
	s_cbranch_execz 6                                          // 000000001E0C: BFA50006 <occ_kernel+0x1e28>
	v_mov_b32_e32 v11, 0x8474                                  // 000000001E10: 7E1602FF 00008474
	v_mov_b32_e32 v14, 0                                       // 000000001E18: 7E1C0280
	ds_store_b32 v11, v14                                      // 000000001E1C: D8340000 00000E0B
	s_wait_dscnt 0x0                                           // 000000001E24: BFC60000
	s_mov_b32 exec_lo, s49                                     // 000000001E28: BEFE0031
	s_mov_b32 s49, exec_lo                                     // 000000001E2C: BEB1007E
	v_cmp_eq_u32_e32 vcc_lo, 0, v2                             // 000000001E30: 7C940480
	s_and_b32 exec_lo, exec_lo, vcc_lo                         // 000000001E34: 8B7E6A7E
	s_cbranch_execz 6                                          // 000000001E38: BFA50006 <occ_kernel+0x1e54>
	v_mov_b32_e32 v11, 0x8478                                  // 000000001E3C: 7E1602FF 00008478
	v_mov_b32_e32 v14, 0                                       // 000000001E44: 7E1C0280
	ds_store_b32 v11, v14                                      // 000000001E48: D8340000 00000E0B
	s_wait_dscnt 0x0                                           // 000000001E50: BFC60000
	s_mov_b32 exec_lo, s49                                     // 000000001E54: BEFE0031
	s_mov_b32 s49, exec_lo                                     // 000000001E58: BEB1007E
	v_cmp_eq_u32_e32 vcc_lo, 0, v2                             // 000000001E5C: 7C940480
	s_and_b32 exec_lo, exec_lo, vcc_lo                         // 000000001E60: 8B7E6A7E
	s_cbranch_execz 6                                          // 000000001E64: BFA50006 <occ_kernel+0x1e80>
	v_mov_b32_e32 v11, 0x847c                                  // 000000001E68: 7E1602FF 0000847C
	v_mov_b32_e32 v14, 0                                       // 000000001E70: 7E1C0280
	ds_store_b32 v11, v14                                      // 000000001E74: D8340000 00000E0B
	s_wait_dscnt 0x0                                           // 000000001E7C: BFC60000
	s_mov_b32 exec_lo, s49                                     // 000000001E80: BEFE0031
	s_mov_b32 s49, exec_lo                                     // 000000001E84: BEB1007E
	v_cmp_eq_u32_e32 vcc_lo, 0, v2                             // 000000001E88: 7C940480
	s_and_b32 exec_lo, exec_lo, vcc_lo                         // 000000001E8C: 8B7E6A7E
	s_cbranch_execz 6                                          // 000000001E90: BFA50006 <occ_kernel+0x1eac>
	v_mov_b32_e32 v11, 0x8480                                  // 000000001E94: 7E1602FF 00008480
	v_mov_b32_e32 v14, -1                                      // 000000001E9C: 7E1C02C1
	ds_store_b32 v11, v14                                      // 000000001EA0: D8340000 00000E0B
	s_wait_dscnt 0x0                                           // 000000001EA8: BFC60000
	s_mov_b32 exec_lo, s49                                     // 000000001EAC: BEFE0031
	s_mov_b32 s49, exec_lo                                     // 000000001EB0: BEB1007E
	v_cmp_eq_u32_e32 vcc_lo, 0, v2                             // 000000001EB4: 7C940480
	s_and_b32 exec_lo, exec_lo, vcc_lo                         // 000000001EB8: 8B7E6A7E
	s_cbranch_execz 6                                          // 000000001EBC: BFA50006 <occ_kernel+0x1ed8>
	v_mov_b32_e32 v11, 0x8484                                  // 000000001EC0: 7E1602FF 00008484
	v_mov_b32_e32 v14, -1                                      // 000000001EC8: 7E1C02C1
	ds_store_b32 v11, v14                                      // 000000001ECC: D8340000 00000E0B
	s_wait_dscnt 0x0                                           // 000000001ED4: BFC60000
	s_mov_b32 exec_lo, s49                                     // 000000001ED8: BEFE0031
	s_mov_b32 s49, exec_lo                                     // 000000001EDC: BEB1007E
	v_cmp_eq_u32_e32 vcc_lo, 0, v2                             // 000000001EE0: 7C940480
	s_and_b32 exec_lo, exec_lo, vcc_lo                         // 000000001EE4: 8B7E6A7E
	s_cbranch_execz 6                                          // 000000001EE8: BFA50006 <occ_kernel+0x1f04>
	v_mov_b32_e32 v11, 0x8488                                  // 000000001EEC: 7E1602FF 00008488
	v_mov_b32_e32 v14, -2.0                                    // 000000001EF4: 7E1C02F5
	ds_store_b32 v11, v14                                      // 000000001EF8: D8340000 00000E0B
	s_wait_dscnt 0x0                                           // 000000001F00: BFC60000
	s_mov_b32 exec_lo, s49                                     // 000000001F04: BEFE0031
	s_mov_b32 s49, exec_lo                                     // 000000001F08: BEB1007E
	v_cmp_eq_u32_e32 vcc_lo, 0, v2                             // 000000001F0C: 7C940480
	s_and_b32 exec_lo, exec_lo, vcc_lo                         // 000000001F10: 8B7E6A7E
	s_cbranch_execz 6                                          // 000000001F14: BFA50006 <occ_kernel+0x1f30>
	v_mov_b32_e32 v11, 0x848c                                  // 000000001F18: 7E1602FF 0000848C
	v_mov_b32_e32 v14, 0                                       // 000000001F20: 7E1C0280
	ds_store_b32 v11, v14                                      // 000000001F24: D8340000 00000E0B
	s_wait_dscnt 0x0                                           // 000000001F2C: BFC60000
	s_mov_b32 exec_lo, s49                                     // 000000001F30: BEFE0031
	s_mov_b32 s49, exec_lo                                     // 000000001F34: BEB1007E
	v_cmp_eq_u32_e32 vcc_lo, 0, v2                             // 000000001F38: 7C940480
	s_and_b32 exec_lo, exec_lo, vcc_lo                         // 000000001F3C: 8B7E6A7E
	s_cbranch_execz 6                                          // 000000001F40: BFA50006 <occ_kernel+0x1f5c>
	v_mov_b32_e32 v11, 0x8490                                  // 000000001F44: 7E1602FF 00008490
	v_mov_b32_e32 v14, 0                                       // 000000001F4C: 7E1C0280
	ds_store_b32 v11, v14                                      // 000000001F50: D8340000 00000E0B
	s_wait_dscnt 0x0                                           // 000000001F58: BFC60000
	s_mov_b32 exec_lo, s49                                     // 000000001F5C: BEFE0031
	s_mov_b32 s49, exec_lo                                     // 000000001F60: BEB1007E
	v_cmp_eq_u32_e32 vcc_lo, 0, v2                             // 000000001F64: 7C940480
	s_and_b32 exec_lo, exec_lo, vcc_lo                         // 000000001F68: 8B7E6A7E
	s_cbranch_execz 6                                          // 000000001F6C: BFA50006 <occ_kernel+0x1f88>
	v_mov_b32_e32 v11, 0x8494                                  // 000000001F70: 7E1602FF 00008494
	v_mov_b32_e32 v14, 0                                       // 000000001F78: 7E1C0280
	ds_store_b32 v11, v14                                      // 000000001F7C: D8340000 00000E0B
	s_wait_dscnt 0x0                                           // 000000001F84: BFC60000
	s_mov_b32 exec_lo, s49                                     // 000000001F88: BEFE0031
	s_mov_b32 s49, exec_lo                                     // 000000001F8C: BEB1007E
	v_cmp_eq_u32_e32 vcc_lo, 0, v2                             // 000000001F90: 7C940480
	s_and_b32 exec_lo, exec_lo, vcc_lo                         // 000000001F94: 8B7E6A7E
	s_cbranch_execz 6                                          // 000000001F98: BFA50006 <occ_kernel+0x1fb4>
	v_mov_b32_e32 v11, 0x8498                                  // 000000001F9C: 7E1602FF 00008498
	v_mov_b32_e32 v14, 0                                       // 000000001FA4: 7E1C0280
	ds_store_b32 v11, v14                                      // 000000001FA8: D8340000 00000E0B
	s_wait_dscnt 0x0                                           // 000000001FB0: BFC60000
	s_mov_b32 exec_lo, s49                                     // 000000001FB4: BEFE0031
	s_mov_b32 s49, exec_lo                                     // 000000001FB8: BEB1007E
	v_cmp_eq_u32_e32 vcc_lo, 0, v2                             // 000000001FBC: 7C940480
	s_and_b32 exec_lo, exec_lo, vcc_lo                         // 000000001FC0: 8B7E6A7E
	s_cbranch_execz 6                                          // 000000001FC4: BFA50006 <occ_kernel+0x1fe0>
	v_mov_b32_e32 v11, 0x849c                                  // 000000001FC8: 7E1602FF 0000849C
	v_mov_b32_e32 v14, 0                                       // 000000001FD0: 7E1C0280
	ds_store_b32 v11, v14                                      // 000000001FD4: D8340000 00000E0B
	s_wait_dscnt 0x0                                           // 000000001FDC: BFC60000
	s_mov_b32 exec_lo, s49                                     // 000000001FE0: BEFE0031
	s_mov_b32 s49, exec_lo                                     // 000000001FE4: BEB1007E
	v_cmp_eq_u32_e32 vcc_lo, 0, v2                             // 000000001FE8: 7C940480
	s_and_b32 exec_lo, exec_lo, vcc_lo                         // 000000001FEC: 8B7E6A7E
	s_cbranch_execz 6                                          // 000000001FF0: BFA50006 <occ_kernel+0x200c>
	v_mov_b32_e32 v11, 0x84a0                                  // 000000001FF4: 7E1602FF 000084A0
	v_mov_b32_e32 v14, -1                                      // 000000001FFC: 7E1C02C1
	ds_store_b32 v11, v14                                      // 000000002000: D8340000 00000E0B
	s_wait_dscnt 0x0                                           // 000000002008: BFC60000
	s_mov_b32 exec_lo, s49                                     // 00000000200C: BEFE0031
	s_mov_b32 s49, exec_lo                                     // 000000002010: BEB1007E
	v_cmp_eq_u32_e32 vcc_lo, 0, v2                             // 000000002014: 7C940480
	s_and_b32 exec_lo, exec_lo, vcc_lo                         // 000000002018: 8B7E6A7E
	s_cbranch_execz 6                                          // 00000000201C: BFA50006 <occ_kernel+0x2038>
	v_mov_b32_e32 v11, 0x84a4                                  // 000000002020: 7E1602FF 000084A4
	v_mov_b32_e32 v14, -1                                      // 000000002028: 7E1C02C1
	ds_store_b32 v11, v14                                      // 00000000202C: D8340000 00000E0B
	s_wait_dscnt 0x0                                           // 000000002034: BFC60000
	s_mov_b32 exec_lo, s49                                     // 000000002038: BEFE0031
	s_mov_b32 s49, exec_lo                                     // 00000000203C: BEB1007E
	v_cmp_eq_u32_e32 vcc_lo, 0, v2                             // 000000002040: 7C940480
	s_and_b32 exec_lo, exec_lo, vcc_lo                         // 000000002044: 8B7E6A7E
	s_cbranch_execz 6                                          // 000000002048: BFA50006 <occ_kernel+0x2064>
	v_mov_b32_e32 v11, 0x84a8                                  // 00000000204C: 7E1602FF 000084A8
	v_mov_b32_e32 v14, -2.0                                    // 000000002054: 7E1C02F5
	ds_store_b32 v11, v14                                      // 000000002058: D8340000 00000E0B
	s_wait_dscnt 0x0                                           // 000000002060: BFC60000
	s_mov_b32 exec_lo, s49                                     // 000000002064: BEFE0031
	s_mov_b32 s49, exec_lo                                     // 000000002068: BEB1007E
	v_cmp_eq_u32_e32 vcc_lo, 0, v2                             // 00000000206C: 7C940480
	s_and_b32 exec_lo, exec_lo, vcc_lo                         // 000000002070: 8B7E6A7E
	s_cbranch_execz 6                                          // 000000002074: BFA50006 <occ_kernel+0x2090>
	v_mov_b32_e32 v11, 0x84ac                                  // 000000002078: 7E1602FF 000084AC
	v_mov_b32_e32 v14, 0                                       // 000000002080: 7E1C0280
	ds_store_b32 v11, v14                                      // 000000002084: D8340000 00000E0B
	s_wait_dscnt 0x0                                           // 00000000208C: BFC60000
	s_mov_b32 exec_lo, s49                                     // 000000002090: BEFE0031
	s_mov_b32 s49, exec_lo                                     // 000000002094: BEB1007E
	v_cmp_eq_u32_e32 vcc_lo, 0, v2                             // 000000002098: 7C940480
	s_and_b32 exec_lo, exec_lo, vcc_lo                         // 00000000209C: 8B7E6A7E
	s_cbranch_execz 6                                          // 0000000020A0: BFA50006 <occ_kernel+0x20bc>
	v_mov_b32_e32 v11, 0x84b0                                  // 0000000020A4: 7E1602FF 000084B0
	v_mov_b32_e32 v14, 0                                       // 0000000020AC: 7E1C0280
	ds_store_b32 v11, v14                                      // 0000000020B0: D8340000 00000E0B
	s_wait_dscnt 0x0                                           // 0000000020B8: BFC60000
	s_mov_b32 exec_lo, s49                                     // 0000000020BC: BEFE0031
	s_mov_b32 s49, exec_lo                                     // 0000000020C0: BEB1007E
	v_cmp_eq_u32_e32 vcc_lo, 0, v2                             // 0000000020C4: 7C940480
	s_and_b32 exec_lo, exec_lo, vcc_lo                         // 0000000020C8: 8B7E6A7E
	s_cbranch_execz 6                                          // 0000000020CC: BFA50006 <occ_kernel+0x20e8>
	v_mov_b32_e32 v11, 0x84b4                                  // 0000000020D0: 7E1602FF 000084B4
	v_mov_b32_e32 v14, 0                                       // 0000000020D8: 7E1C0280
	ds_store_b32 v11, v14                                      // 0000000020DC: D8340000 00000E0B
	s_wait_dscnt 0x0                                           // 0000000020E4: BFC60000
	s_mov_b32 exec_lo, s49                                     // 0000000020E8: BEFE0031
	s_mov_b32 s49, exec_lo                                     // 0000000020EC: BEB1007E
	v_cmp_eq_u32_e32 vcc_lo, 0, v2                             // 0000000020F0: 7C940480
	s_and_b32 exec_lo, exec_lo, vcc_lo                         // 0000000020F4: 8B7E6A7E
	s_cbranch_execz 6                                          // 0000000020F8: BFA50006 <occ_kernel+0x2114>
	v_mov_b32_e32 v11, 0x84b8                                  // 0000000020FC: 7E1602FF 000084B8
	v_mov_b32_e32 v14, 0                                       // 000000002104: 7E1C0280
	ds_store_b32 v11, v14                                      // 000000002108: D8340000 00000E0B
	s_wait_dscnt 0x0                                           // 000000002110: BFC60000
	s_mov_b32 exec_lo, s49                                     // 000000002114: BEFE0031
	s_mov_b32 s49, exec_lo                                     // 000000002118: BEB1007E
	v_cmp_eq_u32_e32 vcc_lo, 0, v2                             // 00000000211C: 7C940480
	s_and_b32 exec_lo, exec_lo, vcc_lo                         // 000000002120: 8B7E6A7E
	s_cbranch_execz 6                                          // 000000002124: BFA50006 <occ_kernel+0x2140>
	v_mov_b32_e32 v11, 0x84bc                                  // 000000002128: 7E1602FF 000084BC
	v_mov_b32_e32 v14, 0                                       // 000000002130: 7E1C0280
	ds_store_b32 v11, v14                                      // 000000002134: D8340000 00000E0B
	s_wait_dscnt 0x0                                           // 00000000213C: BFC60000
	s_mov_b32 exec_lo, s49                                     // 000000002140: BEFE0031
	s_mov_b32 s49, exec_lo                                     // 000000002144: BEB1007E
	v_cmp_eq_u32_e32 vcc_lo, 0, v2                             // 000000002148: 7C940480
	s_and_b32 exec_lo, exec_lo, vcc_lo                         // 00000000214C: 8B7E6A7E
	s_cbranch_execz 6                                          // 000000002150: BFA50006 <occ_kernel+0x216c>
	v_mov_b32_e32 v11, 0x84c0                                  // 000000002154: 7E1602FF 000084C0
	v_mov_b32_e32 v14, -1                                      // 00000000215C: 7E1C02C1
	ds_store_b32 v11, v14                                      // 000000002160: D8340000 00000E0B
	s_wait_dscnt 0x0                                           // 000000002168: BFC60000
	s_mov_b32 exec_lo, s49                                     // 00000000216C: BEFE0031
	s_mov_b32 s49, exec_lo                                     // 000000002170: BEB1007E
	v_cmp_eq_u32_e32 vcc_lo, 0, v2                             // 000000002174: 7C940480
	s_and_b32 exec_lo, exec_lo, vcc_lo                         // 000000002178: 8B7E6A7E
	s_cbranch_execz 6                                          // 00000000217C: BFA50006 <occ_kernel+0x2198>
	v_mov_b32_e32 v11, 0x84c4                                  // 000000002180: 7E1602FF 000084C4
	v_mov_b32_e32 v14, -1                                      // 000000002188: 7E1C02C1
	ds_store_b32 v11, v14                                      // 00000000218C: D8340000 00000E0B
	s_wait_dscnt 0x0                                           // 000000002194: BFC60000
	s_mov_b32 exec_lo, s49                                     // 000000002198: BEFE0031
	s_mov_b32 s49, exec_lo                                     // 00000000219C: BEB1007E
	v_cmp_eq_u32_e32 vcc_lo, 0, v2                             // 0000000021A0: 7C940480
	s_and_b32 exec_lo, exec_lo, vcc_lo                         // 0000000021A4: 8B7E6A7E
	s_cbranch_execz 6                                          // 0000000021A8: BFA50006 <occ_kernel+0x21c4>
	v_mov_b32_e32 v11, 0x84c8                                  // 0000000021AC: 7E1602FF 000084C8
	v_mov_b32_e32 v14, -2.0                                    // 0000000021B4: 7E1C02F5
	ds_store_b32 v11, v14                                      // 0000000021B8: D8340000 00000E0B
	s_wait_dscnt 0x0                                           // 0000000021C0: BFC60000
	s_mov_b32 exec_lo, s49                                     // 0000000021C4: BEFE0031
	s_mov_b32 s49, exec_lo                                     // 0000000021C8: BEB1007E
	v_cmp_eq_u32_e32 vcc_lo, 0, v2                             // 0000000021CC: 7C940480
	s_and_b32 exec_lo, exec_lo, vcc_lo                         // 0000000021D0: 8B7E6A7E
	s_cbranch_execz 6                                          // 0000000021D4: BFA50006 <occ_kernel+0x21f0>
	v_mov_b32_e32 v11, 0x84cc                                  // 0000000021D8: 7E1602FF 000084CC
	v_mov_b32_e32 v14, 0                                       // 0000000021E0: 7E1C0280
	ds_store_b32 v11, v14                                      // 0000000021E4: D8340000 00000E0B
	s_wait_dscnt 0x0                                           // 0000000021EC: BFC60000
	s_mov_b32 exec_lo, s49                                     // 0000000021F0: BEFE0031
	s_mov_b32 s49, exec_lo                                     // 0000000021F4: BEB1007E
	v_cmp_eq_u32_e32 vcc_lo, 0, v2                             // 0000000021F8: 7C940480
	s_and_b32 exec_lo, exec_lo, vcc_lo                         // 0000000021FC: 8B7E6A7E
	s_cbranch_execz 6                                          // 000000002200: BFA50006 <occ_kernel+0x221c>
	v_mov_b32_e32 v11, 0x84d0                                  // 000000002204: 7E1602FF 000084D0
	v_mov_b32_e32 v14, 0                                       // 00000000220C: 7E1C0280
	ds_store_b32 v11, v14                                      // 000000002210: D8340000 00000E0B
	s_wait_dscnt 0x0                                           // 000000002218: BFC60000
	s_mov_b32 exec_lo, s49                                     // 00000000221C: BEFE0031
	s_mov_b32 s49, exec_lo                                     // 000000002220: BEB1007E
	v_cmp_eq_u32_e32 vcc_lo, 0, v2                             // 000000002224: 7C940480
	s_and_b32 exec_lo, exec_lo, vcc_lo                         // 000000002228: 8B7E6A7E
	s_cbranch_execz 6                                          // 00000000222C: BFA50006 <occ_kernel+0x2248>
	v_mov_b32_e32 v11, 0x84d4                                  // 000000002230: 7E1602FF 000084D4
	v_mov_b32_e32 v14, 0                                       // 000000002238: 7E1C0280
	ds_store_b32 v11, v14                                      // 00000000223C: D8340000 00000E0B
	s_wait_dscnt 0x0                                           // 000000002244: BFC60000
	s_mov_b32 exec_lo, s49                                     // 000000002248: BEFE0031
	s_mov_b32 s49, exec_lo                                     // 00000000224C: BEB1007E
	v_cmp_eq_u32_e32 vcc_lo, 0, v2                             // 000000002250: 7C940480
	s_and_b32 exec_lo, exec_lo, vcc_lo                         // 000000002254: 8B7E6A7E
	s_cbranch_execz 6                                          // 000000002258: BFA50006 <occ_kernel+0x2274>
	v_mov_b32_e32 v11, 0x84d8                                  // 00000000225C: 7E1602FF 000084D8
	v_mov_b32_e32 v14, 0                                       // 000000002264: 7E1C0280
	ds_store_b32 v11, v14                                      // 000000002268: D8340000 00000E0B
	s_wait_dscnt 0x0                                           // 000000002270: BFC60000
	s_mov_b32 exec_lo, s49                                     // 000000002274: BEFE0031
	s_mov_b32 s49, exec_lo                                     // 000000002278: BEB1007E
	v_cmp_eq_u32_e32 vcc_lo, 0, v2                             // 00000000227C: 7C940480
	s_and_b32 exec_lo, exec_lo, vcc_lo                         // 000000002280: 8B7E6A7E
	s_cbranch_execz 6                                          // 000000002284: BFA50006 <occ_kernel+0x22a0>
	v_mov_b32_e32 v11, 0x84dc                                  // 000000002288: 7E1602FF 000084DC
	v_mov_b32_e32 v14, 0                                       // 000000002290: 7E1C0280
	ds_store_b32 v11, v14                                      // 000000002294: D8340000 00000E0B
	s_wait_dscnt 0x0                                           // 00000000229C: BFC60000
	s_mov_b32 exec_lo, s49                                     // 0000000022A0: BEFE0031
	s_mov_b32 s49, exec_lo                                     // 0000000022A4: BEB1007E
	v_cmp_eq_u32_e32 vcc_lo, 0, v2                             // 0000000022A8: 7C940480
	s_and_b32 exec_lo, exec_lo, vcc_lo                         // 0000000022AC: 8B7E6A7E
	s_cbranch_execz 6                                          // 0000000022B0: BFA50006 <occ_kernel+0x22cc>
	v_mov_b32_e32 v11, 0x84e0                                  // 0000000022B4: 7E1602FF 000084E0
	v_mov_b32_e32 v14, -1                                      // 0000000022BC: 7E1C02C1
	ds_store_b32 v11, v14                                      // 0000000022C0: D8340000 00000E0B
	s_wait_dscnt 0x0                                           // 0000000022C8: BFC60000
	s_mov_b32 exec_lo, s49                                     // 0000000022CC: BEFE0031
	s_mov_b32 s49, exec_lo                                     // 0000000022D0: BEB1007E
	v_cmp_eq_u32_e32 vcc_lo, 0, v2                             // 0000000022D4: 7C940480
	s_and_b32 exec_lo, exec_lo, vcc_lo                         // 0000000022D8: 8B7E6A7E
	s_cbranch_execz 6                                          // 0000000022DC: BFA50006 <occ_kernel+0x22f8>
	v_mov_b32_e32 v11, 0x84e4                                  // 0000000022E0: 7E1602FF 000084E4
	v_mov_b32_e32 v14, -1                                      // 0000000022E8: 7E1C02C1
	ds_store_b32 v11, v14                                      // 0000000022EC: D8340000 00000E0B
	s_wait_dscnt 0x0                                           // 0000000022F4: BFC60000
	s_mov_b32 exec_lo, s49                                     // 0000000022F8: BEFE0031
	s_mov_b32 s49, exec_lo                                     // 0000000022FC: BEB1007E
	v_cmp_eq_u32_e32 vcc_lo, 0, v2                             // 000000002300: 7C940480
	s_and_b32 exec_lo, exec_lo, vcc_lo                         // 000000002304: 8B7E6A7E
	s_cbranch_execz 6                                          // 000000002308: BFA50006 <occ_kernel+0x2324>
	v_mov_b32_e32 v11, 0x84e8                                  // 00000000230C: 7E1602FF 000084E8
	v_mov_b32_e32 v14, -2.0                                    // 000000002314: 7E1C02F5
	ds_store_b32 v11, v14                                      // 000000002318: D8340000 00000E0B
	s_wait_dscnt 0x0                                           // 000000002320: BFC60000
	s_mov_b32 exec_lo, s49                                     // 000000002324: BEFE0031
	s_mov_b32 s49, exec_lo                                     // 000000002328: BEB1007E
	v_cmp_eq_u32_e32 vcc_lo, 0, v2                             // 00000000232C: 7C940480
	s_and_b32 exec_lo, exec_lo, vcc_lo                         // 000000002330: 8B7E6A7E
	s_cbranch_execz 6                                          // 000000002334: BFA50006 <occ_kernel+0x2350>
	v_mov_b32_e32 v11, 0x84ec                                  // 000000002338: 7E1602FF 000084EC
	v_mov_b32_e32 v14, 0                                       // 000000002340: 7E1C0280
	ds_store_b32 v11, v14                                      // 000000002344: D8340000 00000E0B
	s_wait_dscnt 0x0                                           // 00000000234C: BFC60000
	s_mov_b32 exec_lo, s49                                     // 000000002350: BEFE0031
	s_mov_b32 s49, exec_lo                                     // 000000002354: BEB1007E
	v_cmp_eq_u32_e32 vcc_lo, 0, v2                             // 000000002358: 7C940480
	s_and_b32 exec_lo, exec_lo, vcc_lo                         // 00000000235C: 8B7E6A7E
	s_cbranch_execz 6                                          // 000000002360: BFA50006 <occ_kernel+0x237c>
	v_mov_b32_e32 v11, 0x84f0                                  // 000000002364: 7E1602FF 000084F0
	v_mov_b32_e32 v14, 0                                       // 00000000236C: 7E1C0280
	ds_store_b32 v11, v14                                      // 000000002370: D8340000 00000E0B
	s_wait_dscnt 0x0                                           // 000000002378: BFC60000
	s_mov_b32 exec_lo, s49                                     // 00000000237C: BEFE0031
	s_mov_b32 s49, exec_lo                                     // 000000002380: BEB1007E
	v_cmp_eq_u32_e32 vcc_lo, 0, v2                             // 000000002384: 7C940480
	s_and_b32 exec_lo, exec_lo, vcc_lo                         // 000000002388: 8B7E6A7E
	s_cbranch_execz 6                                          // 00000000238C: BFA50006 <occ_kernel+0x23a8>
	v_mov_b32_e32 v11, 0x84f4                                  // 000000002390: 7E1602FF 000084F4
	v_mov_b32_e32 v14, 0                                       // 000000002398: 7E1C0280
	ds_store_b32 v11, v14                                      // 00000000239C: D8340000 00000E0B
	s_wait_dscnt 0x0                                           // 0000000023A4: BFC60000
	s_mov_b32 exec_lo, s49                                     // 0000000023A8: BEFE0031
	s_mov_b32 s49, exec_lo                                     // 0000000023AC: BEB1007E
	v_cmp_eq_u32_e32 vcc_lo, 0, v2                             // 0000000023B0: 7C940480
	s_and_b32 exec_lo, exec_lo, vcc_lo                         // 0000000023B4: 8B7E6A7E
	s_cbranch_execz 6                                          // 0000000023B8: BFA50006 <occ_kernel+0x23d4>
	v_mov_b32_e32 v11, 0x84f8                                  // 0000000023BC: 7E1602FF 000084F8
	v_mov_b32_e32 v14, 0                                       // 0000000023C4: 7E1C0280
	ds_store_b32 v11, v14                                      // 0000000023C8: D8340000 00000E0B
	s_wait_dscnt 0x0                                           // 0000000023D0: BFC60000
	s_mov_b32 exec_lo, s49                                     // 0000000023D4: BEFE0031
	s_mov_b32 s49, exec_lo                                     // 0000000023D8: BEB1007E
	v_cmp_eq_u32_e32 vcc_lo, 0, v2                             // 0000000023DC: 7C940480
	s_and_b32 exec_lo, exec_lo, vcc_lo                         // 0000000023E0: 8B7E6A7E
	s_cbranch_execz 6                                          // 0000000023E4: BFA50006 <occ_kernel+0x2400>
	v_mov_b32_e32 v11, 0x84fc                                  // 0000000023E8: 7E1602FF 000084FC
	v_mov_b32_e32 v14, 0                                       // 0000000023F0: 7E1C0280
	ds_store_b32 v11, v14                                      // 0000000023F4: D8340000 00000E0B
	s_wait_dscnt 0x0                                           // 0000000023FC: BFC60000
	s_mov_b32 exec_lo, s49                                     // 000000002400: BEFE0031
	s_mov_b32 s49, exec_lo                                     // 000000002404: BEB1007E
	v_cmp_eq_u32_e32 vcc_lo, 0, v2                             // 000000002408: 7C940480
	s_and_b32 exec_lo, exec_lo, vcc_lo                         // 00000000240C: 8B7E6A7E
	s_cbranch_execz 6                                          // 000000002410: BFA50006 <occ_kernel+0x242c>
	v_mov_b32_e32 v11, 0x8500                                  // 000000002414: 7E1602FF 00008500
	v_mov_b32_e32 v14, -1                                      // 00000000241C: 7E1C02C1
	ds_store_b32 v11, v14                                      // 000000002420: D8340000 00000E0B
	s_wait_dscnt 0x0                                           // 000000002428: BFC60000
	s_mov_b32 exec_lo, s49                                     // 00000000242C: BEFE0031
	s_mov_b32 s49, exec_lo                                     // 000000002430: BEB1007E
	v_cmp_eq_u32_e32 vcc_lo, 0, v2                             // 000000002434: 7C940480
	s_and_b32 exec_lo, exec_lo, vcc_lo                         // 000000002438: 8B7E6A7E
	s_cbranch_execz 6                                          // 00000000243C: BFA50006 <occ_kernel+0x2458>
	v_mov_b32_e32 v11, 0x8504                                  // 000000002440: 7E1602FF 00008504
	v_mov_b32_e32 v14, -1                                      // 000000002448: 7E1C02C1
	ds_store_b32 v11, v14                                      // 00000000244C: D8340000 00000E0B
	s_wait_dscnt 0x0                                           // 000000002454: BFC60000
	s_mov_b32 exec_lo, s49                                     // 000000002458: BEFE0031
	s_mov_b32 s49, exec_lo                                     // 00000000245C: BEB1007E
	v_cmp_eq_u32_e32 vcc_lo, 0, v2                             // 000000002460: 7C940480
	s_and_b32 exec_lo, exec_lo, vcc_lo                         // 000000002464: 8B7E6A7E
	s_cbranch_execz 6                                          // 000000002468: BFA50006 <occ_kernel+0x2484>
	v_mov_b32_e32 v11, 0x8508                                  // 00000000246C: 7E1602FF 00008508
	v_mov_b32_e32 v14, -2.0                                    // 000000002474: 7E1C02F5
	ds_store_b32 v11, v14                                      // 000000002478: D8340000 00000E0B
	s_wait_dscnt 0x0                                           // 000000002480: BFC60000
	s_mov_b32 exec_lo, s49                                     // 000000002484: BEFE0031
	s_mov_b32 s49, exec_lo                                     // 000000002488: BEB1007E
	v_cmp_eq_u32_e32 vcc_lo, 0, v2                             // 00000000248C: 7C940480
	s_and_b32 exec_lo, exec_lo, vcc_lo                         // 000000002490: 8B7E6A7E
	s_cbranch_execz 6                                          // 000000002494: BFA50006 <occ_kernel+0x24b0>
	v_mov_b32_e32 v11, 0x850c                                  // 000000002498: 7E1602FF 0000850C
	v_mov_b32_e32 v14, 0                                       // 0000000024A0: 7E1C0280
	ds_store_b32 v11, v14                                      // 0000000024A4: D8340000 00000E0B
	s_wait_dscnt 0x0                                           // 0000000024AC: BFC60000
	s_mov_b32 exec_lo, s49                                     // 0000000024B0: BEFE0031
	s_mov_b32 s49, exec_lo                                     // 0000000024B4: BEB1007E
	v_cmp_eq_u32_e32 vcc_lo, 0, v2                             // 0000000024B8: 7C940480
	s_and_b32 exec_lo, exec_lo, vcc_lo                         // 0000000024BC: 8B7E6A7E
	s_cbranch_execz 6                                          // 0000000024C0: BFA50006 <occ_kernel+0x24dc>
	v_mov_b32_e32 v11, 0x8510                                  // 0000000024C4: 7E1602FF 00008510
	v_mov_b32_e32 v14, 0                                       // 0000000024CC: 7E1C0280
	ds_store_b32 v11, v14                                      // 0000000024D0: D8340000 00000E0B
	s_wait_dscnt 0x0                                           // 0000000024D8: BFC60000
	s_mov_b32 exec_lo, s49                                     // 0000000024DC: BEFE0031
	s_mov_b32 s49, exec_lo                                     // 0000000024E0: BEB1007E
	v_cmp_eq_u32_e32 vcc_lo, 0, v2                             // 0000000024E4: 7C940480
	s_and_b32 exec_lo, exec_lo, vcc_lo                         // 0000000024E8: 8B7E6A7E
	s_cbranch_execz 6                                          // 0000000024EC: BFA50006 <occ_kernel+0x2508>
	v_mov_b32_e32 v11, 0x8514                                  // 0000000024F0: 7E1602FF 00008514
	v_mov_b32_e32 v14, 0                                       // 0000000024F8: 7E1C0280
	ds_store_b32 v11, v14                                      // 0000000024FC: D8340000 00000E0B
	s_wait_dscnt 0x0                                           // 000000002504: BFC60000
	s_mov_b32 exec_lo, s49                                     // 000000002508: BEFE0031
	s_mov_b32 s49, exec_lo                                     // 00000000250C: BEB1007E
	v_cmp_eq_u32_e32 vcc_lo, 0, v2                             // 000000002510: 7C940480
	s_and_b32 exec_lo, exec_lo, vcc_lo                         // 000000002514: 8B7E6A7E
	s_cbranch_execz 6                                          // 000000002518: BFA50006 <occ_kernel+0x2534>
	v_mov_b32_e32 v11, 0x8518                                  // 00000000251C: 7E1602FF 00008518
	v_mov_b32_e32 v14, 0                                       // 000000002524: 7E1C0280
	ds_store_b32 v11, v14                                      // 000000002528: D8340000 00000E0B
	s_wait_dscnt 0x0                                           // 000000002530: BFC60000
	s_mov_b32 exec_lo, s49                                     // 000000002534: BEFE0031
	s_mov_b32 s49, exec_lo                                     // 000000002538: BEB1007E
	v_cmp_eq_u32_e32 vcc_lo, 0, v2                             // 00000000253C: 7C940480
	s_and_b32 exec_lo, exec_lo, vcc_lo                         // 000000002540: 8B7E6A7E
	s_cbranch_execz 6                                          // 000000002544: BFA50006 <occ_kernel+0x2560>
	v_mov_b32_e32 v11, 0x851c                                  // 000000002548: 7E1602FF 0000851C
	v_mov_b32_e32 v14, 0                                       // 000000002550: 7E1C0280
	ds_store_b32 v11, v14                                      // 000000002554: D8340000 00000E0B
	s_wait_dscnt 0x0                                           // 00000000255C: BFC60000
	s_mov_b32 exec_lo, s49                                     // 000000002560: BEFE0031
	s_mov_b32 s49, exec_lo                                     // 000000002564: BEB1007E
	v_cmp_eq_u32_e32 vcc_lo, 0, v2                             // 000000002568: 7C940480
	s_and_b32 exec_lo, exec_lo, vcc_lo                         // 00000000256C: 8B7E6A7E
	s_cbranch_execz 6                                          // 000000002570: BFA50006 <occ_kernel+0x258c>
	v_mov_b32_e32 v11, 0x8520                                  // 000000002574: 7E1602FF 00008520
	v_mov_b32_e32 v14, -1                                      // 00000000257C: 7E1C02C1
	ds_store_b32 v11, v14                                      // 000000002580: D8340000 00000E0B
	s_wait_dscnt 0x0                                           // 000000002588: BFC60000
	s_mov_b32 exec_lo, s49                                     // 00000000258C: BEFE0031
	s_mov_b32 s49, exec_lo                                     // 000000002590: BEB1007E
	v_cmp_eq_u32_e32 vcc_lo, 0, v2                             // 000000002594: 7C940480
	s_and_b32 exec_lo, exec_lo, vcc_lo                         // 000000002598: 8B7E6A7E
	s_cbranch_execz 6                                          // 00000000259C: BFA50006 <occ_kernel+0x25b8>
	v_mov_b32_e32 v11, 0x8524                                  // 0000000025A0: 7E1602FF 00008524
	v_mov_b32_e32 v14, -1                                      // 0000000025A8: 7E1C02C1
	ds_store_b32 v11, v14                                      // 0000000025AC: D8340000 00000E0B
	s_wait_dscnt 0x0                                           // 0000000025B4: BFC60000
	s_mov_b32 exec_lo, s49                                     // 0000000025B8: BEFE0031
	s_mov_b32 s49, exec_lo                                     // 0000000025BC: BEB1007E
	v_cmp_eq_u32_e32 vcc_lo, 0, v2                             // 0000000025C0: 7C940480
	s_and_b32 exec_lo, exec_lo, vcc_lo                         // 0000000025C4: 8B7E6A7E
	s_cbranch_execz 6                                          // 0000000025C8: BFA50006 <occ_kernel+0x25e4>
	v_mov_b32_e32 v11, 0x8528                                  // 0000000025CC: 7E1602FF 00008528
	v_mov_b32_e32 v14, -2.0                                    // 0000000025D4: 7E1C02F5
	ds_store_b32 v11, v14                                      // 0000000025D8: D8340000 00000E0B
	s_wait_dscnt 0x0                                           // 0000000025E0: BFC60000
	s_mov_b32 exec_lo, s49                                     // 0000000025E4: BEFE0031
	s_mov_b32 s49, exec_lo                                     // 0000000025E8: BEB1007E
	v_cmp_eq_u32_e32 vcc_lo, 0, v2                             // 0000000025EC: 7C940480
	s_and_b32 exec_lo, exec_lo, vcc_lo                         // 0000000025F0: 8B7E6A7E
	s_cbranch_execz 6                                          // 0000000025F4: BFA50006 <occ_kernel+0x2610>
	v_mov_b32_e32 v11, 0x852c                                  // 0000000025F8: 7E1602FF 0000852C
	v_mov_b32_e32 v14, 0                                       // 000000002600: 7E1C0280
	ds_store_b32 v11, v14                                      // 000000002604: D8340000 00000E0B
	s_wait_dscnt 0x0                                           // 00000000260C: BFC60000
	s_mov_b32 exec_lo, s49                                     // 000000002610: BEFE0031
	s_mov_b32 s49, exec_lo                                     // 000000002614: BEB1007E
	v_cmp_eq_u32_e32 vcc_lo, 0, v2                             // 000000002618: 7C940480
	s_and_b32 exec_lo, exec_lo, vcc_lo                         // 00000000261C: 8B7E6A7E
	s_cbranch_execz 6                                          // 000000002620: BFA50006 <occ_kernel+0x263c>
	v_mov_b32_e32 v11, 0x8530                                  // 000000002624: 7E1602FF 00008530
	v_mov_b32_e32 v14, 0                                       // 00000000262C: 7E1C0280
	ds_store_b32 v11, v14                                      // 000000002630: D8340000 00000E0B
	s_wait_dscnt 0x0                                           // 000000002638: BFC60000
	s_mov_b32 exec_lo, s49                                     // 00000000263C: BEFE0031
	s_mov_b32 s49, exec_lo                                     // 000000002640: BEB1007E
	v_cmp_eq_u32_e32 vcc_lo, 0, v2                             // 000000002644: 7C940480
	s_and_b32 exec_lo, exec_lo, vcc_lo                         // 000000002648: 8B7E6A7E
	s_cbranch_execz 6                                          // 00000000264C: BFA50006 <occ_kernel+0x2668>
	v_mov_b32_e32 v11, 0x8534                                  // 000000002650: 7E1602FF 00008534
	v_mov_b32_e32 v14, 0                                       // 000000002658: 7E1C0280
	ds_store_b32 v11, v14                                      // 00000000265C: D8340000 00000E0B
	s_wait_dscnt 0x0                                           // 000000002664: BFC60000
	s_mov_b32 exec_lo, s49                                     // 000000002668: BEFE0031
	s_mov_b32 s49, exec_lo                                     // 00000000266C: BEB1007E
	v_cmp_eq_u32_e32 vcc_lo, 0, v2                             // 000000002670: 7C940480
	s_and_b32 exec_lo, exec_lo, vcc_lo                         // 000000002674: 8B7E6A7E
	s_cbranch_execz 6                                          // 000000002678: BFA50006 <occ_kernel+0x2694>
	v_mov_b32_e32 v11, 0x8538                                  // 00000000267C: 7E1602FF 00008538
	v_mov_b32_e32 v14, 0                                       // 000000002684: 7E1C0280
	ds_store_b32 v11, v14                                      // 000000002688: D8340000 00000E0B
	s_wait_dscnt 0x0                                           // 000000002690: BFC60000
	s_mov_b32 exec_lo, s49                                     // 000000002694: BEFE0031
	s_mov_b32 s49, exec_lo                                     // 000000002698: BEB1007E
	v_cmp_eq_u32_e32 vcc_lo, 0, v2                             // 00000000269C: 7C940480
	s_and_b32 exec_lo, exec_lo, vcc_lo                         // 0000000026A0: 8B7E6A7E
	s_cbranch_execz 6                                          // 0000000026A4: BFA50006 <occ_kernel+0x26c0>
	v_mov_b32_e32 v11, 0x853c                                  // 0000000026A8: 7E1602FF 0000853C
	v_mov_b32_e32 v14, 0                                       // 0000000026B0: 7E1C0280
	ds_store_b32 v11, v14                                      // 0000000026B4: D8340000 00000E0B
	s_wait_dscnt 0x0                                           // 0000000026BC: BFC60000
	s_mov_b32 exec_lo, s49                                     // 0000000026C0: BEFE0031
	s_mov_b32 s49, exec_lo                                     // 0000000026C4: BEB1007E
	v_cmp_eq_u32_e32 vcc_lo, 0, v2                             // 0000000026C8: 7C940480
	s_and_b32 exec_lo, exec_lo, vcc_lo                         // 0000000026CC: 8B7E6A7E
	s_cbranch_execz 6                                          // 0000000026D0: BFA50006 <occ_kernel+0x26ec>
	v_mov_b32_e32 v11, 0x8540                                  // 0000000026D4: 7E1602FF 00008540
	v_mov_b32_e32 v14, -1                                      // 0000000026DC: 7E1C02C1
	ds_store_b32 v11, v14                                      // 0000000026E0: D8340000 00000E0B
	s_wait_dscnt 0x0                                           // 0000000026E8: BFC60000
	s_mov_b32 exec_lo, s49                                     // 0000000026EC: BEFE0031
	s_mov_b32 s49, exec_lo                                     // 0000000026F0: BEB1007E
	v_cmp_eq_u32_e32 vcc_lo, 0, v2                             // 0000000026F4: 7C940480
	s_and_b32 exec_lo, exec_lo, vcc_lo                         // 0000000026F8: 8B7E6A7E
	s_cbranch_execz 6                                          // 0000000026FC: BFA50006 <occ_kernel+0x2718>
	v_mov_b32_e32 v11, 0x8544                                  // 000000002700: 7E1602FF 00008544
	v_mov_b32_e32 v14, -1                                      // 000000002708: 7E1C02C1
	ds_store_b32 v11, v14                                      // 00000000270C: D8340000 00000E0B
	s_wait_dscnt 0x0                                           // 000000002714: BFC60000
	s_mov_b32 exec_lo, s49                                     // 000000002718: BEFE0031
	s_mov_b32 s49, exec_lo                                     // 00000000271C: BEB1007E
	v_cmp_eq_u32_e32 vcc_lo, 0, v2                             // 000000002720: 7C940480
	s_and_b32 exec_lo, exec_lo, vcc_lo                         // 000000002724: 8B7E6A7E
	s_cbranch_execz 6                                          // 000000002728: BFA50006 <occ_kernel+0x2744>
	v_mov_b32_e32 v11, 0x8548                                  // 00000000272C: 7E1602FF 00008548
	v_mov_b32_e32 v14, -2.0                                    // 000000002734: 7E1C02F5
	ds_store_b32 v11, v14                                      // 000000002738: D8340000 00000E0B
	s_wait_dscnt 0x0                                           // 000000002740: BFC60000
	s_mov_b32 exec_lo, s49                                     // 000000002744: BEFE0031
	s_mov_b32 s49, exec_lo                                     // 000000002748: BEB1007E
	v_cmp_eq_u32_e32 vcc_lo, 0, v2                             // 00000000274C: 7C940480
	s_and_b32 exec_lo, exec_lo, vcc_lo                         // 000000002750: 8B7E6A7E
	s_cbranch_execz 6                                          // 000000002754: BFA50006 <occ_kernel+0x2770>
	v_mov_b32_e32 v11, 0x854c                                  // 000000002758: 7E1602FF 0000854C
	v_mov_b32_e32 v14, 0                                       // 000000002760: 7E1C0280
	ds_store_b32 v11, v14                                      // 000000002764: D8340000 00000E0B
	s_wait_dscnt 0x0                                           // 00000000276C: BFC60000
	s_mov_b32 exec_lo, s49                                     // 000000002770: BEFE0031
	s_mov_b32 s49, exec_lo                                     // 000000002774: BEB1007E
	v_cmp_eq_u32_e32 vcc_lo, 0, v2                             // 000000002778: 7C940480
	s_and_b32 exec_lo, exec_lo, vcc_lo                         // 00000000277C: 8B7E6A7E
	s_cbranch_execz 6                                          // 000000002780: BFA50006 <occ_kernel+0x279c>
	v_mov_b32_e32 v11, 0x8550                                  // 000000002784: 7E1602FF 00008550
	v_mov_b32_e32 v14, 0                                       // 00000000278C: 7E1C0280
	ds_store_b32 v11, v14                                      // 000000002790: D8340000 00000E0B
	s_wait_dscnt 0x0                                           // 000000002798: BFC60000
	s_mov_b32 exec_lo, s49                                     // 00000000279C: BEFE0031
	s_mov_b32 s49, exec_lo                                     // 0000000027A0: BEB1007E
	v_cmp_eq_u32_e32 vcc_lo, 0, v2                             // 0000000027A4: 7C940480
	s_and_b32 exec_lo, exec_lo, vcc_lo                         // 0000000027A8: 8B7E6A7E
	s_cbranch_execz 6                                          // 0000000027AC: BFA50006 <occ_kernel+0x27c8>
	v_mov_b32_e32 v11, 0x8554                                  // 0000000027B0: 7E1602FF 00008554
	v_mov_b32_e32 v14, 0                                       // 0000000027B8: 7E1C0280
	ds_store_b32 v11, v14                                      // 0000000027BC: D8340000 00000E0B
	s_wait_dscnt 0x0                                           // 0000000027C4: BFC60000
	s_mov_b32 exec_lo, s49                                     // 0000000027C8: BEFE0031
	s_mov_b32 s49, exec_lo                                     // 0000000027CC: BEB1007E
	v_cmp_eq_u32_e32 vcc_lo, 0, v2                             // 0000000027D0: 7C940480
	s_and_b32 exec_lo, exec_lo, vcc_lo                         // 0000000027D4: 8B7E6A7E
	s_cbranch_execz 6                                          // 0000000027D8: BFA50006 <occ_kernel+0x27f4>
	v_mov_b32_e32 v11, 0x8558                                  // 0000000027DC: 7E1602FF 00008558
	v_mov_b32_e32 v14, 0                                       // 0000000027E4: 7E1C0280
	ds_store_b32 v11, v14                                      // 0000000027E8: D8340000 00000E0B
	s_wait_dscnt 0x0                                           // 0000000027F0: BFC60000
	s_mov_b32 exec_lo, s49                                     // 0000000027F4: BEFE0031
	s_mov_b32 s49, exec_lo                                     // 0000000027F8: BEB1007E
	v_cmp_eq_u32_e32 vcc_lo, 0, v2                             // 0000000027FC: 7C940480
	s_and_b32 exec_lo, exec_lo, vcc_lo                         // 000000002800: 8B7E6A7E
	s_cbranch_execz 6                                          // 000000002804: BFA50006 <occ_kernel+0x2820>
	v_mov_b32_e32 v11, 0x855c                                  // 000000002808: 7E1602FF 0000855C
	v_mov_b32_e32 v14, 0                                       // 000000002810: 7E1C0280
	ds_store_b32 v11, v14                                      // 000000002814: D8340000 00000E0B
	s_wait_dscnt 0x0                                           // 00000000281C: BFC60000
	s_mov_b32 exec_lo, s49                                     // 000000002820: BEFE0031
	s_mov_b32 s49, exec_lo                                     // 000000002824: BEB1007E
	v_cmp_eq_u32_e32 vcc_lo, 0, v2                             // 000000002828: 7C940480
	s_and_b32 exec_lo, exec_lo, vcc_lo                         // 00000000282C: 8B7E6A7E
	s_cbranch_execz 6                                          // 000000002830: BFA50006 <occ_kernel+0x284c>
	v_mov_b32_e32 v11, 0x8560                                  // 000000002834: 7E1602FF 00008560
	v_mov_b32_e32 v14, -1                                      // 00000000283C: 7E1C02C1
	ds_store_b32 v11, v14                                      // 000000002840: D8340000 00000E0B
	s_wait_dscnt 0x0                                           // 000000002848: BFC60000
	s_mov_b32 exec_lo, s49                                     // 00000000284C: BEFE0031
	s_mov_b32 s49, exec_lo                                     // 000000002850: BEB1007E
	v_cmp_eq_u32_e32 vcc_lo, 0, v2                             // 000000002854: 7C940480
	s_and_b32 exec_lo, exec_lo, vcc_lo                         // 000000002858: 8B7E6A7E
	s_cbranch_execz 6                                          // 00000000285C: BFA50006 <occ_kernel+0x2878>
	v_mov_b32_e32 v11, 0x8564                                  // 000000002860: 7E1602FF 00008564
	v_mov_b32_e32 v14, -1                                      // 000000002868: 7E1C02C1
	ds_store_b32 v11, v14                                      // 00000000286C: D8340000 00000E0B
	s_wait_dscnt 0x0                                           // 000000002874: BFC60000
	s_mov_b32 exec_lo, s49                                     // 000000002878: BEFE0031
	s_mov_b32 s49, exec_lo                                     // 00000000287C: BEB1007E
	v_cmp_eq_u32_e32 vcc_lo, 0, v2                             // 000000002880: 7C940480
	s_and_b32 exec_lo, exec_lo, vcc_lo                         // 000000002884: 8B7E6A7E
	s_cbranch_execz 6                                          // 000000002888: BFA50006 <occ_kernel+0x28a4>
	v_mov_b32_e32 v11, 0x8568                                  // 00000000288C: 7E1602FF 00008568
	v_mov_b32_e32 v14, -2.0                                    // 000000002894: 7E1C02F5
	ds_store_b32 v11, v14                                      // 000000002898: D8340000 00000E0B
	s_wait_dscnt 0x0                                           // 0000000028A0: BFC60000
	s_mov_b32 exec_lo, s49                                     // 0000000028A4: BEFE0031
	s_mov_b32 s49, exec_lo                                     // 0000000028A8: BEB1007E
	v_cmp_eq_u32_e32 vcc_lo, 0, v2                             // 0000000028AC: 7C940480
	s_and_b32 exec_lo, exec_lo, vcc_lo                         // 0000000028B0: 8B7E6A7E
	s_cbranch_execz 6                                          // 0000000028B4: BFA50006 <occ_kernel+0x28d0>
	v_mov_b32_e32 v11, 0x856c                                  // 0000000028B8: 7E1602FF 0000856C
	v_mov_b32_e32 v14, 0                                       // 0000000028C0: 7E1C0280
	ds_store_b32 v11, v14                                      // 0000000028C4: D8340000 00000E0B
	s_wait_dscnt 0x0                                           // 0000000028CC: BFC60000
	s_mov_b32 exec_lo, s49                                     // 0000000028D0: BEFE0031
	s_mov_b32 s49, exec_lo                                     // 0000000028D4: BEB1007E
	v_cmp_eq_u32_e32 vcc_lo, 0, v2                             // 0000000028D8: 7C940480
	s_and_b32 exec_lo, exec_lo, vcc_lo                         // 0000000028DC: 8B7E6A7E
	s_cbranch_execz 6                                          // 0000000028E0: BFA50006 <occ_kernel+0x28fc>
	v_mov_b32_e32 v11, 0x8570                                  // 0000000028E4: 7E1602FF 00008570
	v_mov_b32_e32 v14, 0                                       // 0000000028EC: 7E1C0280
	ds_store_b32 v11, v14                                      // 0000000028F0: D8340000 00000E0B
	s_wait_dscnt 0x0                                           // 0000000028F8: BFC60000
	s_mov_b32 exec_lo, s49                                     // 0000000028FC: BEFE0031
	s_mov_b32 s49, exec_lo                                     // 000000002900: BEB1007E
	v_cmp_eq_u32_e32 vcc_lo, 0, v2                             // 000000002904: 7C940480
	s_and_b32 exec_lo, exec_lo, vcc_lo                         // 000000002908: 8B7E6A7E
	s_cbranch_execz 6                                          // 00000000290C: BFA50006 <occ_kernel+0x2928>
	v_mov_b32_e32 v11, 0x8574                                  // 000000002910: 7E1602FF 00008574
	v_mov_b32_e32 v14, 0                                       // 000000002918: 7E1C0280
	ds_store_b32 v11, v14                                      // 00000000291C: D8340000 00000E0B
	s_wait_dscnt 0x0                                           // 000000002924: BFC60000
	s_mov_b32 exec_lo, s49                                     // 000000002928: BEFE0031
	s_mov_b32 s49, exec_lo                                     // 00000000292C: BEB1007E
	v_cmp_eq_u32_e32 vcc_lo, 0, v2                             // 000000002930: 7C940480
	s_and_b32 exec_lo, exec_lo, vcc_lo                         // 000000002934: 8B7E6A7E
	s_cbranch_execz 6                                          // 000000002938: BFA50006 <occ_kernel+0x2954>
	v_mov_b32_e32 v11, 0x8578                                  // 00000000293C: 7E1602FF 00008578
	v_mov_b32_e32 v14, 0                                       // 000000002944: 7E1C0280
	ds_store_b32 v11, v14                                      // 000000002948: D8340000 00000E0B
	s_wait_dscnt 0x0                                           // 000000002950: BFC60000
	s_mov_b32 exec_lo, s49                                     // 000000002954: BEFE0031
	s_mov_b32 s49, exec_lo                                     // 000000002958: BEB1007E
	v_cmp_eq_u32_e32 vcc_lo, 0, v2                             // 00000000295C: 7C940480
	s_and_b32 exec_lo, exec_lo, vcc_lo                         // 000000002960: 8B7E6A7E
	s_cbranch_execz 6                                          // 000000002964: BFA50006 <occ_kernel+0x2980>
	v_mov_b32_e32 v11, 0x857c                                  // 000000002968: 7E1602FF 0000857C
	v_mov_b32_e32 v14, 0                                       // 000000002970: 7E1C0280
	ds_store_b32 v11, v14                                      // 000000002974: D8340000 00000E0B
	s_wait_dscnt 0x0                                           // 00000000297C: BFC60000
	s_mov_b32 exec_lo, s49                                     // 000000002980: BEFE0031
	s_mov_b32 s49, exec_lo                                     // 000000002984: BEB1007E
	v_cmp_eq_u32_e32 vcc_lo, 0, v2                             // 000000002988: 7C940480
	s_and_b32 exec_lo, exec_lo, vcc_lo                         // 00000000298C: 8B7E6A7E
	s_cbranch_execz 6                                          // 000000002990: BFA50006 <occ_kernel+0x29ac>
	v_mov_b32_e32 v11, 0x8580                                  // 000000002994: 7E1602FF 00008580
	v_mov_b32_e32 v14, -1                                      // 00000000299C: 7E1C02C1
	ds_store_b32 v11, v14                                      // 0000000029A0: D8340000 00000E0B
	s_wait_dscnt 0x0                                           // 0000000029A8: BFC60000
	s_mov_b32 exec_lo, s49                                     // 0000000029AC: BEFE0031
	s_mov_b32 s49, exec_lo                                     // 0000000029B0: BEB1007E
	v_cmp_eq_u32_e32 vcc_lo, 0, v2                             // 0000000029B4: 7C940480
	s_and_b32 exec_lo, exec_lo, vcc_lo                         // 0000000029B8: 8B7E6A7E
	s_cbranch_execz 6                                          // 0000000029BC: BFA50006 <occ_kernel+0x29d8>
	v_mov_b32_e32 v11, 0x8584                                  // 0000000029C0: 7E1602FF 00008584
	v_mov_b32_e32 v14, -1                                      // 0000000029C8: 7E1C02C1
	ds_store_b32 v11, v14                                      // 0000000029CC: D8340000 00000E0B
	s_wait_dscnt 0x0                                           // 0000000029D4: BFC60000
	s_mov_b32 exec_lo, s49                                     // 0000000029D8: BEFE0031
	s_mov_b32 s49, exec_lo                                     // 0000000029DC: BEB1007E
	v_cmp_eq_u32_e32 vcc_lo, 0, v2                             // 0000000029E0: 7C940480
	s_and_b32 exec_lo, exec_lo, vcc_lo                         // 0000000029E4: 8B7E6A7E
	s_cbranch_execz 6                                          // 0000000029E8: BFA50006 <occ_kernel+0x2a04>
	v_mov_b32_e32 v11, 0x8588                                  // 0000000029EC: 7E1602FF 00008588
	v_mov_b32_e32 v14, -2.0                                    // 0000000029F4: 7E1C02F5
	ds_store_b32 v11, v14                                      // 0000000029F8: D8340000 00000E0B
	s_wait_dscnt 0x0                                           // 000000002A00: BFC60000
	s_mov_b32 exec_lo, s49                                     // 000000002A04: BEFE0031
	s_mov_b32 s49, exec_lo                                     // 000000002A08: BEB1007E
	v_cmp_eq_u32_e32 vcc_lo, 0, v2                             // 000000002A0C: 7C940480
	s_and_b32 exec_lo, exec_lo, vcc_lo                         // 000000002A10: 8B7E6A7E
	s_cbranch_execz 6                                          // 000000002A14: BFA50006 <occ_kernel+0x2a30>
	v_mov_b32_e32 v11, 0x858c                                  // 000000002A18: 7E1602FF 0000858C
	v_mov_b32_e32 v14, 0                                       // 000000002A20: 7E1C0280
	ds_store_b32 v11, v14                                      // 000000002A24: D8340000 00000E0B
	s_wait_dscnt 0x0                                           // 000000002A2C: BFC60000
	s_mov_b32 exec_lo, s49                                     // 000000002A30: BEFE0031
	s_mov_b32 s49, exec_lo                                     // 000000002A34: BEB1007E
	v_cmp_eq_u32_e32 vcc_lo, 0, v2                             // 000000002A38: 7C940480
	s_and_b32 exec_lo, exec_lo, vcc_lo                         // 000000002A3C: 8B7E6A7E
	s_cbranch_execz 6                                          // 000000002A40: BFA50006 <occ_kernel+0x2a5c>
	v_mov_b32_e32 v11, 0x8590                                  // 000000002A44: 7E1602FF 00008590
	v_mov_b32_e32 v14, 0                                       // 000000002A4C: 7E1C0280
	ds_store_b32 v11, v14                                      // 000000002A50: D8340000 00000E0B
	s_wait_dscnt 0x0                                           // 000000002A58: BFC60000
	s_mov_b32 exec_lo, s49                                     // 000000002A5C: BEFE0031
	s_mov_b32 s49, exec_lo                                     // 000000002A60: BEB1007E
	v_cmp_eq_u32_e32 vcc_lo, 0, v2                             // 000000002A64: 7C940480
	s_and_b32 exec_lo, exec_lo, vcc_lo                         // 000000002A68: 8B7E6A7E
	s_cbranch_execz 6                                          // 000000002A6C: BFA50006 <occ_kernel+0x2a88>
	v_mov_b32_e32 v11, 0x8594                                  // 000000002A70: 7E1602FF 00008594
	v_mov_b32_e32 v14, 0                                       // 000000002A78: 7E1C0280
	ds_store_b32 v11, v14                                      // 000000002A7C: D8340000 00000E0B
	s_wait_dscnt 0x0                                           // 000000002A84: BFC60000
	s_mov_b32 exec_lo, s49                                     // 000000002A88: BEFE0031
	s_mov_b32 s49, exec_lo                                     // 000000002A8C: BEB1007E
	v_cmp_eq_u32_e32 vcc_lo, 0, v2                             // 000000002A90: 7C940480
	s_and_b32 exec_lo, exec_lo, vcc_lo                         // 000000002A94: 8B7E6A7E
	s_cbranch_execz 6                                          // 000000002A98: BFA50006 <occ_kernel+0x2ab4>
	v_mov_b32_e32 v11, 0x8598                                  // 000000002A9C: 7E1602FF 00008598
	v_mov_b32_e32 v14, 0                                       // 000000002AA4: 7E1C0280
	ds_store_b32 v11, v14                                      // 000000002AA8: D8340000 00000E0B
	s_wait_dscnt 0x0                                           // 000000002AB0: BFC60000
	s_mov_b32 exec_lo, s49                                     // 000000002AB4: BEFE0031
	s_mov_b32 s49, exec_lo                                     // 000000002AB8: BEB1007E
	v_cmp_eq_u32_e32 vcc_lo, 0, v2                             // 000000002ABC: 7C940480
	s_and_b32 exec_lo, exec_lo, vcc_lo                         // 000000002AC0: 8B7E6A7E
	s_cbranch_execz 6                                          // 000000002AC4: BFA50006 <occ_kernel+0x2ae0>
	v_mov_b32_e32 v11, 0x859c                                  // 000000002AC8: 7E1602FF 0000859C
	v_mov_b32_e32 v14, 0                                       // 000000002AD0: 7E1C0280
	ds_store_b32 v11, v14                                      // 000000002AD4: D8340000 00000E0B
	s_wait_dscnt 0x0                                           // 000000002ADC: BFC60000
	s_mov_b32 exec_lo, s49                                     // 000000002AE0: BEFE0031
	s_mov_b32 s49, exec_lo                                     // 000000002AE4: BEB1007E
	v_cmp_eq_u32_e32 vcc_lo, 0, v2                             // 000000002AE8: 7C940480
	s_and_b32 exec_lo, exec_lo, vcc_lo                         // 000000002AEC: 8B7E6A7E
	s_cbranch_execz 6                                          // 000000002AF0: BFA50006 <occ_kernel+0x2b0c>
	v_mov_b32_e32 v11, 0x85a0                                  // 000000002AF4: 7E1602FF 000085A0
	v_mov_b32_e32 v14, -1                                      // 000000002AFC: 7E1C02C1
	ds_store_b32 v11, v14                                      // 000000002B00: D8340000 00000E0B
	s_wait_dscnt 0x0                                           // 000000002B08: BFC60000
	s_mov_b32 exec_lo, s49                                     // 000000002B0C: BEFE0031
	s_mov_b32 s49, exec_lo                                     // 000000002B10: BEB1007E
	v_cmp_eq_u32_e32 vcc_lo, 0, v2                             // 000000002B14: 7C940480
	s_and_b32 exec_lo, exec_lo, vcc_lo                         // 000000002B18: 8B7E6A7E
	s_cbranch_execz 6                                          // 000000002B1C: BFA50006 <occ_kernel+0x2b38>
	v_mov_b32_e32 v11, 0x85a4                                  // 000000002B20: 7E1602FF 000085A4
	v_mov_b32_e32 v14, -1                                      // 000000002B28: 7E1C02C1
	ds_store_b32 v11, v14                                      // 000000002B2C: D8340000 00000E0B
	s_wait_dscnt 0x0                                           // 000000002B34: BFC60000
	s_mov_b32 exec_lo, s49                                     // 000000002B38: BEFE0031
	s_mov_b32 s49, exec_lo                                     // 000000002B3C: BEB1007E
	v_cmp_eq_u32_e32 vcc_lo, 0, v2                             // 000000002B40: 7C940480
	s_and_b32 exec_lo, exec_lo, vcc_lo                         // 000000002B44: 8B7E6A7E
	s_cbranch_execz 6                                          // 000000002B48: BFA50006 <occ_kernel+0x2b64>
	v_mov_b32_e32 v11, 0x85a8                                  // 000000002B4C: 7E1602FF 000085A8
	v_mov_b32_e32 v14, -2.0                                    // 000000002B54: 7E1C02F5
	ds_store_b32 v11, v14                                      // 000000002B58: D8340000 00000E0B
	s_wait_dscnt 0x0                                           // 000000002B60: BFC60000
	s_mov_b32 exec_lo, s49                                     // 000000002B64: BEFE0031
	s_mov_b32 s49, exec_lo                                     // 000000002B68: BEB1007E
	v_cmp_eq_u32_e32 vcc_lo, 0, v2                             // 000000002B6C: 7C940480
	s_and_b32 exec_lo, exec_lo, vcc_lo                         // 000000002B70: 8B7E6A7E
	s_cbranch_execz 6                                          // 000000002B74: BFA50006 <occ_kernel+0x2b90>
	v_mov_b32_e32 v11, 0x85ac                                  // 000000002B78: 7E1602FF 000085AC
	v_mov_b32_e32 v14, 0                                       // 000000002B80: 7E1C0280
	ds_store_b32 v11, v14                                      // 000000002B84: D8340000 00000E0B
	s_wait_dscnt 0x0                                           // 000000002B8C: BFC60000
	s_mov_b32 exec_lo, s49                                     // 000000002B90: BEFE0031
	s_mov_b32 s49, exec_lo                                     // 000000002B94: BEB1007E
	v_cmp_eq_u32_e32 vcc_lo, 0, v2                             // 000000002B98: 7C940480
	s_and_b32 exec_lo, exec_lo, vcc_lo                         // 000000002B9C: 8B7E6A7E
	s_cbranch_execz 6                                          // 000000002BA0: BFA50006 <occ_kernel+0x2bbc>
	v_mov_b32_e32 v11, 0x85b0                                  // 000000002BA4: 7E1602FF 000085B0
	v_mov_b32_e32 v14, 0                                       // 000000002BAC: 7E1C0280
	ds_store_b32 v11, v14                                      // 000000002BB0: D8340000 00000E0B
	s_wait_dscnt 0x0                                           // 000000002BB8: BFC60000
	s_mov_b32 exec_lo, s49                                     // 000000002BBC: BEFE0031
	s_mov_b32 s49, exec_lo                                     // 000000002BC0: BEB1007E
	v_cmp_eq_u32_e32 vcc_lo, 0, v2                             // 000000002BC4: 7C940480
	s_and_b32 exec_lo, exec_lo, vcc_lo                         // 000000002BC8: 8B7E6A7E
	s_cbranch_execz 6                                          // 000000002BCC: BFA50006 <occ_kernel+0x2be8>
	v_mov_b32_e32 v11, 0x85b4                                  // 000000002BD0: 7E1602FF 000085B4
	v_mov_b32_e32 v14, 0                                       // 000000002BD8: 7E1C0280
	ds_store_b32 v11, v14                                      // 000000002BDC: D8340000 00000E0B
	s_wait_dscnt 0x0                                           // 000000002BE4: BFC60000
	s_mov_b32 exec_lo, s49                                     // 000000002BE8: BEFE0031
	s_mov_b32 s49, exec_lo                                     // 000000002BEC: BEB1007E
	v_cmp_eq_u32_e32 vcc_lo, 0, v2                             // 000000002BF0: 7C940480
	s_and_b32 exec_lo, exec_lo, vcc_lo                         // 000000002BF4: 8B7E6A7E
	s_cbranch_execz 6                                          // 000000002BF8: BFA50006 <occ_kernel+0x2c14>
	v_mov_b32_e32 v11, 0x85b8                                  // 000000002BFC: 7E1602FF 000085B8
	v_mov_b32_e32 v14, 0                                       // 000000002C04: 7E1C0280
	ds_store_b32 v11, v14                                      // 000000002C08: D8340000 00000E0B
	s_wait_dscnt 0x0                                           // 000000002C10: BFC60000
	s_mov_b32 exec_lo, s49                                     // 000000002C14: BEFE0031
	s_mov_b32 s49, exec_lo                                     // 000000002C18: BEB1007E
	v_cmp_eq_u32_e32 vcc_lo, 0, v2                             // 000000002C1C: 7C940480
	s_and_b32 exec_lo, exec_lo, vcc_lo                         // 000000002C20: 8B7E6A7E
	s_cbranch_execz 6                                          // 000000002C24: BFA50006 <occ_kernel+0x2c40>
	v_mov_b32_e32 v11, 0x85bc                                  // 000000002C28: 7E1602FF 000085BC
	v_mov_b32_e32 v14, 0                                       // 000000002C30: 7E1C0280
	ds_store_b32 v11, v14                                      // 000000002C34: D8340000 00000E0B
	s_wait_dscnt 0x0                                           // 000000002C3C: BFC60000
	s_mov_b32 exec_lo, s49                                     // 000000002C40: BEFE0031
	s_mov_b32 s49, exec_lo                                     // 000000002C44: BEB1007E
	v_cmp_eq_u32_e32 vcc_lo, 0, v2                             // 000000002C48: 7C940480
	s_and_b32 exec_lo, exec_lo, vcc_lo                         // 000000002C4C: 8B7E6A7E
	s_cbranch_execz 6                                          // 000000002C50: BFA50006 <occ_kernel+0x2c6c>
	v_mov_b32_e32 v11, 0x85c0                                  // 000000002C54: 7E1602FF 000085C0
	v_mov_b32_e32 v14, -1                                      // 000000002C5C: 7E1C02C1
	ds_store_b32 v11, v14                                      // 000000002C60: D8340000 00000E0B
	s_wait_dscnt 0x0                                           // 000000002C68: BFC60000
	s_mov_b32 exec_lo, s49                                     // 000000002C6C: BEFE0031
	s_mov_b32 s49, exec_lo                                     // 000000002C70: BEB1007E
	v_cmp_eq_u32_e32 vcc_lo, 0, v2                             // 000000002C74: 7C940480
	s_and_b32 exec_lo, exec_lo, vcc_lo                         // 000000002C78: 8B7E6A7E
	s_cbranch_execz 6                                          // 000000002C7C: BFA50006 <occ_kernel+0x2c98>
	v_mov_b32_e32 v11, 0x85c4                                  // 000000002C80: 7E1602FF 000085C4
	v_mov_b32_e32 v14, -1                                      // 000000002C88: 7E1C02C1
	ds_store_b32 v11, v14                                      // 000000002C8C: D8340000 00000E0B
	s_wait_dscnt 0x0                                           // 000000002C94: BFC60000
	s_mov_b32 exec_lo, s49                                     // 000000002C98: BEFE0031
	s_mov_b32 s49, exec_lo                                     // 000000002C9C: BEB1007E
	v_cmp_eq_u32_e32 vcc_lo, 0, v2                             // 000000002CA0: 7C940480
	s_and_b32 exec_lo, exec_lo, vcc_lo                         // 000000002CA4: 8B7E6A7E
	s_cbranch_execz 6                                          // 000000002CA8: BFA50006 <occ_kernel+0x2cc4>
	v_mov_b32_e32 v11, 0x85c8                                  // 000000002CAC: 7E1602FF 000085C8
	v_mov_b32_e32 v14, -2.0                                    // 000000002CB4: 7E1C02F5
	ds_store_b32 v11, v14                                      // 000000002CB8: D8340000 00000E0B
	s_wait_dscnt 0x0                                           // 000000002CC0: BFC60000
	s_mov_b32 exec_lo, s49                                     // 000000002CC4: BEFE0031
	s_mov_b32 s49, exec_lo                                     // 000000002CC8: BEB1007E
	v_cmp_eq_u32_e32 vcc_lo, 0, v2                             // 000000002CCC: 7C940480
	s_and_b32 exec_lo, exec_lo, vcc_lo                         // 000000002CD0: 8B7E6A7E
	s_cbranch_execz 6                                          // 000000002CD4: BFA50006 <occ_kernel+0x2cf0>
	v_mov_b32_e32 v11, 0x85cc                                  // 000000002CD8: 7E1602FF 000085CC
	v_mov_b32_e32 v14, 0                                       // 000000002CE0: 7E1C0280
	ds_store_b32 v11, v14                                      // 000000002CE4: D8340000 00000E0B
	s_wait_dscnt 0x0                                           // 000000002CEC: BFC60000
	s_mov_b32 exec_lo, s49                                     // 000000002CF0: BEFE0031
	s_mov_b32 s49, exec_lo                                     // 000000002CF4: BEB1007E
	v_cmp_eq_u32_e32 vcc_lo, 0, v2                             // 000000002CF8: 7C940480
	s_and_b32 exec_lo, exec_lo, vcc_lo                         // 000000002CFC: 8B7E6A7E
	s_cbranch_execz 6                                          // 000000002D00: BFA50006 <occ_kernel+0x2d1c>
	v_mov_b32_e32 v11, 0x85d0                                  // 000000002D04: 7E1602FF 000085D0
	v_mov_b32_e32 v14, 0                                       // 000000002D0C: 7E1C0280
	ds_store_b32 v11, v14                                      // 000000002D10: D8340000 00000E0B
	s_wait_dscnt 0x0                                           // 000000002D18: BFC60000
	s_mov_b32 exec_lo, s49                                     // 000000002D1C: BEFE0031
	s_mov_b32 s49, exec_lo                                     // 000000002D20: BEB1007E
	v_cmp_eq_u32_e32 vcc_lo, 0, v2                             // 000000002D24: 7C940480
	s_and_b32 exec_lo, exec_lo, vcc_lo                         // 000000002D28: 8B7E6A7E
	s_cbranch_execz 6                                          // 000000002D2C: BFA50006 <occ_kernel+0x2d48>
	v_mov_b32_e32 v11, 0x85d4                                  // 000000002D30: 7E1602FF 000085D4
	v_mov_b32_e32 v14, 0                                       // 000000002D38: 7E1C0280
	ds_store_b32 v11, v14                                      // 000000002D3C: D8340000 00000E0B
	s_wait_dscnt 0x0                                           // 000000002D44: BFC60000
	s_mov_b32 exec_lo, s49                                     // 000000002D48: BEFE0031
	s_mov_b32 s49, exec_lo                                     // 000000002D4C: BEB1007E
	v_cmp_eq_u32_e32 vcc_lo, 0, v2                             // 000000002D50: 7C940480
	s_and_b32 exec_lo, exec_lo, vcc_lo                         // 000000002D54: 8B7E6A7E
	s_cbranch_execz 6                                          // 000000002D58: BFA50006 <occ_kernel+0x2d74>
	v_mov_b32_e32 v11, 0x85d8                                  // 000000002D5C: 7E1602FF 000085D8
	v_mov_b32_e32 v14, 0                                       // 000000002D64: 7E1C0280
	ds_store_b32 v11, v14                                      // 000000002D68: D8340000 00000E0B
	s_wait_dscnt 0x0                                           // 000000002D70: BFC60000
	s_mov_b32 exec_lo, s49                                     // 000000002D74: BEFE0031
	s_mov_b32 s49, exec_lo                                     // 000000002D78: BEB1007E
	v_cmp_eq_u32_e32 vcc_lo, 0, v2                             // 000000002D7C: 7C940480
	s_and_b32 exec_lo, exec_lo, vcc_lo                         // 000000002D80: 8B7E6A7E
	s_cbranch_execz 6                                          // 000000002D84: BFA50006 <occ_kernel+0x2da0>
	v_mov_b32_e32 v11, 0x85dc                                  // 000000002D88: 7E1602FF 000085DC
	v_mov_b32_e32 v14, 0                                       // 000000002D90: 7E1C0280
	ds_store_b32 v11, v14                                      // 000000002D94: D8340000 00000E0B
	s_wait_dscnt 0x0                                           // 000000002D9C: BFC60000
	s_mov_b32 exec_lo, s49                                     // 000000002DA0: BEFE0031
	s_mov_b32 s49, exec_lo                                     // 000000002DA4: BEB1007E
	v_cmp_eq_u32_e32 vcc_lo, 0, v2                             // 000000002DA8: 7C940480
	s_and_b32 exec_lo, exec_lo, vcc_lo                         // 000000002DAC: 8B7E6A7E
	s_cbranch_execz 6                                          // 000000002DB0: BFA50006 <occ_kernel+0x2dcc>
	v_mov_b32_e32 v11, 0x85e0                                  // 000000002DB4: 7E1602FF 000085E0
	v_mov_b32_e32 v14, -1                                      // 000000002DBC: 7E1C02C1
	ds_store_b32 v11, v14                                      // 000000002DC0: D8340000 00000E0B
	s_wait_dscnt 0x0                                           // 000000002DC8: BFC60000
	s_mov_b32 exec_lo, s49                                     // 000000002DCC: BEFE0031
	s_mov_b32 s49, exec_lo                                     // 000000002DD0: BEB1007E
	v_cmp_eq_u32_e32 vcc_lo, 0, v2                             // 000000002DD4: 7C940480
	s_and_b32 exec_lo, exec_lo, vcc_lo                         // 000000002DD8: 8B7E6A7E
	s_cbranch_execz 6                                          // 000000002DDC: BFA50006 <occ_kernel+0x2df8>
	v_mov_b32_e32 v11, 0x85e4                                  // 000000002DE0: 7E1602FF 000085E4
	v_mov_b32_e32 v14, -1                                      // 000000002DE8: 7E1C02C1
	ds_store_b32 v11, v14                                      // 000000002DEC: D8340000 00000E0B
	s_wait_dscnt 0x0                                           // 000000002DF4: BFC60000
	s_mov_b32 exec_lo, s49                                     // 000000002DF8: BEFE0031
	s_mov_b32 s49, exec_lo                                     // 000000002DFC: BEB1007E
	v_cmp_eq_u32_e32 vcc_lo, 0, v2                             // 000000002E00: 7C940480
	s_and_b32 exec_lo, exec_lo, vcc_lo                         // 000000002E04: 8B7E6A7E
	s_cbranch_execz 6                                          // 000000002E08: BFA50006 <occ_kernel+0x2e24>
	v_mov_b32_e32 v11, 0x85e8                                  // 000000002E0C: 7E1602FF 000085E8
	v_mov_b32_e32 v14, -2.0                                    // 000000002E14: 7E1C02F5
	ds_store_b32 v11, v14                                      // 000000002E18: D8340000 00000E0B
	s_wait_dscnt 0x0                                           // 000000002E20: BFC60000
	s_mov_b32 exec_lo, s49                                     // 000000002E24: BEFE0031
	s_mov_b32 s49, exec_lo                                     // 000000002E28: BEB1007E
	v_cmp_eq_u32_e32 vcc_lo, 0, v2                             // 000000002E2C: 7C940480
	s_and_b32 exec_lo, exec_lo, vcc_lo                         // 000000002E30: 8B7E6A7E
	s_cbranch_execz 6                                          // 000000002E34: BFA50006 <occ_kernel+0x2e50>
	v_mov_b32_e32 v11, 0x85ec                                  // 000000002E38: 7E1602FF 000085EC
	v_mov_b32_e32 v14, 0                                       // 000000002E40: 7E1C0280
	ds_store_b32 v11, v14                                      // 000000002E44: D8340000 00000E0B
	s_wait_dscnt 0x0                                           // 000000002E4C: BFC60000
	s_mov_b32 exec_lo, s49                                     // 000000002E50: BEFE0031
	s_mov_b32 s49, exec_lo                                     // 000000002E54: BEB1007E
	v_cmp_eq_u32_e32 vcc_lo, 0, v2                             // 000000002E58: 7C940480
	s_and_b32 exec_lo, exec_lo, vcc_lo                         // 000000002E5C: 8B7E6A7E
	s_cbranch_execz 6                                          // 000000002E60: BFA50006 <occ_kernel+0x2e7c>
	v_mov_b32_e32 v11, 0x85f0                                  // 000000002E64: 7E1602FF 000085F0
	v_mov_b32_e32 v14, 0                                       // 000000002E6C: 7E1C0280
	ds_store_b32 v11, v14                                      // 000000002E70: D8340000 00000E0B
	s_wait_dscnt 0x0                                           // 000000002E78: BFC60000
	s_mov_b32 exec_lo, s49                                     // 000000002E7C: BEFE0031
	s_mov_b32 s49, exec_lo                                     // 000000002E80: BEB1007E
	v_cmp_eq_u32_e32 vcc_lo, 0, v2                             // 000000002E84: 7C940480
	s_and_b32 exec_lo, exec_lo, vcc_lo                         // 000000002E88: 8B7E6A7E
	s_cbranch_execz 6                                          // 000000002E8C: BFA50006 <occ_kernel+0x2ea8>
	v_mov_b32_e32 v11, 0x85f4                                  // 000000002E90: 7E1602FF 000085F4
	v_mov_b32_e32 v14, 0                                       // 000000002E98: 7E1C0280
	ds_store_b32 v11, v14                                      // 000000002E9C: D8340000 00000E0B
	s_wait_dscnt 0x0                                           // 000000002EA4: BFC60000
	s_mov_b32 exec_lo, s49                                     // 000000002EA8: BEFE0031
	s_mov_b32 s49, exec_lo                                     // 000000002EAC: BEB1007E
	v_cmp_eq_u32_e32 vcc_lo, 0, v2                             // 000000002EB0: 7C940480
	s_and_b32 exec_lo, exec_lo, vcc_lo                         // 000000002EB4: 8B7E6A7E
	s_cbranch_execz 6                                          // 000000002EB8: BFA50006 <occ_kernel+0x2ed4>
	v_mov_b32_e32 v11, 0x85f8                                  // 000000002EBC: 7E1602FF 000085F8
	v_mov_b32_e32 v14, 0                                       // 000000002EC4: 7E1C0280
	ds_store_b32 v11, v14                                      // 000000002EC8: D8340000 00000E0B
	s_wait_dscnt 0x0                                           // 000000002ED0: BFC60000
	s_mov_b32 exec_lo, s49                                     // 000000002ED4: BEFE0031
	s_mov_b32 s49, exec_lo                                     // 000000002ED8: BEB1007E
	v_cmp_eq_u32_e32 vcc_lo, 0, v2                             // 000000002EDC: 7C940480
	s_and_b32 exec_lo, exec_lo, vcc_lo                         // 000000002EE0: 8B7E6A7E
	s_cbranch_execz 6                                          // 000000002EE4: BFA50006 <occ_kernel+0x2f00>
	v_mov_b32_e32 v11, 0x85fc                                  // 000000002EE8: 7E1602FF 000085FC
	v_mov_b32_e32 v14, 0                                       // 000000002EF0: 7E1C0280
	ds_store_b32 v11, v14                                      // 000000002EF4: D8340000 00000E0B
	s_wait_dscnt 0x0                                           // 000000002EFC: BFC60000
	s_mov_b32 exec_lo, s49                                     // 000000002F00: BEFE0031
	s_lshl_b32 s45, 2, s68                                     // 000000002F04: 842D4482
	s_sub_co_u32 s45, 0, s45                                   // 000000002F08: 80AD2D80
	s_mov_b32 s49, exec_lo                                     // 000000002F0C: BEB1007E
	v_cmp_eq_u32_e32 vcc_lo, 0, v2                             // 000000002F10: 7C940480
	s_and_b32 exec_lo, exec_lo, vcc_lo                         // 000000002F14: 8B7E6A7E
	s_cbranch_execz 6                                          // 000000002F18: BFA50006 <occ_kernel+0x2f34>
	v_mov_b32_e32 v11, 0x8c                                    // 000000002F1C: 7E1602FF 0000008C
	v_mov_b32_e32 v14, s45                                     // 000000002F24: 7E1C022D
	ds_store_b32 v11, v14                                      // 000000002F28: D8340000 00000E0B
	s_wait_dscnt 0x0                                           // 000000002F30: BFC60000
	s_mov_b32 exec_lo, s49                                     // 000000002F34: BEFE0031
	s_mov_b32 s49, exec_lo                                     // 000000002F38: BEB1007E
	v_cmp_eq_u32_e32 vcc_lo, 0, v2                             // 000000002F3C: 7C940480
	s_and_b32 exec_lo, exec_lo, vcc_lo                         // 000000002F40: 8B7E6A7E
	s_cbranch_execz 6                                          // 000000002F44: BFA50006 <occ_kernel+0x2f60>
	v_mov_b32_e32 v11, 0x1fc                                   // 000000002F48: 7E1602FF 000001FC
	v_mov_b32_e32 v14, 0                                       // 000000002F50: 7E1C0280
	ds_store_b32 v11, v14                                      // 000000002F54: D8340000 00000E0B
	s_wait_dscnt 0x0                                           // 000000002F5C: BFC60000
	s_mov_b32 exec_lo, s49                                     // 000000002F60: BEFE0031
	s_mov_b32 s49, exec_lo                                     // 000000002F64: BEB1007E
	v_cmp_eq_u32_e32 vcc_lo, 0, v2                             // 000000002F68: 7C940480
	s_and_b32 exec_lo, exec_lo, vcc_lo                         // 000000002F6C: 8B7E6A7E
	s_cbranch_execz 6                                          // 000000002F70: BFA50006 <occ_kernel+0x2f8c>
	v_mov_b32_e32 v11, 0x90                                    // 000000002F74: 7E1602FF 00000090
	v_mov_b32_e32 v14, 0                                       // 000000002F7C: 7E1C0280
	ds_store_b32 v11, v14                                      // 000000002F80: D8340000 00000E0B
	s_wait_dscnt 0x0                                           // 000000002F88: BFC60000
	s_mov_b32 exec_lo, s49                                     // 000000002F8C: BEFE0031
	s_mov_b32 s49, exec_lo                                     // 000000002F90: BEB1007E
	v_cmp_eq_u32_e32 vcc_lo, 0, v2                             // 000000002F94: 7C940480
	s_and_b32 exec_lo, exec_lo, vcc_lo                         // 000000002F98: 8B7E6A7E
	s_cbranch_execz 6                                          // 000000002F9C: BFA50006 <occ_kernel+0x2fb8>
	v_mov_b32_e32 v11, 0x1f8                                   // 000000002FA0: 7E1602FF 000001F8
	v_mov_b32_e32 v14, 0                                       // 000000002FA8: 7E1C0280
	ds_store_b32 v11, v14                                      // 000000002FAC: D8340000 00000E0B
	s_wait_dscnt 0x0                                           // 000000002FB4: BFC60000
	s_mov_b32 exec_lo, s49                                     // 000000002FB8: BEFE0031
	s_mov_b32 s49, exec_lo                                     // 000000002FBC: BEB1007E
	v_cmp_eq_u32_e32 vcc_lo, 0, v2                             // 000000002FC0: 7C940480
	s_and_b32 exec_lo, exec_lo, vcc_lo                         // 000000002FC4: 8B7E6A7E
	s_cbranch_execz 6                                          // 000000002FC8: BFA50006 <occ_kernel+0x2fe4>
	v_mov_b32_e32 v11, 0x1f0                                   // 000000002FCC: 7E1602FF 000001F0
	v_mov_b32_e32 v14, 0                                       // 000000002FD4: 7E1C0280
	ds_store_b32 v11, v14                                      // 000000002FD8: D8340000 00000E0B
	s_wait_dscnt 0x0                                           // 000000002FE0: BFC60000
	s_mov_b32 exec_lo, s49                                     // 000000002FE4: BEFE0031
	s_mov_b32 s49, exec_lo                                     // 000000002FE8: BEB1007E
	v_cmp_eq_u32_e32 vcc_lo, 0, v2                             // 000000002FEC: 7C940480
	s_and_b32 exec_lo, exec_lo, vcc_lo                         // 000000002FF0: 8B7E6A7E
	s_cbranch_execz 6                                          // 000000002FF4: BFA50006 <occ_kernel+0x3010>
	v_mov_b32_e32 v11, 0x1f4                                   // 000000002FF8: 7E1602FF 000001F4
	v_mov_b32_e32 v14, 0                                       // 000000003000: 7E1C0280
	ds_store_b32 v11, v14                                      // 000000003004: D8340000 00000E0B
	s_wait_dscnt 0x0                                           // 00000000300C: BFC60000
	s_mov_b32 exec_lo, s49                                     // 000000003010: BEFE0031
	s_mov_b32 s49, exec_lo                                     // 000000003014: BEB1007E
	v_cmp_eq_u32_e32 vcc_lo, 0, v2                             // 000000003018: 7C940480
	s_and_b32 exec_lo, exec_lo, vcc_lo                         // 00000000301C: 8B7E6A7E
	s_cbranch_execz 6                                          // 000000003020: BFA50006 <occ_kernel+0x303c>
	v_mov_b32_e32 v11, 12                                      // 000000003024: 7E16028C
	v_mov_b32_e32 v14, 0xaced                                  // 000000003028: 7E1C02FF 0000ACED
	ds_store_b32 v11, v14                                      // 000000003030: D8340000 00000E0B
	s_wait_dscnt 0x0                                           // 000000003038: BFC60000
	s_mov_b32 exec_lo, s49                                     // 00000000303C: BEFE0031
	global_load_b32 v6, v4, s[0:1] offset:24 scope:SCOPE_DEV   // 000000003040: EE050000 00080006 00001804
	s_wait_loadcnt 0x0                                         // 00000000304C: BFC00000
	v_readfirstlane_b32 s69, v6                                // 000000003050: 7E8A0506
	s_barrier_signal -1                                        // 000000003054: BE804EC1
	s_barrier_wait 0xffff                                      // 000000003058: BF94FFFF
	s_branch 31                                                // 00000000305C: BFA0001F <occ_kernel+0x30dc>
	s_sleep 1                                                  // 000000003060: BF830001
	s_add_co_u32 s71, s71, 1                                   // 000000003064: 80478147
	s_cmp_ge_u32 s71, 64                                       // 000000003068: BF09C047
	s_cbranch_scc0 12                                          // 00000000306C: BFA1000C <occ_kernel+0x30a0>
	s_mov_b32 s71, 0                                           // 000000003070: BEC70080
	s_sendmsg_rtn_b64 s[62:63], sendmsg(MSG_RTN_GET_REALTIME)  // 000000003074: BEBE4D83
	s_wait_kmcnt 0x0                                           // 000000003078: BFC70000
	s_cmp_lg_u32 s101, 0                                       // 00000000307C: BF078065
	s_cbranch_scc0 3                                           // 000000003080: BFA10003 <occ_kernel+0x3090>
	s_mov_b32 s70, s62                                         // 000000003084: BEC6003E
	s_mov_b32 s101, 0                                          // 000000003088: BEE50080
	s_branch 4                                                 // 00000000308C: BFA00004 <occ_kernel+0x30a0>
	s_sub_co_u32 s62, s62, s70                                 // 000000003090: 80BE463E
	s_cmp_ge_u32 s62, 0x2faf080                                // 000000003094: BF09FF3E 02FAF080
	s_cbranch_scc1 3942                                        // 00000000309C: BFA20F66 <occ_kernel+0x6e38>
	v_mov_b32_e32 v11, 12                                      // 0000000030A0: 7E16028C
	ds_load_b32 v14, v11                                       // 0000000030A4: D8D80000 0E00000B
	s_wait_dscnt 0x0                                           // 0000000030AC: BFC60000
	v_readfirstlane_b32 s44, v14                               // 0000000030B0: 7E58050E
	s_cmp_eq_u32 s44, 0xaced                                   // 0000000030B4: BF06FF2C 0000ACED
	s_cbranch_scc0 65512                                       // 0000000030BC: BFA1FFE8 <occ_kernel+0x3060>
	global_load_b32 v6, v4, s[0:1] offset:24 scope:SCOPE_DEV   // 0000000030C0: EE050000 00080006 00001804
	s_wait_loadcnt 0x0                                         // 0000000030CC: BFC00000
	v_readfirstlane_b32 s69, v6                                // 0000000030D0: 7E8A0506
	s_barrier_signal -1                                        // 0000000030D4: BE804EC1
	s_barrier_wait 0xffff                                      // 0000000030D8: BF94FFFF
	s_add_co_u32 s71, s71, 1                                   // 0000000030DC: 80478147
	s_cmp_ge_u32 s71, 64                                       // 0000000030E0: BF09C047
	s_cbranch_scc0 12                                          // 0000000030E4: BFA1000C <occ_kernel+0x3118>
	s_mov_b32 s71, 0                                           // 0000000030E8: BEC70080
	s_sendmsg_rtn_b64 s[62:63], sendmsg(MSG_RTN_GET_REALTIME)  // 0000000030EC: BEBE4D83
	s_wait_kmcnt 0x0                                           // 0000000030F0: BFC70000
	s_cmp_lg_u32 s101, 0                                       // 0000000030F4: BF078065
	s_cbranch_scc0 3                                           // 0000000030F8: BFA10003 <occ_kernel+0x3108>
	s_mov_b32 s70, s62                                         // 0000000030FC: BEC6003E
	s_mov_b32 s101, 0                                          // 000000003100: BEE50080
	s_branch 4                                                 // 000000003104: BFA00004 <occ_kernel+0x3118>
	s_sub_co_u32 s62, s62, s70                                 // 000000003108: 80BE463E
	s_cmp_ge_u32 s62, 0x2faf080                                // 00000000310C: BF09FF3E 02FAF080
	s_cbranch_scc1 3912                                        // 000000003114: BFA20F48 <occ_kernel+0x6e38>
	s_cmp_eq_u32 s24, 2                                        // 000000003118: BF068218
	s_cbranch_scc1 0                                           // 00000000311C: BFA20000 <occ_kernel+0x3120>
	s_cmp_eq_u32 s24, 0                                        // 000000003120: BF068018
	s_cbranch_scc0 1                                           // 000000003124: BFA10001 <occ_kernel+0x312c>
	s_branch 0                                                 // 000000003128: BFA00000 <occ_kernel+0x312c>
	s_lshl_b32 s45, s24, 2                                     // 00000000312C: 842D8218
	s_add_co_u32 s45, s45, 20                                  // 000000003130: 802D942D
	v_mov_b32_e32 v11, s45                                     // 000000003134: 7E16022D
	ds_load_b32 v14, v11                                       // 000000003138: D8D80000 0E00000B
	s_wait_dscnt 0x0                                           // 000000003140: BFC60000
	v_readfirstlane_b32 s35, v14                               // 000000003144: 7E46050E
	s_cmp_eq_u32 s35, 3                                        // 000000003148: BF068323
	s_cbranch_scc1 3898                                        // 00000000314C: BFA20F3A <occ_kernel+0x6e38>
	s_cmp_eq_u32 s35, s34                                      // 000000003150: BF062223
	s_cbranch_scc1 4                                           // 000000003154: BFA20004 <occ_kernel+0x3168>
	s_alloc_vgpr 32                                            // 000000003158: BE8053A0
	s_cbranch_scc0 65534                                       // 00000000315C: BFA1FFFE <occ_kernel+0x3158>
	s_mov_b32 s50, 0                                           // 000000003160: BEB20080
	s_mov_b32 s34, s35                                         // 000000003164: BEA20023
	s_cmp_eq_u32 s24, 2                                        // 000000003168: BF068218
	s_cbranch_scc1 3689                                        // 00000000316C: BFA20E69 <occ_kernel+0x6b14>
	s_cmp_eq_u32 s34, 0                                        // 000000003170: BF068022
	s_cbranch_scc1 1                                           // 000000003174: BFA20001 <occ_kernel+0x317c>
	s_branch 1481                                              // 000000003178: BFA005C9 <occ_kernel+0x48a0>
	v_mov_b32_e32 v11, 8                                       // 00000000317C: 7E160288
	ds_load_b32 v14, v11                                       // 000000003180: D8D80000 0E00000B
	s_wait_dscnt 0x0                                           // 000000003188: BFC60000
	v_readfirstlane_b32 s46, v14                               // 00000000318C: 7E5C050E
	v_mov_b32_e32 v11, 4                                       // 000000003190: 7E160284
	ds_load_b32 v14, v11                                       // 000000003194: D8D80000 0E00000B
	s_wait_dscnt 0x0                                           // 00000000319C: BFC60000
	v_readfirstlane_b32 s44, v14                               // 0000000031A0: 7E58050E
	s_cmp_ge_u32 s46, s44                                      // 0000000031A4: BF092C2E
	s_cbranch_scc0 2                                           // 0000000031A8: BFA10002 <occ_kernel+0x31b4>
	s_add_co_u32 s97, s97, 1                                   // 0000000031AC: 80618161
	s_branch 3670                                              // 0000000031B0: BFA00E56 <occ_kernel+0x6b0c>
	s_and_b32 s45, s46, 31                                     // 0000000031B4: 8B2D9F2E
	s_lshl_b32 s48, s45, 5                                     // 0000000031B8: 8430852D
	s_add_co_u32 s48, s48, 0x8200                              // 0000000031BC: 8030FF30 00008200
	s_cmp_eq_u32 s50, 1                                        // 0000000031C4: BF068132
	s_cbranch_scc1 4                                           // 0000000031C8: BFA20004 <occ_kernel+0x31dc>
	s_alloc_vgpr 0x70                                          // 0000000031CC: BE8053FF 00000070
	s_cbranch_scc0 3660                                        // 0000000031D4: BFA10E4C <occ_kernel+0x6b08>
	s_mov_b32 s50, 1                                           // 0000000031D8: BEB20081
	v_mov_b32_e32 v11, 8                                       // 0000000031DC: 7E160288
	ds_load_b32 v14, v11                                       // 0000000031E0: D8D80000 0E00000B
	s_wait_dscnt 0x0                                           // 0000000031E8: BFC60000
	v_readfirstlane_b32 s46, v14                               // 0000000031EC: 7E5C050E
	v_mov_b32_e32 v11, 4                                       // 0000000031F0: 7E160284
	ds_load_b32 v14, v11                                       // 0000000031F4: D8D80000 0E00000B
	s_wait_dscnt 0x0                                           // 0000000031FC: BFC60000
	v_readfirstlane_b32 s44, v14                               // 000000003200: 7E58050E
	s_cmp_ge_u32 s46, s44                                      // 000000003204: BF092C2E
	s_cbranch_scc1 1440                                        // 000000003208: BFA205A0 <occ_kernel+0x488c>
	s_and_b32 s45, s46, 31                                     // 00000000320C: 8B2D9F2E
	s_lshl_b32 s48, s45, 5                                     // 000000003210: 8430852D
	s_add_co_u32 s48, s48, 0x8200                              // 000000003214: 8030FF30 00008200
	s_add_co_u32 s45, s48, 8                                   // 00000000321C: 802D8830
	v_mov_b32_e32 v11, s45                                     // 000000003220: 7E16022D
	ds_load_b32 v14, v11                                       // 000000003224: D8D80000 0E00000B
	s_wait_dscnt 0x0                                           // 00000000322C: BFC60000
	v_readfirstlane_b32 s33, v14                               // 000000003230: 7E42050E
	s_and_b32 s47, s33, -2.0                                   // 000000003234: 8B2FF521
	s_cmp_lg_u32 s47, 0                                        // 000000003238: BF07802F
	s_cbranch_scc1 1427                                        // 00000000323C: BFA20593 <occ_kernel+0x488c>
	s_and_b32 s47, s33, 0xff                                   // 000000003240: 8B2FFF21 000000FF
	s_cmp_ge_u32 s47, 4                                        // 000000003248: BF09842F
	s_cbranch_scc1 1423                                        // 00000000324C: BFA2058F <occ_kernel+0x488c>
	s_add_co_u32 s47, s33, 1                                   // 000000003250: 802F8121
	s_and_b32 s46, exec_lo, 1                                  // 000000003254: 8B2E817E
	s_cmp_eq_u32 s46, 0                                        // 000000003258: BF06802E
	s_cbranch_scc0 1                                           // 00000000325C: BFA10001 <occ_kernel+0x3264>
	s_add_co_u32 s102, s102, 1                                 // 000000003260: 80668166
	s_mov_b32 s49, exec_lo                                     // 000000003264: BEB1007E
	s_ctz_i32_b32 s46, s49                                     // 000000003268: BEAE0831
	v_cmp_eq_u32_e32 vcc_lo, s46, v2                           // 00000000326C: 7C94042E
	s_and_b32 exec_lo, exec_lo, vcc_lo                         // 000000003270: 8B7E6A7E
	s_cbranch_execz 7                                          // 000000003274: BFA50007 <occ_kernel+0x3294>
	v_mov_b32_e32 v11, s45                                     // 000000003278: 7E16022D
	v_mov_b32_e32 v14, s47                                     // 00000000327C: 7E1C022F
	v_mov_b32_e32 v13, s33                                     // 000000003280: 7E1A0221
	ds_cmpstore_rtn_b32 v13, v11, v14, v13                     // 000000003284: D8C00000 0D0D0E0B
	s_wait_dscnt 0x0                                           // 00000000328C: BFC60000
	v_readfirstlane_b32 s46, v13                               // 000000003290: 7E5C050D
	s_mov_b32 exec_lo, s49                                     // 000000003294: BEFE0031
	s_cmp_eq_u32 s46, s33                                      // 000000003298: BF06212E
	s_cbranch_scc0 1403                                        // 00000000329C: BFA1057B <occ_kernel+0x488c>
	s_and_b32 s33, s33, 0xff                                   // 0000000032A0: 8B21FF21 000000FF
	s_add_co_u32 s45, s48, 0                                   // 0000000032A8: 802D8030
	v_mov_b32_e32 v11, s45                                     // 0000000032AC: 7E16022D
	ds_load_b32 v14, v11                                       // 0000000032B0: D8D80000 0E00000B
	s_wait_dscnt 0x0                                           // 0000000032B8: BFC60000
	v_readfirstlane_b32 s17, v14                               // 0000000032BC: 7E22050E
	s_lshr_b32 s41, s17, 28                                    // 0000000032C0: 85299C11
	s_min_u32 s41, s41, 1                                      // 0000000032C4: 89A98129
	s_and_b32 s17, s17, 0xfffffff                              // 0000000032C8: 8B11FF11 0FFFFFFF
	s_and_b32 s31, s17, s67                                    // 0000000032D0: 8B1F4311
	s_lshr_b32 s18, s17, s68                                   // 0000000032D4: 85124411
	s_sub_co_u32 s36, s11, 1                                   // 0000000032D8: 80A4810B
	s_min_u32 s18, s18, s36                                    // 0000000032DC: 89922412
	s_mul_hi_u32 s19, s18, s12                                 // 0000000032E0: 96930C12
	s_mul_i32 s36, s19, s13                                    // 0000000032E4: 96240D13
	s_sub_co_u32 s30, s18, s36                                 // 0000000032E8: 809E2412
	v_mov_b32_e32 v32, 0                                       // 0000000032EC: 7E400280
	v_mov_b32_e32 v33, 0                                       // 0000000032F0: 7E420280
	v_mov_b32_e32 v34, 0                                       // 0000000032F4: 7E440280
	v_mov_b32_e32 v35, 0                                       // 0000000032F8: 7E460280
	v_mov_b32_e32 v36, 0                                       // 0000000032FC: 7E480280
	v_mov_b32_e32 v37, 0                                       // 000000003300: 7E4A0280
	v_mov_b32_e32 v38, 0                                       // 000000003304: 7E4C0280
	v_mov_b32_e32 v39, 0                                       // 000000003308: 7E4E0280
	v_mov_b32_e32 v40, 0                                       // 00000000330C: 7E500280
	v_mov_b32_e32 v41, 0                                       // 000000003310: 7E520280
	v_mov_b32_e32 v42, 0                                       // 000000003314: 7E540280
	v_mov_b32_e32 v43, 0                                       // 000000003318: 7E560280
	v_mov_b32_e32 v44, 0                                       // 00000000331C: 7E580280
	v_mov_b32_e32 v45, 0                                       // 000000003320: 7E5A0280
	v_mov_b32_e32 v46, 0                                       // 000000003324: 7E5C0280
	v_mov_b32_e32 v47, 0                                       // 000000003328: 7E5E0280
	v_mov_b32_e32 v48, 0                                       // 00000000332C: 7E600280
	v_mov_b32_e32 v49, 0                                       // 000000003330: 7E620280
	v_mov_b32_e32 v50, 0                                       // 000000003334: 7E640280
	v_mov_b32_e32 v51, 0                                       // 000000003338: 7E660280
	v_mov_b32_e32 v52, 0                                       // 00000000333C: 7E680280
	v_mov_b32_e32 v53, 0                                       // 000000003340: 7E6A0280
	v_mov_b32_e32 v54, 0                                       // 000000003344: 7E6C0280
	v_mov_b32_e32 v55, 0                                       // 000000003348: 7E6E0280
	v_mov_b32_e32 v56, 0                                       // 00000000334C: 7E700280
	v_mov_b32_e32 v57, 0                                       // 000000003350: 7E720280
	v_mov_b32_e32 v58, 0                                       // 000000003354: 7E740280
	v_mov_b32_e32 v59, 0                                       // 000000003358: 7E760280
	v_mov_b32_e32 v60, 0                                       // 00000000335C: 7E780280
	v_mov_b32_e32 v61, 0                                       // 000000003360: 7E7A0280
	v_mov_b32_e32 v62, 0                                       // 000000003364: 7E7C0280
	v_mov_b32_e32 v63, 0                                       // 000000003368: 7E7E0280
	v_mov_b32_e32 v64, 0                                       // 00000000336C: 7E800280
	v_mov_b32_e32 v65, 0                                       // 000000003370: 7E820280
	v_mov_b32_e32 v66, 0                                       // 000000003374: 7E840280
	v_mov_b32_e32 v67, 0                                       // 000000003378: 7E860280
	v_mov_b32_e32 v68, 0                                       // 00000000337C: 7E880280
	v_mov_b32_e32 v69, 0                                       // 000000003380: 7E8A0280
	v_mov_b32_e32 v70, 0                                       // 000000003384: 7E8C0280
	v_mov_b32_e32 v71, 0                                       // 000000003388: 7E8E0280
	v_mov_b32_e32 v72, 0                                       // 00000000338C: 7E900280
	v_mov_b32_e32 v73, 0                                       // 000000003390: 7E920280
	v_mov_b32_e32 v74, 0                                       // 000000003394: 7E940280
	v_mov_b32_e32 v75, 0                                       // 000000003398: 7E960280
	v_mov_b32_e32 v76, 0                                       // 00000000339C: 7E980280
	v_mov_b32_e32 v77, 0                                       // 0000000033A0: 7E9A0280
	v_mov_b32_e32 v78, 0                                       // 0000000033A4: 7E9C0280
	v_mov_b32_e32 v79, 0                                       // 0000000033A8: 7E9E0280
	v_mov_b32_e32 v80, 0                                       // 0000000033AC: 7EA00280
	v_mov_b32_e32 v81, 0                                       // 0000000033B0: 7EA20280
	v_mov_b32_e32 v82, 0                                       // 0000000033B4: 7EA40280
	v_mov_b32_e32 v83, 0                                       // 0000000033B8: 7EA60280
	v_mov_b32_e32 v84, 0                                       // 0000000033BC: 7EA80280
	v_mov_b32_e32 v85, 0                                       // 0000000033C0: 7EAA0280
	v_mov_b32_e32 v86, 0                                       // 0000000033C4: 7EAC0280
	v_mov_b32_e32 v87, 0                                       // 0000000033C8: 7EAE0280
	v_mov_b32_e32 v88, 0                                       // 0000000033CC: 7EB00280
	v_mov_b32_e32 v89, 0                                       // 0000000033D0: 7EB20280
	v_mov_b32_e32 v90, 0                                       // 0000000033D4: 7EB40280
	v_mov_b32_e32 v91, 0                                       // 0000000033D8: 7EB60280
	v_mov_b32_e32 v92, 0                                       // 0000000033DC: 7EB80280
	v_mov_b32_e32 v93, 0                                       // 0000000033E0: 7EBA0280
	v_mov_b32_e32 v94, 0                                       // 0000000033E4: 7EBC0280
	v_mov_b32_e32 v95, 0                                       // 0000000033E8: 7EBE0280
	s_mul_i32 s20, s30, s14                                    // 0000000033EC: 96140E1E
	s_mul_i32 s21, s31, 16                                     // 0000000033F0: 9615901F
	s_mul_hi_u32 s25, s21, s10                                 // 0000000033F4: 96990A15
	s_mul_i32 s21, s21, s10                                    // 0000000033F8: 96150A15
	s_add_co_u32 s20, s20, s21                                 // 0000000033FC: 80141514
	s_add_co_ci_u32 s25, s25, 0                                // 000000003400: 82198019
	s_add_co_u32 s52, s4, s20                                  // 000000003404: 80341404
	s_add_co_ci_u32 s53, s5, s25                               // 000000003408: 82351905
	s_mul_i32 s42, s41, 4                                      // 00000000340C: 962A8429
	s_add_co_u32 s42, s42, s33                                 // 000000003410: 802A212A
	s_mul_i32 s36, s19, 8                                      // 000000003414: 96248813
	s_add_co_u32 s36, s36, s42                                 // 000000003418: 80242A24
	s_mul_i32 s22, s36, 32                                     // 00000000341C: 9616A024
	s_mul_i32 s22, s22, s9                                     // 000000003420: 96160916
	s_mul_i32 s25, s31, 0x100                                  // 000000003424: 9619FF1F 00000100
	s_add_co_u32 s22, s22, s25                                 // 00000000342C: 80161916
	s_add_co_u32 s56, s2, s22                                  // 000000003430: 80381602
	s_add_co_ci_u32 s57, s3, 0                                 // 000000003434: 82398003
	s_lshl_b32 s32, s9, 4                                      // 000000003438: 84208409
	global_load_tr_b64 v[100:101], v9, s[52:53]                // 00000000343C: EE160034 00000064 00000009
	global_load_tr_b64 v[102:103], v9, s[52:53] offset:256     // 000000003448: EE160034 00000066 00010009
	global_load_tr_b64 v[104:105], v9, s[52:53] offset:512     // 000000003454: EE160034 00000068 00020009
	global_load_tr_b64 v[106:107], v9, s[52:53] offset:768     // 000000003460: EE160034 0000006A 00030009
	global_load_b64 v[96:97], v8, s[56:57]                     // 00000000346C: EE054038 00000060 00000008
	s_mul_i32 s58, s32, 1                                      // 000000003478: 963A8120
	s_add_co_u32 s58, s56, s58                                 // 00000000347C: 803A3A38
	s_add_co_ci_u32 s59, s57, 0                                // 000000003480: 823B8039
	global_load_b64 v[98:99], v8, s[58:59]                     // 000000003484: EE05403A 00000062 00000008
	s_wait_loadcnt 0x0                                         // 000000003490: BFC00000
	v_wmma_f32_16x16x16_fp8_fp8 v[32:39], v[96:97], v[100:101], v[32:39]// 000000003494: CC464020 1C82C960
	v_wmma_f32_16x16x16_fp8_fp8 v[40:47], v[96:97], v[102:103], v[40:47]// 00000000349C: CC464028 1CA2CD60
	v_wmma_f32_16x16x16_fp8_fp8 v[48:55], v[96:97], v[104:105], v[48:55]// 0000000034A4: CC464030 1CC2D160
	v_wmma_f32_16x16x16_fp8_fp8 v[56:63], v[96:97], v[106:107], v[56:63]// 0000000034AC: CC464038 1CE2D560
	v_wmma_f32_16x16x16_fp8_fp8 v[64:71], v[98:99], v[100:101], v[64:71]// 0000000034B4: CC464040 1D02C962
	v_wmma_f32_16x16x16_fp8_fp8 v[72:79], v[98:99], v[102:103], v[72:79]// 0000000034BC: CC464048 1D22CD62
	v_wmma_f32_16x16x16_fp8_fp8 v[80:87], v[98:99], v[104:105], v[80:87]// 0000000034C4: CC464050 1D42D162
	v_wmma_f32_16x16x16_fp8_fp8 v[88:95], v[98:99], v[106:107], v[88:95]// 0000000034CC: CC464058 1D62D562
	s_add_co_u32 s52, s52, s10                                 // 0000000034D4: 80340A34
	s_add_co_ci_u32 s53, s53, 0                                // 0000000034D8: 82358035
	global_load_tr_b64 v[100:101], v9, s[52:53]                // 0000000034DC: EE160034 00000064 00000009
	global_load_tr_b64 v[102:103], v9, s[52:53] offset:256     // 0000000034E8: EE160034 00000066 00010009
	global_load_tr_b64 v[104:105], v9, s[52:53] offset:512     // 0000000034F4: EE160034 00000068 00020009
	global_load_tr_b64 v[106:107], v9, s[52:53] offset:768     // 000000003500: EE160034 0000006A 00030009
	global_load_b64 v[96:97], v8, s[56:57] offset:16           // 00000000350C: EE054038 00000060 00001008
	s_mul_i32 s58, s32, 1                                      // 000000003518: 963A8120
	s_add_co_u32 s58, s56, s58                                 // 00000000351C: 803A3A38
	s_add_co_ci_u32 s59, s57, 0                                // 000000003520: 823B8039
	global_load_b64 v[98:99], v8, s[58:59] offset:16           // 000000003524: EE05403A 00000062 00001008
	s_wait_loadcnt 0x0                                         // 000000003530: BFC00000
	v_wmma_f32_16x16x16_fp8_fp8 v[32:39], v[96:97], v[100:101], v[32:39]// 000000003534: CC464020 1C82C960
	v_wmma_f32_16x16x16_fp8_fp8 v[40:47], v[96:97], v[102:103], v[40:47]// 00000000353C: CC464028 1CA2CD60
	v_wmma_f32_16x16x16_fp8_fp8 v[48:55], v[96:97], v[104:105], v[48:55]// 000000003544: CC464030 1CC2D160
	v_wmma_f32_16x16x16_fp8_fp8 v[56:63], v[96:97], v[106:107], v[56:63]// 00000000354C: CC464038 1CE2D560
	v_wmma_f32_16x16x16_fp8_fp8 v[64:71], v[98:99], v[100:101], v[64:71]// 000000003554: CC464040 1D02C962
	v_wmma_f32_16x16x16_fp8_fp8 v[72:79], v[98:99], v[102:103], v[72:79]// 00000000355C: CC464048 1D22CD62
	v_wmma_f32_16x16x16_fp8_fp8 v[80:87], v[98:99], v[104:105], v[80:87]// 000000003564: CC464050 1D42D162
	v_wmma_f32_16x16x16_fp8_fp8 v[88:95], v[98:99], v[106:107], v[88:95]// 00000000356C: CC464058 1D62D562
	s_add_co_u32 s52, s52, s10                                 // 000000003574: 80340A34
	s_add_co_ci_u32 s53, s53, 0                                // 000000003578: 82358035
	global_load_tr_b64 v[100:101], v9, s[52:53]                // 00000000357C: EE160034 00000064 00000009
	global_load_tr_b64 v[102:103], v9, s[52:53] offset:256     // 000000003588: EE160034 00000066 00010009
	global_load_tr_b64 v[104:105], v9, s[52:53] offset:512     // 000000003594: EE160034 00000068 00020009
	global_load_tr_b64 v[106:107], v9, s[52:53] offset:768     // 0000000035A0: EE160034 0000006A 00030009
	global_load_b64 v[96:97], v8, s[56:57] offset:32           // 0000000035AC: EE054038 00000060 00002008
	s_mul_i32 s58, s32, 1                                      // 0000000035B8: 963A8120
	s_add_co_u32 s58, s56, s58                                 // 0000000035BC: 803A3A38
	s_add_co_ci_u32 s59, s57, 0                                // 0000000035C0: 823B8039
	global_load_b64 v[98:99], v8, s[58:59] offset:32           // 0000000035C4: EE05403A 00000062 00002008
	s_wait_loadcnt 0x0                                         // 0000000035D0: BFC00000
	v_wmma_f32_16x16x16_fp8_fp8 v[32:39], v[96:97], v[100:101], v[32:39]// 0000000035D4: CC464020 1C82C960
	v_wmma_f32_16x16x16_fp8_fp8 v[40:47], v[96:97], v[102:103], v[40:47]// 0000000035DC: CC464028 1CA2CD60
	v_wmma_f32_16x16x16_fp8_fp8 v[48:55], v[96:97], v[104:105], v[48:55]// 0000000035E4: CC464030 1CC2D160
	v_wmma_f32_16x16x16_fp8_fp8 v[56:63], v[96:97], v[106:107], v[56:63]// 0000000035EC: CC464038 1CE2D560
	v_wmma_f32_16x16x16_fp8_fp8 v[64:71], v[98:99], v[100:101], v[64:71]// 0000000035F4: CC464040 1D02C962
	v_wmma_f32_16x16x16_fp8_fp8 v[72:79], v[98:99], v[102:103], v[72:79]// 0000000035FC: CC464048 1D22CD62
	v_wmma_f32_16x16x16_fp8_fp8 v[80:87], v[98:99], v[104:105], v[80:87]// 000000003604: CC464050 1D42D162
	v_wmma_f32_16x16x16_fp8_fp8 v[88:95], v[98:99], v[106:107], v[88:95]// 00000000360C: CC464058 1D62D562
	s_add_co_u32 s52, s52, s10                                 // 000000003614: 80340A34
	s_add_co_ci_u32 s53, s53, 0                                // 000000003618: 82358035
	global_load_tr_b64 v[100:101], v9, s[52:53]                // 00000000361C: EE160034 00000064 00000009
	global_load_tr_b64 v[102:103], v9, s[52:53] offset:256     // 000000003628: EE160034 00000066 00010009
	global_load_tr_b64 v[104:105], v9, s[52:53] offset:512     // 000000003634: EE160034 00000068 00020009
	global_load_tr_b64 v[106:107], v9, s[52:53] offset:768     // 000000003640: EE160034 0000006A 00030009
	global_load_b64 v[96:97], v8, s[56:57] offset:48           // 00000000364C: EE054038 00000060 00003008
	s_mul_i32 s58, s32, 1                                      // 000000003658: 963A8120
	s_add_co_u32 s58, s56, s58                                 // 00000000365C: 803A3A38
	s_add_co_ci_u32 s59, s57, 0                                // 000000003660: 823B8039
	global_load_b64 v[98:99], v8, s[58:59] offset:48           // 000000003664: EE05403A 00000062 00003008
	s_wait_loadcnt 0x0                                         // 000000003670: BFC00000
	v_wmma_f32_16x16x16_fp8_fp8 v[32:39], v[96:97], v[100:101], v[32:39]// 000000003674: CC464020 1C82C960
	v_wmma_f32_16x16x16_fp8_fp8 v[40:47], v[96:97], v[102:103], v[40:47]// 00000000367C: CC464028 1CA2CD60
	v_wmma_f32_16x16x16_fp8_fp8 v[48:55], v[96:97], v[104:105], v[48:55]// 000000003684: CC464030 1CC2D160
	v_wmma_f32_16x16x16_fp8_fp8 v[56:63], v[96:97], v[106:107], v[56:63]// 00000000368C: CC464038 1CE2D560
	v_wmma_f32_16x16x16_fp8_fp8 v[64:71], v[98:99], v[100:101], v[64:71]// 000000003694: CC464040 1D02C962
	v_wmma_f32_16x16x16_fp8_fp8 v[72:79], v[98:99], v[102:103], v[72:79]// 00000000369C: CC464048 1D22CD62
	v_wmma_f32_16x16x16_fp8_fp8 v[80:87], v[98:99], v[104:105], v[80:87]// 0000000036A4: CC464050 1D42D162
	v_wmma_f32_16x16x16_fp8_fp8 v[88:95], v[98:99], v[106:107], v[88:95]// 0000000036AC: CC464058 1D62D562
	s_add_co_u32 s52, s52, s10                                 // 0000000036B4: 80340A34
	s_add_co_ci_u32 s53, s53, 0                                // 0000000036B8: 82358035
	global_load_tr_b64 v[100:101], v9, s[52:53]                // 0000000036BC: EE160034 00000064 00000009
	global_load_tr_b64 v[102:103], v9, s[52:53] offset:256     // 0000000036C8: EE160034 00000066 00010009
	global_load_tr_b64 v[104:105], v9, s[52:53] offset:512     // 0000000036D4: EE160034 00000068 00020009
	global_load_tr_b64 v[106:107], v9, s[52:53] offset:768     // 0000000036E0: EE160034 0000006A 00030009
	global_load_b64 v[96:97], v8, s[56:57] offset:64           // 0000000036EC: EE054038 00000060 00004008
	s_mul_i32 s58, s32, 1                                      // 0000000036F8: 963A8120
	s_add_co_u32 s58, s56, s58                                 // 0000000036FC: 803A3A38
	s_add_co_ci_u32 s59, s57, 0                                // 000000003700: 823B8039
	global_load_b64 v[98:99], v8, s[58:59] offset:64           // 000000003704: EE05403A 00000062 00004008
	s_wait_loadcnt 0x0                                         // 000000003710: BFC00000
	v_wmma_f32_16x16x16_fp8_fp8 v[32:39], v[96:97], v[100:101], v[32:39]// 000000003714: CC464020 1C82C960
	v_wmma_f32_16x16x16_fp8_fp8 v[40:47], v[96:97], v[102:103], v[40:47]// 00000000371C: CC464028 1CA2CD60
	v_wmma_f32_16x16x16_fp8_fp8 v[48:55], v[96:97], v[104:105], v[48:55]// 000000003724: CC464030 1CC2D160
	v_wmma_f32_16x16x16_fp8_fp8 v[56:63], v[96:97], v[106:107], v[56:63]// 00000000372C: CC464038 1CE2D560
	v_wmma_f32_16x16x16_fp8_fp8 v[64:71], v[98:99], v[100:101], v[64:71]// 000000003734: CC464040 1D02C962
	v_wmma_f32_16x16x16_fp8_fp8 v[72:79], v[98:99], v[102:103], v[72:79]// 00000000373C: CC464048 1D22CD62
	v_wmma_f32_16x16x16_fp8_fp8 v[80:87], v[98:99], v[104:105], v[80:87]// 000000003744: CC464050 1D42D162
	v_wmma_f32_16x16x16_fp8_fp8 v[88:95], v[98:99], v[106:107], v[88:95]// 00000000374C: CC464058 1D62D562
	s_add_co_u32 s52, s52, s10                                 // 000000003754: 80340A34
	s_add_co_ci_u32 s53, s53, 0                                // 000000003758: 82358035
	global_load_tr_b64 v[100:101], v9, s[52:53]                // 00000000375C: EE160034 00000064 00000009
	global_load_tr_b64 v[102:103], v9, s[52:53] offset:256     // 000000003768: EE160034 00000066 00010009
	global_load_tr_b64 v[104:105], v9, s[52:53] offset:512     // 000000003774: EE160034 00000068 00020009
	global_load_tr_b64 v[106:107], v9, s[52:53] offset:768     // 000000003780: EE160034 0000006A 00030009
	global_load_b64 v[96:97], v8, s[56:57] offset:80           // 00000000378C: EE054038 00000060 00005008
	s_mul_i32 s58, s32, 1                                      // 000000003798: 963A8120
	s_add_co_u32 s58, s56, s58                                 // 00000000379C: 803A3A38
	s_add_co_ci_u32 s59, s57, 0                                // 0000000037A0: 823B8039
	global_load_b64 v[98:99], v8, s[58:59] offset:80           // 0000000037A4: EE05403A 00000062 00005008
	s_wait_loadcnt 0x0                                         // 0000000037B0: BFC00000
	v_wmma_f32_16x16x16_fp8_fp8 v[32:39], v[96:97], v[100:101], v[32:39]// 0000000037B4: CC464020 1C82C960
	v_wmma_f32_16x16x16_fp8_fp8 v[40:47], v[96:97], v[102:103], v[40:47]// 0000000037BC: CC464028 1CA2CD60
	v_wmma_f32_16x16x16_fp8_fp8 v[48:55], v[96:97], v[104:105], v[48:55]// 0000000037C4: CC464030 1CC2D160
	v_wmma_f32_16x16x16_fp8_fp8 v[56:63], v[96:97], v[106:107], v[56:63]// 0000000037CC: CC464038 1CE2D560
	v_wmma_f32_16x16x16_fp8_fp8 v[64:71], v[98:99], v[100:101], v[64:71]// 0000000037D4: CC464040 1D02C962
	v_wmma_f32_16x16x16_fp8_fp8 v[72:79], v[98:99], v[102:103], v[72:79]// 0000000037DC: CC464048 1D22CD62
	v_wmma_f32_16x16x16_fp8_fp8 v[80:87], v[98:99], v[104:105], v[80:87]// 0000000037E4: CC464050 1D42D162
	v_wmma_f32_16x16x16_fp8_fp8 v[88:95], v[98:99], v[106:107], v[88:95]// 0000000037EC: CC464058 1D62D562
	s_add_co_u32 s52, s52, s10                                 // 0000000037F4: 80340A34
	s_add_co_ci_u32 s53, s53, 0                                // 0000000037F8: 82358035
	global_load_tr_b64 v[100:101], v9, s[52:53]                // 0000000037FC: EE160034 00000064 00000009
	global_load_tr_b64 v[102:103], v9, s[52:53] offset:256     // 000000003808: EE160034 00000066 00010009
	global_load_tr_b64 v[104:105], v9, s[52:53] offset:512     // 000000003814: EE160034 00000068 00020009
	global_load_tr_b64 v[106:107], v9, s[52:53] offset:768     // 000000003820: EE160034 0000006A 00030009
	global_load_b64 v[96:97], v8, s[56:57] offset:96           // 00000000382C: EE054038 00000060 00006008
	s_mul_i32 s58, s32, 1                                      // 000000003838: 963A8120
	s_add_co_u32 s58, s56, s58                                 // 00000000383C: 803A3A38
	s_add_co_ci_u32 s59, s57, 0                                // 000000003840: 823B8039
	global_load_b64 v[98:99], v8, s[58:59] offset:96           // 000000003844: EE05403A 00000062 00006008
	s_wait_loadcnt 0x0                                         // 000000003850: BFC00000
	v_wmma_f32_16x16x16_fp8_fp8 v[32:39], v[96:97], v[100:101], v[32:39]// 000000003854: CC464020 1C82C960
	v_wmma_f32_16x16x16_fp8_fp8 v[40:47], v[96:97], v[102:103], v[40:47]// 00000000385C: CC464028 1CA2CD60
	v_wmma_f32_16x16x16_fp8_fp8 v[48:55], v[96:97], v[104:105], v[48:55]// 000000003864: CC464030 1CC2D160
	v_wmma_f32_16x16x16_fp8_fp8 v[56:63], v[96:97], v[106:107], v[56:63]// 00000000386C: CC464038 1CE2D560
	v_wmma_f32_16x16x16_fp8_fp8 v[64:71], v[98:99], v[100:101], v[64:71]// 000000003874: CC464040 1D02C962
	v_wmma_f32_16x16x16_fp8_fp8 v[72:79], v[98:99], v[102:103], v[72:79]// 00000000387C: CC464048 1D22CD62
	v_wmma_f32_16x16x16_fp8_fp8 v[80:87], v[98:99], v[104:105], v[80:87]// 000000003884: CC464050 1D42D162
	v_wmma_f32_16x16x16_fp8_fp8 v[88:95], v[98:99], v[106:107], v[88:95]// 00000000388C: CC464058 1D62D562
	s_add_co_u32 s52, s52, s10                                 // 000000003894: 80340A34
	s_add_co_ci_u32 s53, s53, 0                                // 000000003898: 82358035
	global_load_tr_b64 v[100:101], v9, s[52:53]                // 00000000389C: EE160034 00000064 00000009
	global_load_tr_b64 v[102:103], v9, s[52:53] offset:256     // 0000000038A8: EE160034 00000066 00010009
	global_load_tr_b64 v[104:105], v9, s[52:53] offset:512     // 0000000038B4: EE160034 00000068 00020009
	global_load_tr_b64 v[106:107], v9, s[52:53] offset:768     // 0000000038C0: EE160034 0000006A 00030009
	global_load_b64 v[96:97], v8, s[56:57] offset:112          // 0000000038CC: EE054038 00000060 00007008
	s_mul_i32 s58, s32, 1                                      // 0000000038D8: 963A8120
	s_add_co_u32 s58, s56, s58                                 // 0000000038DC: 803A3A38
	s_add_co_ci_u32 s59, s57, 0                                // 0000000038E0: 823B8039
	global_load_b64 v[98:99], v8, s[58:59] offset:112          // 0000000038E4: EE05403A 00000062 00007008
	s_wait_loadcnt 0x0                                         // 0000000038F0: BFC00000
	v_wmma_f32_16x16x16_fp8_fp8 v[32:39], v[96:97], v[100:101], v[32:39]// 0000000038F4: CC464020 1C82C960
	v_wmma_f32_16x16x16_fp8_fp8 v[40:47], v[96:97], v[102:103], v[40:47]// 0000000038FC: CC464028 1CA2CD60
	v_wmma_f32_16x16x16_fp8_fp8 v[48:55], v[96:97], v[104:105], v[48:55]// 000000003904: CC464030 1CC2D160
	v_wmma_f32_16x16x16_fp8_fp8 v[56:63], v[96:97], v[106:107], v[56:63]// 00000000390C: CC464038 1CE2D560
	v_wmma_f32_16x16x16_fp8_fp8 v[64:71], v[98:99], v[100:101], v[64:71]// 000000003914: CC464040 1D02C962
	v_wmma_f32_16x16x16_fp8_fp8 v[72:79], v[98:99], v[102:103], v[72:79]// 00000000391C: CC464048 1D22CD62
	v_wmma_f32_16x16x16_fp8_fp8 v[80:87], v[98:99], v[104:105], v[80:87]// 000000003924: CC464050 1D42D162
	v_wmma_f32_16x16x16_fp8_fp8 v[88:95], v[98:99], v[106:107], v[88:95]// 00000000392C: CC464058 1D62D562
	s_add_co_u32 s52, s52, s10                                 // 000000003934: 80340A34
	s_add_co_ci_u32 s53, s53, 0                                // 000000003938: 82358035
	global_load_tr_b64 v[100:101], v9, s[52:53]                // 00000000393C: EE160034 00000064 00000009
	global_load_tr_b64 v[102:103], v9, s[52:53] offset:256     // 000000003948: EE160034 00000066 00010009
	global_load_tr_b64 v[104:105], v9, s[52:53] offset:512     // 000000003954: EE160034 00000068 00020009
	global_load_tr_b64 v[106:107], v9, s[52:53] offset:768     // 000000003960: EE160034 0000006A 00030009
	global_load_b64 v[96:97], v8, s[56:57] offset:128          // 00000000396C: EE054038 00000060 00008008
	s_mul_i32 s58, s32, 1                                      // 000000003978: 963A8120
	s_add_co_u32 s58, s56, s58                                 // 00000000397C: 803A3A38
	s_add_co_ci_u32 s59, s57, 0                                // 000000003980: 823B8039
	global_load_b64 v[98:99], v8, s[58:59] offset:128          // 000000003984: EE05403A 00000062 00008008
	s_wait_loadcnt 0x0                                         // 000000003990: BFC00000
	v_wmma_f32_16x16x16_fp8_fp8 v[32:39], v[96:97], v[100:101], v[32:39]// 000000003994: CC464020 1C82C960
	v_wmma_f32_16x16x16_fp8_fp8 v[40:47], v[96:97], v[102:103], v[40:47]// 00000000399C: CC464028 1CA2CD60
	v_wmma_f32_16x16x16_fp8_fp8 v[48:55], v[96:97], v[104:105], v[48:55]// 0000000039A4: CC464030 1CC2D160
	v_wmma_f32_16x16x16_fp8_fp8 v[56:63], v[96:97], v[106:107], v[56:63]// 0000000039AC: CC464038 1CE2D560
	v_wmma_f32_16x16x16_fp8_fp8 v[64:71], v[98:99], v[100:101], v[64:71]// 0000000039B4: CC464040 1D02C962
	v_wmma_f32_16x16x16_fp8_fp8 v[72:79], v[98:99], v[102:103], v[72:79]// 0000000039BC: CC464048 1D22CD62
	v_wmma_f32_16x16x16_fp8_fp8 v[80:87], v[98:99], v[104:105], v[80:87]// 0000000039C4: CC464050 1D42D162
	v_wmma_f32_16x16x16_fp8_fp8 v[88:95], v[98:99], v[106:107], v[88:95]// 0000000039CC: CC464058 1D62D562
	s_add_co_u32 s52, s52, s10                                 // 0000000039D4: 80340A34
	s_add_co_ci_u32 s53, s53, 0                                // 0000000039D8: 82358035
	global_load_tr_b64 v[100:101], v9, s[52:53]                // 0000000039DC: EE160034 00000064 00000009
	global_load_tr_b64 v[102:103], v9, s[52:53] offset:256     // 0000000039E8: EE160034 00000066 00010009
	global_load_tr_b64 v[104:105], v9, s[52:53] offset:512     // 0000000039F4: EE160034 00000068 00020009
	global_load_tr_b64 v[106:107], v9, s[52:53] offset:768     // 000000003A00: EE160034 0000006A 00030009
	global_load_b64 v[96:97], v8, s[56:57] offset:144          // 000000003A0C: EE054038 00000060 00009008
	s_mul_i32 s58, s32, 1                                      // 000000003A18: 963A8120
	s_add_co_u32 s58, s56, s58                                 // 000000003A1C: 803A3A38
	s_add_co_ci_u32 s59, s57, 0                                // 000000003A20: 823B8039
	global_load_b64 v[98:99], v8, s[58:59] offset:144          // 000000003A24: EE05403A 00000062 00009008
	s_wait_loadcnt 0x0                                         // 000000003A30: BFC00000
	v_wmma_f32_16x16x16_fp8_fp8 v[32:39], v[96:97], v[100:101], v[32:39]// 000000003A34: CC464020 1C82C960
	v_wmma_f32_16x16x16_fp8_fp8 v[40:47], v[96:97], v[102:103], v[40:47]// 000000003A3C: CC464028 1CA2CD60
	v_wmma_f32_16x16x16_fp8_fp8 v[48:55], v[96:97], v[104:105], v[48:55]// 000000003A44: CC464030 1CC2D160
	v_wmma_f32_16x16x16_fp8_fp8 v[56:63], v[96:97], v[106:107], v[56:63]// 000000003A4C: CC464038 1CE2D560
	v_wmma_f32_16x16x16_fp8_fp8 v[64:71], v[98:99], v[100:101], v[64:71]// 000000003A54: CC464040 1D02C962
	v_wmma_f32_16x16x16_fp8_fp8 v[72:79], v[98:99], v[102:103], v[72:79]// 000000003A5C: CC464048 1D22CD62
	v_wmma_f32_16x16x16_fp8_fp8 v[80:87], v[98:99], v[104:105], v[80:87]// 000000003A64: CC464050 1D42D162
	v_wmma_f32_16x16x16_fp8_fp8 v[88:95], v[98:99], v[106:107], v[88:95]// 000000003A6C: CC464058 1D62D562
	s_add_co_u32 s52, s52, s10                                 // 000000003A74: 80340A34
	s_add_co_ci_u32 s53, s53, 0                                // 000000003A78: 82358035
	global_load_tr_b64 v[100:101], v9, s[52:53]                // 000000003A7C: EE160034 00000064 00000009
	global_load_tr_b64 v[102:103], v9, s[52:53] offset:256     // 000000003A88: EE160034 00000066 00010009
	global_load_tr_b64 v[104:105], v9, s[52:53] offset:512     // 000000003A94: EE160034 00000068 00020009
	global_load_tr_b64 v[106:107], v9, s[52:53] offset:768     // 000000003AA0: EE160034 0000006A 00030009
	global_load_b64 v[96:97], v8, s[56:57] offset:160          // 000000003AAC: EE054038 00000060 0000A008
	s_mul_i32 s58, s32, 1                                      // 000000003AB8: 963A8120
	s_add_co_u32 s58, s56, s58                                 // 000000003ABC: 803A3A38
	s_add_co_ci_u32 s59, s57, 0                                // 000000003AC0: 823B8039
	global_load_b64 v[98:99], v8, s[58:59] offset:160          // 000000003AC4: EE05403A 00000062 0000A008
	s_wait_loadcnt 0x0                                         // 000000003AD0: BFC00000
	v_wmma_f32_16x16x16_fp8_fp8 v[32:39], v[96:97], v[100:101], v[32:39]// 000000003AD4: CC464020 1C82C960
	v_wmma_f32_16x16x16_fp8_fp8 v[40:47], v[96:97], v[102:103], v[40:47]// 000000003ADC: CC464028 1CA2CD60
	v_wmma_f32_16x16x16_fp8_fp8 v[48:55], v[96:97], v[104:105], v[48:55]// 000000003AE4: CC464030 1CC2D160
	v_wmma_f32_16x16x16_fp8_fp8 v[56:63], v[96:97], v[106:107], v[56:63]// 000000003AEC: CC464038 1CE2D560
	v_wmma_f32_16x16x16_fp8_fp8 v[64:71], v[98:99], v[100:101], v[64:71]// 000000003AF4: CC464040 1D02C962
	v_wmma_f32_16x16x16_fp8_fp8 v[72:79], v[98:99], v[102:103], v[72:79]// 000000003AFC: CC464048 1D22CD62
	v_wmma_f32_16x16x16_fp8_fp8 v[80:87], v[98:99], v[104:105], v[80:87]// 000000003B04: CC464050 1D42D162
	v_wmma_f32_16x16x16_fp8_fp8 v[88:95], v[98:99], v[106:107], v[88:95]// 000000003B0C: CC464058 1D62D562
	s_add_co_u32 s52, s52, s10                                 // 000000003B14: 80340A34
	s_add_co_ci_u32 s53, s53, 0                                // 000000003B18: 82358035
	global_load_tr_b64 v[100:101], v9, s[52:53]                // 000000003B1C: EE160034 00000064 00000009
	global_load_tr_b64 v[102:103], v9, s[52:53] offset:256     // 000000003B28: EE160034 00000066 00010009
	global_load_tr_b64 v[104:105], v9, s[52:53] offset:512     // 000000003B34: EE160034 00000068 00020009
	global_load_tr_b64 v[106:107], v9, s[52:53] offset:768     // 000000003B40: EE160034 0000006A 00030009
	global_load_b64 v[96:97], v8, s[56:57] offset:176          // 000000003B4C: EE054038 00000060 0000B008
	s_mul_i32 s58, s32, 1                                      // 000000003B58: 963A8120
	s_add_co_u32 s58, s56, s58                                 // 000000003B5C: 803A3A38
	s_add_co_ci_u32 s59, s57, 0                                // 000000003B60: 823B8039
	global_load_b64 v[98:99], v8, s[58:59] offset:176          // 000000003B64: EE05403A 00000062 0000B008
	s_wait_loadcnt 0x0                                         // 000000003B70: BFC00000
	v_wmma_f32_16x16x16_fp8_fp8 v[32:39], v[96:97], v[100:101], v[32:39]// 000000003B74: CC464020 1C82C960
	v_wmma_f32_16x16x16_fp8_fp8 v[40:47], v[96:97], v[102:103], v[40:47]// 000000003B7C: CC464028 1CA2CD60
	v_wmma_f32_16x16x16_fp8_fp8 v[48:55], v[96:97], v[104:105], v[48:55]// 000000003B84: CC464030 1CC2D160
	v_wmma_f32_16x16x16_fp8_fp8 v[56:63], v[96:97], v[106:107], v[56:63]// 000000003B8C: CC464038 1CE2D560
	v_wmma_f32_16x16x16_fp8_fp8 v[64:71], v[98:99], v[100:101], v[64:71]// 000000003B94: CC464040 1D02C962
	v_wmma_f32_16x16x16_fp8_fp8 v[72:79], v[98:99], v[102:103], v[72:79]// 000000003B9C: CC464048 1D22CD62
	v_wmma_f32_16x16x16_fp8_fp8 v[80:87], v[98:99], v[104:105], v[80:87]// 000000003BA4: CC464050 1D42D162
	v_wmma_f32_16x16x16_fp8_fp8 v[88:95], v[98:99], v[106:107], v[88:95]// 000000003BAC: CC464058 1D62D562
	s_add_co_u32 s52, s52, s10                                 // 000000003BB4: 80340A34
	s_add_co_ci_u32 s53, s53, 0                                // 000000003BB8: 82358035
	global_load_tr_b64 v[100:101], v9, s[52:53]                // 000000003BBC: EE160034 00000064 00000009
	global_load_tr_b64 v[102:103], v9, s[52:53] offset:256     // 000000003BC8: EE160034 00000066 00010009
	global_load_tr_b64 v[104:105], v9, s[52:53] offset:512     // 000000003BD4: EE160034 00000068 00020009
	global_load_tr_b64 v[106:107], v9, s[52:53] offset:768     // 000000003BE0: EE160034 0000006A 00030009
	global_load_b64 v[96:97], v8, s[56:57] offset:192          // 000000003BEC: EE054038 00000060 0000C008
	s_mul_i32 s58, s32, 1                                      // 000000003BF8: 963A8120
	s_add_co_u32 s58, s56, s58                                 // 000000003BFC: 803A3A38
	s_add_co_ci_u32 s59, s57, 0                                // 000000003C00: 823B8039
	global_load_b64 v[98:99], v8, s[58:59] offset:192          // 000000003C04: EE05403A 00000062 0000C008
	s_wait_loadcnt 0x0                                         // 000000003C10: BFC00000
	v_wmma_f32_16x16x16_fp8_fp8 v[32:39], v[96:97], v[100:101], v[32:39]// 000000003C14: CC464020 1C82C960
	v_wmma_f32_16x16x16_fp8_fp8 v[40:47], v[96:97], v[102:103], v[40:47]// 000000003C1C: CC464028 1CA2CD60
	v_wmma_f32_16x16x16_fp8_fp8 v[48:55], v[96:97], v[104:105], v[48:55]// 000000003C24: CC464030 1CC2D160
	v_wmma_f32_16x16x16_fp8_fp8 v[56:63], v[96:97], v[106:107], v[56:63]// 000000003C2C: CC464038 1CE2D560
	v_wmma_f32_16x16x16_fp8_fp8 v[64:71], v[98:99], v[100:101], v[64:71]// 000000003C34: CC464040 1D02C962
	v_wmma_f32_16x16x16_fp8_fp8 v[72:79], v[98:99], v[102:103], v[72:79]// 000000003C3C: CC464048 1D22CD62
	v_wmma_f32_16x16x16_fp8_fp8 v[80:87], v[98:99], v[104:105], v[80:87]// 000000003C44: CC464050 1D42D162
	v_wmma_f32_16x16x16_fp8_fp8 v[88:95], v[98:99], v[106:107], v[88:95]// 000000003C4C: CC464058 1D62D562
	s_add_co_u32 s52, s52, s10                                 // 000000003C54: 80340A34
	s_add_co_ci_u32 s53, s53, 0                                // 000000003C58: 82358035
	global_load_tr_b64 v[100:101], v9, s[52:53]                // 000000003C5C: EE160034 00000064 00000009
	global_load_tr_b64 v[102:103], v9, s[52:53] offset:256     // 000000003C68: EE160034 00000066 00010009
	global_load_tr_b64 v[104:105], v9, s[52:53] offset:512     // 000000003C74: EE160034 00000068 00020009
	global_load_tr_b64 v[106:107], v9, s[52:53] offset:768     // 000000003C80: EE160034 0000006A 00030009
	global_load_b64 v[96:97], v8, s[56:57] offset:208          // 000000003C8C: EE054038 00000060 0000D008
	s_mul_i32 s58, s32, 1                                      // 000000003C98: 963A8120
	s_add_co_u32 s58, s56, s58                                 // 000000003C9C: 803A3A38
	s_add_co_ci_u32 s59, s57, 0                                // 000000003CA0: 823B8039
	global_load_b64 v[98:99], v8, s[58:59] offset:208          // 000000003CA4: EE05403A 00000062 0000D008
	s_wait_loadcnt 0x0                                         // 000000003CB0: BFC00000
	v_wmma_f32_16x16x16_fp8_fp8 v[32:39], v[96:97], v[100:101], v[32:39]// 000000003CB4: CC464020 1C82C960
	v_wmma_f32_16x16x16_fp8_fp8 v[40:47], v[96:97], v[102:103], v[40:47]// 000000003CBC: CC464028 1CA2CD60
	v_wmma_f32_16x16x16_fp8_fp8 v[48:55], v[96:97], v[104:105], v[48:55]// 000000003CC4: CC464030 1CC2D160
	v_wmma_f32_16x16x16_fp8_fp8 v[56:63], v[96:97], v[106:107], v[56:63]// 000000003CCC: CC464038 1CE2D560
	v_wmma_f32_16x16x16_fp8_fp8 v[64:71], v[98:99], v[100:101], v[64:71]// 000000003CD4: CC464040 1D02C962
	v_wmma_f32_16x16x16_fp8_fp8 v[72:79], v[98:99], v[102:103], v[72:79]// 000000003CDC: CC464048 1D22CD62
	v_wmma_f32_16x16x16_fp8_fp8 v[80:87], v[98:99], v[104:105], v[80:87]// 000000003CE4: CC464050 1D42D162
	v_wmma_f32_16x16x16_fp8_fp8 v[88:95], v[98:99], v[106:107], v[88:95]// 000000003CEC: CC464058 1D62D562
	s_add_co_u32 s52, s52, s10                                 // 000000003CF4: 80340A34
	s_add_co_ci_u32 s53, s53, 0                                // 000000003CF8: 82358035
	global_load_tr_b64 v[100:101], v9, s[52:53]                // 000000003CFC: EE160034 00000064 00000009
	global_load_tr_b64 v[102:103], v9, s[52:53] offset:256     // 000000003D08: EE160034 00000066 00010009
	global_load_tr_b64 v[104:105], v9, s[52:53] offset:512     // 000000003D14: EE160034 00000068 00020009
	global_load_tr_b64 v[106:107], v9, s[52:53] offset:768     // 000000003D20: EE160034 0000006A 00030009
	global_load_b64 v[96:97], v8, s[56:57] offset:224          // 000000003D2C: EE054038 00000060 0000E008
	s_mul_i32 s58, s32, 1                                      // 000000003D38: 963A8120
	s_add_co_u32 s58, s56, s58                                 // 000000003D3C: 803A3A38
	s_add_co_ci_u32 s59, s57, 0                                // 000000003D40: 823B8039
	global_load_b64 v[98:99], v8, s[58:59] offset:224          // 000000003D44: EE05403A 00000062 0000E008
	s_wait_loadcnt 0x0                                         // 000000003D50: BFC00000
	v_wmma_f32_16x16x16_fp8_fp8 v[32:39], v[96:97], v[100:101], v[32:39]// 000000003D54: CC464020 1C82C960
	v_wmma_f32_16x16x16_fp8_fp8 v[40:47], v[96:97], v[102:103], v[40:47]// 000000003D5C: CC464028 1CA2CD60
	v_wmma_f32_16x16x16_fp8_fp8 v[48:55], v[96:97], v[104:105], v[48:55]// 000000003D64: CC464030 1CC2D160
	v_wmma_f32_16x16x16_fp8_fp8 v[56:63], v[96:97], v[106:107], v[56:63]// 000000003D6C: CC464038 1CE2D560
	v_wmma_f32_16x16x16_fp8_fp8 v[64:71], v[98:99], v[100:101], v[64:71]// 000000003D74: CC464040 1D02C962
	v_wmma_f32_16x16x16_fp8_fp8 v[72:79], v[98:99], v[102:103], v[72:79]// 000000003D7C: CC464048 1D22CD62
	v_wmma_f32_16x16x16_fp8_fp8 v[80:87], v[98:99], v[104:105], v[80:87]// 000000003D84: CC464050 1D42D162
	v_wmma_f32_16x16x16_fp8_fp8 v[88:95], v[98:99], v[106:107], v[88:95]// 000000003D8C: CC464058 1D62D562
	s_add_co_u32 s52, s52, s10                                 // 000000003D94: 80340A34
	s_add_co_ci_u32 s53, s53, 0                                // 000000003D98: 82358035
	global_load_tr_b64 v[100:101], v9, s[52:53]                // 000000003D9C: EE160034 00000064 00000009
	global_load_tr_b64 v[102:103], v9, s[52:53] offset:256     // 000000003DA8: EE160034 00000066 00010009
	global_load_tr_b64 v[104:105], v9, s[52:53] offset:512     // 000000003DB4: EE160034 00000068 00020009
	global_load_tr_b64 v[106:107], v9, s[52:53] offset:768     // 000000003DC0: EE160034 0000006A 00030009
	global_load_b64 v[96:97], v8, s[56:57] offset:240          // 000000003DCC: EE054038 00000060 0000F008
	s_mul_i32 s58, s32, 1                                      // 000000003DD8: 963A8120
	s_add_co_u32 s58, s56, s58                                 // 000000003DDC: 803A3A38
	s_add_co_ci_u32 s59, s57, 0                                // 000000003DE0: 823B8039
	global_load_b64 v[98:99], v8, s[58:59] offset:240          // 000000003DE4: EE05403A 00000062 0000F008
	s_wait_loadcnt 0x0                                         // 000000003DF0: BFC00000
	v_wmma_f32_16x16x16_fp8_fp8 v[32:39], v[96:97], v[100:101], v[32:39]// 000000003DF4: CC464020 1C82C960
	v_wmma_f32_16x16x16_fp8_fp8 v[40:47], v[96:97], v[102:103], v[40:47]// 000000003DFC: CC464028 1CA2CD60
	v_wmma_f32_16x16x16_fp8_fp8 v[48:55], v[96:97], v[104:105], v[48:55]// 000000003E04: CC464030 1CC2D160
	v_wmma_f32_16x16x16_fp8_fp8 v[56:63], v[96:97], v[106:107], v[56:63]// 000000003E0C: CC464038 1CE2D560
	v_wmma_f32_16x16x16_fp8_fp8 v[64:71], v[98:99], v[100:101], v[64:71]// 000000003E14: CC464040 1D02C962
	v_wmma_f32_16x16x16_fp8_fp8 v[72:79], v[98:99], v[102:103], v[72:79]// 000000003E1C: CC464048 1D22CD62
	v_wmma_f32_16x16x16_fp8_fp8 v[80:87], v[98:99], v[104:105], v[80:87]// 000000003E24: CC464050 1D42D162
	v_wmma_f32_16x16x16_fp8_fp8 v[88:95], v[98:99], v[106:107], v[88:95]// 000000003E2C: CC464058 1D62D562
	s_mul_i32 s39, s33, 0x2000                                 // 000000003E34: 9627FF21 00002000
	s_add_co_u32 s39, s39, 0x200                               // 000000003E3C: 8027FF27 00000200
	v_add_nc_u32_e64 v12, v10, s39                             // 000000003E44: D525000C 02004F0A
	s_add_co_u32 s89, s89, 1                                   // 000000003E4C: 80598159
	ds_add_f32 v12, v32                                        // 000000003E50: D8540000 0000200C
	ds_add_f32 v12, v33 offset:4                               // 000000003E58: D8540004 0000210C
	ds_add_f32 v12, v34 offset:8                               // 000000003E60: D8540008 0000220C
	ds_add_f32 v12, v35 offset:12                              // 000000003E68: D854000C 0000230C
	ds_add_f32 v12, v36 offset:16                              // 000000003E70: D8540010 0000240C
	ds_add_f32 v12, v37 offset:20                              // 000000003E78: D8540014 0000250C
	ds_add_f32 v12, v38 offset:24                              // 000000003E80: D8540018 0000260C
	ds_add_f32 v12, v39 offset:28                              // 000000003E88: D854001C 0000270C
	ds_add_f32 v12, v40 offset:1024                            // 000000003E90: D8540400 0000280C
	ds_add_f32 v12, v41 offset:1028                            // 000000003E98: D8540404 0000290C
	ds_add_f32 v12, v42 offset:1032                            // 000000003EA0: D8540408 00002A0C
	ds_add_f32 v12, v43 offset:1036                            // 000000003EA8: D854040C 00002B0C
	ds_add_f32 v12, v44 offset:1040                            // 000000003EB0: D8540410 00002C0C
	ds_add_f32 v12, v45 offset:1044                            // 000000003EB8: D8540414 00002D0C
	ds_add_f32 v12, v46 offset:1048                            // 000000003EC0: D8540418 00002E0C
	ds_add_f32 v12, v47 offset:1052                            // 000000003EC8: D854041C 00002F0C
	ds_add_f32 v12, v48 offset:2048                            // 000000003ED0: D8540800 0000300C
	ds_add_f32 v12, v49 offset:2052                            // 000000003ED8: D8540804 0000310C
	ds_add_f32 v12, v50 offset:2056                            // 000000003EE0: D8540808 0000320C
	ds_add_f32 v12, v51 offset:2060                            // 000000003EE8: D854080C 0000330C
	ds_add_f32 v12, v52 offset:2064                            // 000000003EF0: D8540810 0000340C
	ds_add_f32 v12, v53 offset:2068                            // 000000003EF8: D8540814 0000350C
	ds_add_f32 v12, v54 offset:2072                            // 000000003F00: D8540818 0000360C
	ds_add_f32 v12, v55 offset:2076                            // 000000003F08: D854081C 0000370C
	ds_add_f32 v12, v56 offset:3072                            // 000000003F10: D8540C00 0000380C
	ds_add_f32 v12, v57 offset:3076                            // 000000003F18: D8540C04 0000390C
	ds_add_f32 v12, v58 offset:3080                            // 000000003F20: D8540C08 00003A0C
	ds_add_f32 v12, v59 offset:3084                            // 000000003F28: D8540C0C 00003B0C
	ds_add_f32 v12, v60 offset:3088                            // 000000003F30: D8540C10 00003C0C
	ds_add_f32 v12, v61 offset:3092                            // 000000003F38: D8540C14 00003D0C
	ds_add_f32 v12, v62 offset:3096                            // 000000003F40: D8540C18 00003E0C
	ds_add_f32 v12, v63 offset:3100                            // 000000003F48: D8540C1C 00003F0C
	ds_add_f32 v12, v64 offset:4096                            // 000000003F50: D8541000 0000400C
	ds_add_f32 v12, v65 offset:4100                            // 000000003F58: D8541004 0000410C
	ds_add_f32 v12, v66 offset:4104                            // 000000003F60: D8541008 0000420C
	ds_add_f32 v12, v67 offset:4108                            // 000000003F68: D854100C 0000430C
	ds_add_f32 v12, v68 offset:4112                            // 000000003F70: D8541010 0000440C
	ds_add_f32 v12, v69 offset:4116                            // 000000003F78: D8541014 0000450C
	ds_add_f32 v12, v70 offset:4120                            // 000000003F80: D8541018 0000460C
	ds_add_f32 v12, v71 offset:4124                            // 000000003F88: D854101C 0000470C
	ds_add_f32 v12, v72 offset:5120                            // 000000003F90: D8541400 0000480C
	ds_add_f32 v12, v73 offset:5124                            // 000000003F98: D8541404 0000490C
	ds_add_f32 v12, v74 offset:5128                            // 000000003FA0: D8541408 00004A0C
	ds_add_f32 v12, v75 offset:5132                            // 000000003FA8: D854140C 00004B0C
	ds_add_f32 v12, v76 offset:5136                            // 000000003FB0: D8541410 00004C0C
	ds_add_f32 v12, v77 offset:5140                            // 000000003FB8: D8541414 00004D0C
	ds_add_f32 v12, v78 offset:5144                            // 000000003FC0: D8541418 00004E0C
	ds_add_f32 v12, v79 offset:5148                            // 000000003FC8: D854141C 00004F0C
	ds_add_f32 v12, v80 offset:6144                            // 000000003FD0: D8541800 0000500C
	ds_add_f32 v12, v81 offset:6148                            // 000000003FD8: D8541804 0000510C
	ds_add_f32 v12, v82 offset:6152                            // 000000003FE0: D8541808 0000520C
	ds_add_f32 v12, v83 offset:6156                            // 000000003FE8: D854180C 0000530C
	ds_add_f32 v12, v84 offset:6160                            // 000000003FF0: D8541810 0000540C
	ds_add_f32 v12, v85 offset:6164                            // 000000003FF8: D8541814 0000550C
	ds_add_f32 v12, v86 offset:6168                            // 000000004000: D8541818 0000560C
	ds_add_f32 v12, v87 offset:6172                            // 000000004008: D854181C 0000570C
	ds_add_f32 v12, v88 offset:7168                            // 000000004010: D8541C00 0000580C
	ds_add_f32 v12, v89 offset:7172                            // 000000004018: D8541C04 0000590C
	ds_add_f32 v12, v90 offset:7176                            // 000000004020: D8541C08 00005A0C
	ds_add_f32 v12, v91 offset:7180                            // 000000004028: D8541C0C 00005B0C
	ds_add_f32 v12, v92 offset:7184                            // 000000004030: D8541C10 00005C0C
	ds_add_f32 v12, v93 offset:7188                            // 000000004038: D8541C14 00005D0C
	ds_add_f32 v12, v94 offset:7192                            // 000000004040: D8541C18 00005E0C
	ds_add_f32 v12, v95 offset:7196                            // 000000004048: D8541C1C 00005F0C
	s_branch 0                                                 // 000000004050: BFA00000 <occ_kernel+0x4054>
	s_wait_dscnt 0x0                                           // 000000004054: BFC60000
	s_add_co_u32 s85, s85, 1                                   // 000000004058: 80558155
	s_mov_b32 s101, 1                                          // 00000000405C: BEE50081
	s_add_co_u32 s45, s48, 12                                  // 000000004060: 802D8C30
	s_mov_b32 s49, exec_lo                                     // 000000004064: BEB1007E
	s_ctz_i32_b32 s47, s49                                     // 000000004068: BEAF0831
	v_cmp_eq_u32_e32 vcc_lo, s47, v2                           // 00000000406C: 7C94042F
	s_and_b32 exec_lo, exec_lo, vcc_lo                         // 000000004070: 8B7E6A7E
	s_cbranch_execz 6                                          // 000000004074: BFA50006 <occ_kernel+0x4090>
	v_mov_b32_e32 v11, s45                                     // 000000004078: 7E16022D
	v_mov_b32_e32 v14, 1                                       // 00000000407C: 7E1C0281
	ds_add_rtn_u32 v14, v11, v14                               // 000000004080: D8800000 0E000E0B
	s_wait_dscnt 0x0                                           // 000000004088: BFC60000
	v_readfirstlane_b32 s47, v14                               // 00000000408C: 7E5E050E
	s_mov_b32 exec_lo, s49                                     // 000000004090: BEFE0031
	s_cmp_eq_u32 s50, 1                                        // 000000004094: BF068132
	s_cbranch_scc1 37                                          // 000000004098: BFA20025 <occ_kernel+0x4130>
	s_mov_b32 s49, exec_lo                                     // 00000000409C: BEB1007E
	s_ctz_i32_b32 s92, s49                                     // 0000000040A0: BEDC0831
	v_cmp_eq_u32_e32 vcc_lo, s92, v2                           // 0000000040A4: 7C94045C
	s_and_b32 exec_lo, exec_lo, vcc_lo                         // 0000000040A8: 8B7E6A7E
	s_cbranch_execz 7                                          // 0000000040AC: BFA50007 <occ_kernel+0x40cc>
	v_mov_b32_e32 v11, 0x170                                   // 0000000040B0: 7E1602FF 00000170
	v_mov_b32_e32 v14, 1                                       // 0000000040B8: 7E1C0281
	ds_add_rtn_u32 v14, v11, v14                               // 0000000040BC: D8800000 0E000E0B
	s_wait_dscnt 0x0                                           // 0000000040C4: BFC60000
	v_readfirstlane_b32 s92, v14                               // 0000000040C8: 7EB8050E
	s_mov_b32 exec_lo, s49                                     // 0000000040CC: BEFE0031
	s_mul_hi_u32 s93, s92, 0x55555555                          // 0000000040D0: 96DDFF5C 55555555
	s_mul_i32 s93, s93, 3                                      // 0000000040D8: 965D835D
	s_sub_co_u32 s92, s92, s93                                 // 0000000040DC: 80DC5D5C
	s_cmp_ge_u32 s92, 3                                        // 0000000040E0: BF09835C
	s_cbranch_scc0 1                                           // 0000000040E4: BFA10001 <occ_kernel+0x40ec>
	s_sub_co_u32 s92, s92, 3                                   // 0000000040E8: 80DC835C
	s_add_co_u32 s92, s92, 3                                   // 0000000040EC: 805C835C
	s_lshl_b32 s92, s92, 2                                     // 0000000040F0: 845C825C
	s_add_co_u32 s92, s92, 0xf0                                // 0000000040F4: 805CFF5C 000000F0
	s_mov_b32 s49, exec_lo                                     // 0000000040FC: BEB1007E
	v_cmp_eq_u32_e32 vcc_lo, 0, v2                             // 000000004100: 7C940480
	s_and_b32 exec_lo, exec_lo, vcc_lo                         // 000000004104: 8B7E6A7E
	s_cbranch_execz 5                                          // 000000004108: BFA50005 <occ_kernel+0x4120>
	v_mov_b32_e32 v11, s92                                     // 00000000410C: 7E16025C
	v_mov_b32_e32 v14, 1                                       // 000000004110: 7E1C0281
	ds_store_b32 v11, v14                                      // 000000004114: D8340000 00000E0B
	s_wait_dscnt 0x0                                           // 00000000411C: BFC60000
	s_mov_b32 exec_lo, s49                                     // 000000004120: BEFE0031
	s_alloc_vgpr 32                                            // 000000004124: BE8053A0
	s_cbranch_scc0 65534                                       // 000000004128: BFA1FFFE <occ_kernel+0x4124>
	s_mov_b32 s50, 0                                           // 00000000412C: BEB20080
	s_lshl_b32 s43, s41, 2                                     // 000000004130: 842B8229
	s_add_co_u32 s43, s43, 0xa0                                // 000000004134: 802BFF2B 000000A0
	s_mov_b32 s49, exec_lo                                     // 00000000413C: BEB1007E
	s_ctz_i32_b32 s51, s49                                     // 000000004140: BEB30831
	v_cmp_eq_u32_e32 vcc_lo, s51, v2                           // 000000004144: 7C940433
	s_and_b32 exec_lo, exec_lo, vcc_lo                         // 000000004148: 8B7E6A7E
	s_cbranch_execz 6                                          // 00000000414C: BFA50006 <occ_kernel+0x4168>
	v_mov_b32_e32 v11, s43                                     // 000000004150: 7E16022B
	v_mov_b32_e32 v14, 1                                       // 000000004154: 7E1C0281
	ds_add_rtn_u32 v14, v11, v14                               // 000000004158: D8800000 0E000E0B
	s_wait_dscnt 0x0                                           // 000000004160: BFC60000
	v_readfirstlane_b32 s51, v14                               // 000000004164: 7E66050E
	s_mov_b32 exec_lo, s49                                     // 000000004168: BEFE0031
	s_add_co_u32 s43, s66, 1                                   // 00000000416C: 802B8142
	s_mul_i32 s43, s43, 4                                      // 000000004170: 962B842B
	s_cmp_lt_u32 s51, s43                                      // 000000004174: BF0A2B33
	s_cbranch_scc0 3                                           // 000000004178: BFA10003 <occ_kernel+0x4188>
	s_add_co_u32 s51, s51, 1                                   // 00000000417C: 80338133
	s_cmp_ge_u32 s51, s43                                      // 000000004180: BF092B33
	s_cbranch_scc1 4                                           // 000000004184: BFA20004 <occ_kernel+0x4198>
	s_add_co_u32 s47, s47, 1                                   // 000000004188: 802F812F
	s_cmp_ge_u32 s47, 4                                        // 00000000418C: BF09842F
	s_cbranch_scc0 64466                                       // 000000004190: BFA1FBD2 <occ_kernel+0x30dc>
	s_branch 396                                               // 000000004194: BFA0018C <occ_kernel+0x47c8>
	s_mul_i32 s38, s19, s13                                    // 000000004198: 96260D13
	s_add_co_u32 s38, s38, s30                                 // 00000000419C: 80261E26
	s_mul_i32 s38, s38, 0x10000                                // 0000000041A0: 9626FF26 00010000
	s_add_co_u32 s28, s6, s38                                  // 0000000041A8: 801C2606
	s_add_co_ci_u32 s29, s7, 0                                 // 0000000041AC: 821D8007
	s_mul_i32 s39, s41, 0x8000                                 // 0000000041B0: 9627FF29 00008000
	s_add_co_u32 s28, s28, s39                                 // 0000000041B8: 801C271C
	s_add_co_ci_u32 s29, s29, 0                                // 0000000041BC: 821D801D
	s_mov_b32 s39, 0x200                                       // 0000000041C0: BEA700FF 00000200
	v_add_nc_u32_e64 v12, v10, s39                             // 0000000041C8: D525000C 02004F0A
	ds_load_b128 v[16:19], v12                                 // 0000000041D0: DBFC0000 1000000C
	ds_load_b128 v[20:23], v12 offset:16                       // 0000000041D8: DBFC0010 1400000C
	s_wait_dscnt 0x0                                           // 0000000041E0: BFC60000
	global_store_b128 v10, v[16:19], s[28:29] scope:SCOPE_DEV  // 0000000041E4: EE07401C 08080000 0000000A
	global_store_b128 v10, v[20:23], s[28:29] offset:16 scope:SCOPE_DEV// 0000000041F0: EE07401C 0A080000 0000100A
	ds_load_b128 v[16:19], v12 offset:1024                     // 0000000041FC: DBFC0400 1000000C
	ds_load_b128 v[20:23], v12 offset:1040                     // 000000004204: DBFC0410 1400000C
	s_wait_dscnt 0x0                                           // 00000000420C: BFC60000
	global_store_b128 v10, v[16:19], s[28:29] offset:1024 scope:SCOPE_DEV// 000000004210: EE07401C 08080000 0004000A
	global_store_b128 v10, v[20:23], s[28:29] offset:1040 scope:SCOPE_DEV// 00000000421C: EE07401C 0A080000 0004100A
	ds_load_b128 v[16:19], v12 offset:2048                     // 000000004228: DBFC0800 1000000C
	ds_load_b128 v[20:23], v12 offset:2064                     // 000000004230: DBFC0810 1400000C
	s_wait_dscnt 0x0                                           // 000000004238: BFC60000
	global_store_b128 v10, v[16:19], s[28:29] offset:2048 scope:SCOPE_DEV// 00000000423C: EE07401C 08080000 0008000A
	global_store_b128 v10, v[20:23], s[28:29] offset:2064 scope:SCOPE_DEV// 000000004248: EE07401C 0A080000 0008100A
	ds_load_b128 v[16:19], v12 offset:3072                     // 000000004254: DBFC0C00 1000000C
	ds_load_b128 v[20:23], v12 offset:3088                     // 00000000425C: DBFC0C10 1400000C
	s_wait_dscnt 0x0                                           // 000000004264: BFC60000
	global_store_b128 v10, v[16:19], s[28:29] offset:3072 scope:SCOPE_DEV// 000000004268: EE07401C 08080000 000C000A
	global_store_b128 v10, v[20:23], s[28:29] offset:3088 scope:SCOPE_DEV// 000000004274: EE07401C 0A080000 000C100A
	ds_load_b128 v[16:19], v12 offset:4096                     // 000000004280: DBFC1000 1000000C
	ds_load_b128 v[20:23], v12 offset:4112                     // 000000004288: DBFC1010 1400000C
	s_wait_dscnt 0x0                                           // 000000004290: BFC60000
	global_store_b128 v10, v[16:19], s[28:29] offset:4096 scope:SCOPE_DEV// 000000004294: EE07401C 08080000 0010000A
	global_store_b128 v10, v[20:23], s[28:29] offset:4112 scope:SCOPE_DEV// 0000000042A0: EE07401C 0A080000 0010100A
	ds_load_b128 v[16:19], v12 offset:5120                     // 0000000042AC: DBFC1400 1000000C
	ds_load_b128 v[20:23], v12 offset:5136                     // 0000000042B4: DBFC1410 1400000C
	s_wait_dscnt 0x0                                           // 0000000042BC: BFC60000
	global_store_b128 v10, v[16:19], s[28:29] offset:5120 scope:SCOPE_DEV// 0000000042C0: EE07401C 08080000 0014000A
	global_store_b128 v10, v[20:23], s[28:29] offset:5136 scope:SCOPE_DEV// 0000000042CC: EE07401C 0A080000 0014100A
	ds_load_b128 v[16:19], v12 offset:6144                     // 0000000042D8: DBFC1800 1000000C
	ds_load_b128 v[20:23], v12 offset:6160                     // 0000000042E0: DBFC1810 1400000C
	s_wait_dscnt 0x0                                           // 0000000042E8: BFC60000
	global_store_b128 v10, v[16:19], s[28:29] offset:6144 scope:SCOPE_DEV// 0000000042EC: EE07401C 08080000 0018000A
	global_store_b128 v10, v[20:23], s[28:29] offset:6160 scope:SCOPE_DEV// 0000000042F8: EE07401C 0A080000 0018100A
	ds_load_b128 v[16:19], v12 offset:7168                     // 000000004304: DBFC1C00 1000000C
	ds_load_b128 v[20:23], v12 offset:7184                     // 00000000430C: DBFC1C10 1400000C
	s_wait_dscnt 0x0                                           // 000000004314: BFC60000
	global_store_b128 v10, v[16:19], s[28:29] offset:7168 scope:SCOPE_DEV// 000000004318: EE07401C 08080000 001C000A
	global_store_b128 v10, v[20:23], s[28:29] offset:7184 scope:SCOPE_DEV// 000000004324: EE07401C 0A080000 001C100A
	s_mov_b32 s39, 0x2200                                      // 000000004330: BEA700FF 00002200
	v_add_nc_u32_e64 v12, v10, s39                             // 000000004338: D525000C 02004F0A
	ds_load_b128 v[16:19], v12                                 // 000000004340: DBFC0000 1000000C
	ds_load_b128 v[20:23], v12 offset:16                       // 000000004348: DBFC0010 1400000C
	s_wait_dscnt 0x0                                           // 000000004350: BFC60000
	global_store_b128 v10, v[16:19], s[28:29] offset:8192 scope:SCOPE_DEV// 000000004354: EE07401C 08080000 0020000A
	global_store_b128 v10, v[20:23], s[28:29] offset:8208 scope:SCOPE_DEV// 000000004360: EE07401C 0A080000 0020100A
	ds_load_b128 v[16:19], v12 offset:1024                     // 00000000436C: DBFC0400 1000000C
	ds_load_b128 v[20:23], v12 offset:1040                     // 000000004374: DBFC0410 1400000C
	s_wait_dscnt 0x0                                           // 00000000437C: BFC60000
	global_store_b128 v10, v[16:19], s[28:29] offset:9216 scope:SCOPE_DEV// 000000004380: EE07401C 08080000 0024000A
	global_store_b128 v10, v[20:23], s[28:29] offset:9232 scope:SCOPE_DEV// 00000000438C: EE07401C 0A080000 0024100A
	ds_load_b128 v[16:19], v12 offset:2048                     // 000000004398: DBFC0800 1000000C
	ds_load_b128 v[20:23], v12 offset:2064                     // 0000000043A0: DBFC0810 1400000C
	s_wait_dscnt 0x0                                           // 0000000043A8: BFC60000
	global_store_b128 v10, v[16:19], s[28:29] offset:10240 scope:SCOPE_DEV// 0000000043AC: EE07401C 08080000 0028000A
	global_store_b128 v10, v[20:23], s[28:29] offset:10256 scope:SCOPE_DEV// 0000000043B8: EE07401C 0A080000 0028100A
	ds_load_b128 v[16:19], v12 offset:3072                     // 0000000043C4: DBFC0C00 1000000C
	ds_load_b128 v[20:23], v12 offset:3088                     // 0000000043CC: DBFC0C10 1400000C
	s_wait_dscnt 0x0                                           // 0000000043D4: BFC60000
	global_store_b128 v10, v[16:19], s[28:29] offset:11264 scope:SCOPE_DEV// 0000000043D8: EE07401C 08080000 002C000A
	global_store_b128 v10, v[20:23], s[28:29] offset:11280 scope:SCOPE_DEV// 0000000043E4: EE07401C 0A080000 002C100A
	ds_load_b128 v[16:19], v12 offset:4096                     // 0000000043F0: DBFC1000 1000000C
	ds_load_b128 v[20:23], v12 offset:4112                     // 0000000043F8: DBFC1010 1400000C
	s_wait_dscnt 0x0                                           // 000000004400: BFC60000
	global_store_b128 v10, v[16:19], s[28:29] offset:12288 scope:SCOPE_DEV// 000000004404: EE07401C 08080000 0030000A
	global_store_b128 v10, v[20:23], s[28:29] offset:12304 scope:SCOPE_DEV// 000000004410: EE07401C 0A080000 0030100A
	ds_load_b128 v[16:19], v12 offset:5120                     // 00000000441C: DBFC1400 1000000C
	ds_load_b128 v[20:23], v12 offset:5136                     // 000000004424: DBFC1410 1400000C
	s_wait_dscnt 0x0                                           // 00000000442C: BFC60000
	global_store_b128 v10, v[16:19], s[28:29] offset:13312 scope:SCOPE_DEV// 000000004430: EE07401C 08080000 0034000A
	global_store_b128 v10, v[20:23], s[28:29] offset:13328 scope:SCOPE_DEV// 00000000443C: EE07401C 0A080000 0034100A
	ds_load_b128 v[16:19], v12 offset:6144                     // 000000004448: DBFC1800 1000000C
	ds_load_b128 v[20:23], v12 offset:6160                     // 000000004450: DBFC1810 1400000C
	s_wait_dscnt 0x0                                           // 000000004458: BFC60000
	global_store_b128 v10, v[16:19], s[28:29] offset:14336 scope:SCOPE_DEV// 00000000445C: EE07401C 08080000 0038000A
	global_store_b128 v10, v[20:23], s[28:29] offset:14352 scope:SCOPE_DEV// 000000004468: EE07401C 0A080000 0038100A
	ds_load_b128 v[16:19], v12 offset:7168                     // 000000004474: DBFC1C00 1000000C
	ds_load_b128 v[20:23], v12 offset:7184                     // 00000000447C: DBFC1C10 1400000C
	s_wait_dscnt 0x0                                           // 000000004484: BFC60000
	global_store_b128 v10, v[16:19], s[28:29] offset:15360 scope:SCOPE_DEV// 000000004488: EE07401C 08080000 003C000A
	global_store_b128 v10, v[20:23], s[28:29] offset:15376 scope:SCOPE_DEV// 000000004494: EE07401C 0A080000 003C100A
	s_mov_b32 s39, 0x4200                                      // 0000000044A0: BEA700FF 00004200
	v_add_nc_u32_e64 v12, v10, s39                             // 0000000044A8: D525000C 02004F0A
	ds_load_b128 v[16:19], v12                                 // 0000000044B0: DBFC0000 1000000C
	ds_load_b128 v[20:23], v12 offset:16                       // 0000000044B8: DBFC0010 1400000C
	s_wait_dscnt 0x0                                           // 0000000044C0: BFC60000
	global_store_b128 v10, v[16:19], s[28:29] offset:16384 scope:SCOPE_DEV// 0000000044C4: EE07401C 08080000 0040000A
	global_store_b128 v10, v[20:23], s[28:29] offset:16400 scope:SCOPE_DEV// 0000000044D0: EE07401C 0A080000 0040100A
	ds_load_b128 v[16:19], v12 offset:1024                     // 0000000044DC: DBFC0400 1000000C
	ds_load_b128 v[20:23], v12 offset:1040                     // 0000000044E4: DBFC0410 1400000C
	s_wait_dscnt 0x0                                           // 0000000044EC: BFC60000
	global_store_b128 v10, v[16:19], s[28:29] offset:17408 scope:SCOPE_DEV// 0000000044F0: EE07401C 08080000 0044000A
	global_store_b128 v10, v[20:23], s[28:29] offset:17424 scope:SCOPE_DEV// 0000000044FC: EE07401C 0A080000 0044100A
	ds_load_b128 v[16:19], v12 offset:2048                     // 000000004508: DBFC0800 1000000C
	ds_load_b128 v[20:23], v12 offset:2064                     // 000000004510: DBFC0810 1400000C
	s_wait_dscnt 0x0                                           // 000000004518: BFC60000
	global_store_b128 v10, v[16:19], s[28:29] offset:18432 scope:SCOPE_DEV// 00000000451C: EE07401C 08080000 0048000A
	global_store_b128 v10, v[20:23], s[28:29] offset:18448 scope:SCOPE_DEV// 000000004528: EE07401C 0A080000 0048100A
	ds_load_b128 v[16:19], v12 offset:3072                     // 000000004534: DBFC0C00 1000000C
	ds_load_b128 v[20:23], v12 offset:3088                     // 00000000453C: DBFC0C10 1400000C
	s_wait_dscnt 0x0                                           // 000000004544: BFC60000
	global_store_b128 v10, v[16:19], s[28:29] offset:19456 scope:SCOPE_DEV// 000000004548: EE07401C 08080000 004C000A
	global_store_b128 v10, v[20:23], s[28:29] offset:19472 scope:SCOPE_DEV// 000000004554: EE07401C 0A080000 004C100A
	ds_load_b128 v[16:19], v12 offset:4096                     // 000000004560: DBFC1000 1000000C
	ds_load_b128 v[20:23], v12 offset:4112                     // 000000004568: DBFC1010 1400000C
	s_wait_dscnt 0x0                                           // 000000004570: BFC60000
	global_store_b128 v10, v[16:19], s[28:29] offset:20480 scope:SCOPE_DEV// 000000004574: EE07401C 08080000 0050000A
	global_store_b128 v10, v[20:23], s[28:29] offset:20496 scope:SCOPE_DEV// 000000004580: EE07401C 0A080000 0050100A
	ds_load_b128 v[16:19], v12 offset:5120                     // 00000000458C: DBFC1400 1000000C
	ds_load_b128 v[20:23], v12 offset:5136                     // 000000004594: DBFC1410 1400000C
	s_wait_dscnt 0x0                                           // 00000000459C: BFC60000
	global_store_b128 v10, v[16:19], s[28:29] offset:21504 scope:SCOPE_DEV// 0000000045A0: EE07401C 08080000 0054000A
	global_store_b128 v10, v[20:23], s[28:29] offset:21520 scope:SCOPE_DEV// 0000000045AC: EE07401C 0A080000 0054100A
	ds_load_b128 v[16:19], v12 offset:6144                     // 0000000045B8: DBFC1800 1000000C
	ds_load_b128 v[20:23], v12 offset:6160                     // 0000000045C0: DBFC1810 1400000C
	s_wait_dscnt 0x0                                           // 0000000045C8: BFC60000
	global_store_b128 v10, v[16:19], s[28:29] offset:22528 scope:SCOPE_DEV// 0000000045CC: EE07401C 08080000 0058000A
	global_store_b128 v10, v[20:23], s[28:29] offset:22544 scope:SCOPE_DEV// 0000000045D8: EE07401C 0A080000 0058100A
	ds_load_b128 v[16:19], v12 offset:7168                     // 0000000045E4: DBFC1C00 1000000C
	ds_load_b128 v[20:23], v12 offset:7184                     // 0000000045EC: DBFC1C10 1400000C
	s_wait_dscnt 0x0                                           // 0000000045F4: BFC60000
	global_store_b128 v10, v[16:19], s[28:29] offset:23552 scope:SCOPE_DEV// 0000000045F8: EE07401C 08080000 005C000A
	global_store_b128 v10, v[20:23], s[28:29] offset:23568 scope:SCOPE_DEV// 000000004604: EE07401C 0A080000 005C100A
	s_mov_b32 s39, 0x6200                                      // 000000004610: BEA700FF 00006200
	v_add_nc_u32_e64 v12, v10, s39                             // 000000004618: D525000C 02004F0A
	ds_load_b128 v[16:19], v12                                 // 000000004620: DBFC0000 1000000C
	ds_load_b128 v[20:23], v12 offset:16                       // 000000004628: DBFC0010 1400000C
	s_wait_dscnt 0x0                                           // 000000004630: BFC60000
	global_store_b128 v10, v[16:19], s[28:29] offset:24576 scope:SCOPE_DEV// 000000004634: EE07401C 08080000 0060000A
	global_store_b128 v10, v[20:23], s[28:29] offset:24592 scope:SCOPE_DEV// 000000004640: EE07401C 0A080000 0060100A
	ds_load_b128 v[16:19], v12 offset:1024                     // 00000000464C: DBFC0400 1000000C
	ds_load_b128 v[20:23], v12 offset:1040                     // 000000004654: DBFC0410 1400000C
	s_wait_dscnt 0x0                                           // 00000000465C: BFC60000
	global_store_b128 v10, v[16:19], s[28:29] offset:25600 scope:SCOPE_DEV// 000000004660: EE07401C 08080000 0064000A
	global_store_b128 v10, v[20:23], s[28:29] offset:25616 scope:SCOPE_DEV// 00000000466C: EE07401C 0A080000 0064100A
	ds_load_b128 v[16:19], v12 offset:2048                     // 000000004678: DBFC0800 1000000C
	ds_load_b128 v[20:23], v12 offset:2064                     // 000000004680: DBFC0810 1400000C
	s_wait_dscnt 0x0                                           // 000000004688: BFC60000
	global_store_b128 v10, v[16:19], s[28:29] offset:26624 scope:SCOPE_DEV// 00000000468C: EE07401C 08080000 0068000A
	global_store_b128 v10, v[20:23], s[28:29] offset:26640 scope:SCOPE_DEV// 000000004698: EE07401C 0A080000 0068100A
	ds_load_b128 v[16:19], v12 offset:3072                     // 0000000046A4: DBFC0C00 1000000C
	ds_load_b128 v[20:23], v12 offset:3088                     // 0000000046AC: DBFC0C10 1400000C
	s_wait_dscnt 0x0                                           // 0000000046B4: BFC60000
	global_store_b128 v10, v[16:19], s[28:29] offset:27648 scope:SCOPE_DEV// 0000000046B8: EE07401C 08080000 006C000A
	global_store_b128 v10, v[20:23], s[28:29] offset:27664 scope:SCOPE_DEV// 0000000046C4: EE07401C 0A080000 006C100A
	ds_load_b128 v[16:19], v12 offset:4096                     // 0000000046D0: DBFC1000 1000000C
	ds_load_b128 v[20:23], v12 offset:4112                     // 0000000046D8: DBFC1010 1400000C
	s_wait_dscnt 0x0                                           // 0000000046E0: BFC60000
	global_store_b128 v10, v[16:19], s[28:29] offset:28672 scope:SCOPE_DEV// 0000000046E4: EE07401C 08080000 0070000A
	global_store_b128 v10, v[20:23], s[28:29] offset:28688 scope:SCOPE_DEV// 0000000046F0: EE07401C 0A080000 0070100A
	ds_load_b128 v[16:19], v12 offset:5120                     // 0000000046FC: DBFC1400 1000000C
	ds_load_b128 v[20:23], v12 offset:5136                     // 000000004704: DBFC1410 1400000C
	s_wait_dscnt 0x0                                           // 00000000470C: BFC60000
	global_store_b128 v10, v[16:19], s[28:29] offset:29696 scope:SCOPE_DEV// 000000004710: EE07401C 08080000 0074000A
	global_store_b128 v10, v[20:23], s[28:29] offset:29712 scope:SCOPE_DEV// 00000000471C: EE07401C 0A080000 0074100A
	ds_load_b128 v[16:19], v12 offset:6144                     // 000000004728: DBFC1800 1000000C
	ds_load_b128 v[20:23], v12 offset:6160                     // 000000004730: DBFC1810 1400000C
	s_wait_dscnt 0x0                                           // 000000004738: BFC60000
	global_store_b128 v10, v[16:19], s[28:29] offset:30720 scope:SCOPE_DEV// 00000000473C: EE07401C 08080000 0078000A
	global_store_b128 v10, v[20:23], s[28:29] offset:30736 scope:SCOPE_DEV// 000000004748: EE07401C 0A080000 0078100A
	ds_load_b128 v[16:19], v12 offset:7168                     // 000000004754: DBFC1C00 1000000C
	ds_load_b128 v[20:23], v12 offset:7184                     // 00000000475C: DBFC1C10 1400000C
	s_wait_dscnt 0x0                                           // 000000004764: BFC60000
	global_store_b128 v10, v[16:19], s[28:29] offset:31744 scope:SCOPE_DEV// 000000004768: EE07401C 08080000 007C000A
	global_store_b128 v10, v[20:23], s[28:29] offset:31760 scope:SCOPE_DEV// 000000004774: EE07401C 0A080000 007C100A
	s_wait_storecnt 0x0                                        // 000000004780: BFC10000
	s_mov_b32 s45, 0x1f8                                       // 000000004784: BEAD00FF 000001F8
	s_mov_b32 s49, exec_lo                                     // 00000000478C: BEB1007E
	s_ctz_i32_b32 s43, s49                                     // 000000004790: BEAB0831
	v_cmp_eq_u32_e32 vcc_lo, s43, v2                           // 000000004794: 7C94042B
	s_and_b32 exec_lo, exec_lo, vcc_lo                         // 000000004798: 8B7E6A7E
	s_cbranch_execz 6                                          // 00000000479C: BFA50006 <occ_kernel+0x47b8>
	v_mov_b32_e32 v11, s45                                     // 0000000047A0: 7E16022D
	v_mov_b32_e32 v14, 1                                       // 0000000047A4: 7E1C0281
	ds_add_rtn_u32 v14, v11, v14                               // 0000000047A8: D8800000 0E000E0B
	s_wait_dscnt 0x0                                           // 0000000047B0: BFC60000
	v_readfirstlane_b32 s43, v14                               // 0000000047B4: 7E56050E
	s_mov_b32 exec_lo, s49                                     // 0000000047B8: BEFE0031
	s_add_co_u32 s47, s47, 1                                   // 0000000047BC: 802F812F
	s_cmp_ge_u32 s47, 4                                        // 0000000047C0: BF09842F
	s_cbranch_scc0 64069                                       // 0000000047C4: BFA1FA45 <occ_kernel+0x30dc>
	v_mov_b32_e32 v11, 8                                       // 0000000047C8: 7E160288
	ds_load_b32 v14, v11                                       // 0000000047CC: D8D80000 0E00000B
	s_wait_dscnt 0x0                                           // 0000000047D4: BFC60000
	v_readfirstlane_b32 s20, v14                               // 0000000047D8: 7E28050E
	v_mov_b32_e32 v11, 4                                       // 0000000047DC: 7E160284
	ds_load_b32 v14, v11                                       // 0000000047E0: D8D80000 0E00000B
	s_wait_dscnt 0x0                                           // 0000000047E8: BFC60000
	v_readfirstlane_b32 s21, v14                               // 0000000047EC: 7E2A050E
	s_cmp_ge_u32 s20, s21                                      // 0000000047F0: BF091514
	s_cbranch_scc1 36                                          // 0000000047F4: BFA20024 <occ_kernel+0x4888>
	s_and_b32 s22, s20, 31                                     // 0000000047F8: 8B169F14
	s_lshl_b32 s22, s22, 5                                     // 0000000047FC: 84168516
	s_add_co_u32 s22, s22, 0x8200                              // 000000004800: 8016FF16 00008200
	s_add_co_u32 s23, s22, 4                                   // 000000004808: 80178416
	v_mov_b32_e32 v11, s23                                     // 00000000480C: 7E160217
	ds_load_b32 v14, v11                                       // 000000004810: D8D80000 0E00000B
	s_wait_dscnt 0x0                                           // 000000004818: BFC60000
	v_readfirstlane_b32 s23, v14                               // 00000000481C: 7E2E050E
	s_cmp_lg_u32 s23, s20                                      // 000000004820: BF071417
	s_cbranch_scc1 24                                          // 000000004824: BFA20018 <occ_kernel+0x4888>
	s_add_co_u32 s23, s22, 12                                  // 000000004828: 80178C16
	v_mov_b32_e32 v11, s23                                     // 00000000482C: 7E160217
	ds_load_b32 v14, v11                                       // 000000004830: D8D80000 0E00000B
	s_wait_dscnt 0x0                                           // 000000004838: BFC60000
	v_readfirstlane_b32 s23, v14                               // 00000000483C: 7E2E050E
	s_cmp_lt_u32 s23, 4                                        // 000000004840: BF0A8417
	s_cbranch_scc1 16                                          // 000000004844: BFA20010 <occ_kernel+0x4888>
	s_mov_b32 s49, exec_lo                                     // 000000004848: BEB1007E
	s_add_co_u32 s60, s20, 1                                   // 00000000484C: 803C8114
	s_ctz_i32_b32 s60, s49                                     // 000000004850: BEBC0831
	v_cmp_eq_u32_e32 vcc_lo, s60, v2                           // 000000004854: 7C94043C
	s_add_co_u32 s60, s20, 1                                   // 000000004858: 803C8114
	s_and_b32 exec_lo, exec_lo, vcc_lo                         // 00000000485C: 8B7E6A7E
	s_cbranch_execz 7                                          // 000000004860: BFA50007 <occ_kernel+0x4880>
	v_mov_b32_e32 v11, 8                                       // 000000004864: 7E160288
	v_mov_b32_e32 v14, s60                                     // 000000004868: 7E1C023C
	v_mov_b32_e32 v13, s20                                     // 00000000486C: 7E1A0214
	ds_cmpstore_rtn_b32 v13, v11, v14, v13                     // 000000004870: D8C00000 0D0D0E0B
	s_wait_dscnt 0x0                                           // 000000004878: BFC60000
	v_readfirstlane_b32 s60, v13                               // 00000000487C: 7E78050D
	s_mov_b32 exec_lo, s49                                     // 000000004880: BEFE0031
	s_branch 65488                                             // 000000004884: BFA0FFD0 <occ_kernel+0x47c8>
	s_branch 64020                                             // 000000004888: BFA0FA14 <occ_kernel+0x30dc>
	s_wait_storecnt 0x0                                        // 00000000488C: BFC10000
	s_alloc_vgpr 32                                            // 000000004890: BE8053A0
	s_cbranch_scc0 65534                                       // 000000004894: BFA1FFFE <occ_kernel+0x4890>
	s_mov_b32 s50, 0                                           // 000000004898: BEB20080
	s_branch 64015                                             // 00000000489C: BFA0FA0F <occ_kernel+0x30dc>
	s_cmp_eq_u32 s24, 2                                        // 0000000048A0: BF068218
	s_cbranch_scc1 2203                                        // 0000000048A4: BFA2089B <occ_kernel+0x6b14>
	s_branch 0                                                 // 0000000048A8: BFA00000 <occ_kernel+0x48ac>
	v_mov_b32_e32 v11, 0x1f0                                   // 0000000048AC: 7E1602FF 000001F0
	ds_load_b32 v14, v11                                       // 0000000048B4: D8D80000 0E00000B
	s_wait_dscnt 0x0                                           // 0000000048BC: BFC60000
	v_readfirstlane_b32 s16, v14                               // 0000000048C0: 7E20050E
	s_cmp_lg_u32 s16, 1                                        // 0000000048C4: BF078110
	s_cbranch_scc1 63                                          // 0000000048C8: BFA2003F <occ_kernel+0x49c8>
	s_mov_b32 s49, exec_lo                                     // 0000000048CC: BEB1007E
	s_ctz_i32_b32 s16, s49                                     // 0000000048D0: BE900831
	v_cmp_eq_u32_e32 vcc_lo, s16, v2                           // 0000000048D4: 7C940410
	s_and_b32 exec_lo, exec_lo, vcc_lo                         // 0000000048D8: 8B7E6A7E
	s_cbranch_execz 8                                          // 0000000048DC: BFA50008 <occ_kernel+0x4900>
	v_mov_b32_e32 v11, 0x1f0                                   // 0000000048E0: 7E1602FF 000001F0
	v_mov_b32_e32 v14, 4                                       // 0000000048E8: 7E1C0284
	v_mov_b32_e32 v13, 1                                       // 0000000048EC: 7E1A0281
	ds_cmpstore_rtn_b32 v13, v11, v14, v13                     // 0000000048F0: D8C00000 0D0D0E0B
	s_wait_dscnt 0x0                                           // 0000000048F8: BFC60000
	v_readfirstlane_b32 s16, v13                               // 0000000048FC: 7E20050D
	s_mov_b32 exec_lo, s49                                     // 000000004900: BEFE0031
	s_cmp_eq_u32 s16, 1                                        // 000000004904: BF068110
	s_cbranch_scc0 47                                          // 000000004908: BFA1002F <occ_kernel+0x49c8>
	s_mov_b32 s17, exec_lo                                     // 00000000490C: BE91007E
	v_cmp_eq_u32_e32 vcc_lo, 0, v2                             // 000000004910: 7C940480
	s_and_b32 exec_lo, exec_lo, vcc_lo                         // 000000004914: 8B7E6A7E
	s_cbranch_execz 5                                          // 000000004918: BFA50005 <occ_kernel+0x4930>
	v_mov_b32_e32 v3, 1                                        // 00000000491C: 7E060281
	global_atomic_add_u32 v5, v4, v3, s[0:1] offset:20 th:TH_ATOMIC_RETURN scope:SCOPE_DEV// 000000004920: EE0D4000 01980005 00001404
	s_wait_loadcnt 0x0                                         // 00000000492C: BFC00000
	s_mov_b32 exec_lo, s17                                     // 000000004930: BEFE0011
	v_readfirstlane_b32 s18, v5                                // 000000004934: 7E240505
	s_cmp_ge_u32 s18, s69                                      // 000000004938: BF094512
	s_cbranch_scc1 23                                          // 00000000493C: BFA20017 <occ_kernel+0x499c>
	s_mov_b32 s49, exec_lo                                     // 000000004940: BEB1007E
	v_cmp_eq_u32_e32 vcc_lo, 0, v2                             // 000000004944: 7C940480
	s_and_b32 exec_lo, exec_lo, vcc_lo                         // 000000004948: 8B7E6A7E
	s_cbranch_execz 6                                          // 00000000494C: BFA50006 <occ_kernel+0x4968>
	v_mov_b32_e32 v11, 0x1f4                                   // 000000004950: 7E1602FF 000001F4
	v_mov_b32_e32 v14, s18                                     // 000000004958: 7E1C0212
	ds_store_b32 v11, v14                                      // 00000000495C: D8340000 00000E0B
	s_wait_dscnt 0x0                                           // 000000004964: BFC60000
	s_mov_b32 exec_lo, s49                                     // 000000004968: BEFE0031
	s_mov_b32 s49, exec_lo                                     // 00000000496C: BEB1007E
	v_cmp_eq_u32_e32 vcc_lo, 0, v2                             // 000000004970: 7C940480
	s_and_b32 exec_lo, exec_lo, vcc_lo                         // 000000004974: 8B7E6A7E
	s_cbranch_execz 6                                          // 000000004978: BFA50006 <occ_kernel+0x4994>
	v_mov_b32_e32 v11, 0x1f0                                   // 00000000497C: 7E1602FF 000001F0
	v_mov_b32_e32 v14, 2                                       // 000000004984: 7E1C0282
	ds_store_b32 v11, v14                                      // 000000004988: D8340000 00000E0B
	s_wait_dscnt 0x0                                           // 000000004990: BFC60000
	s_mov_b32 exec_lo, s49                                     // 000000004994: BEFE0031
	s_branch 11                                                // 000000004998: BFA0000B <occ_kernel+0x49c8>
	s_mov_b32 s49, exec_lo                                     // 00000000499C: BEB1007E
	v_cmp_eq_u32_e32 vcc_lo, 0, v2                             // 0000000049A0: 7C940480
	s_and_b32 exec_lo, exec_lo, vcc_lo                         // 0000000049A4: 8B7E6A7E
	s_cbranch_execz 6                                          // 0000000049A8: BFA50006 <occ_kernel+0x49c4>
	v_mov_b32_e32 v11, 0x1f0                                   // 0000000049AC: 7E1602FF 000001F0
	v_mov_b32_e32 v14, 3                                       // 0000000049B4: 7E1C0283
	ds_store_b32 v11, v14                                      // 0000000049B8: D8340000 00000E0B
	s_wait_dscnt 0x0                                           // 0000000049C0: BFC60000
	s_mov_b32 exec_lo, s49                                     // 0000000049C4: BEFE0031
	s_cmp_eq_u32 s66, 0                                        // 0000000049C8: BF068042
	s_cbranch_scc1 1949                                        // 0000000049CC: BFA2079D <occ_kernel+0x6844>
	v_mov_b32_e32 v11, 16                                      // 0000000049D0: 7E160290
	ds_load_b32 v14, v11                                       // 0000000049D4: D8D80000 0E00000B
	s_wait_dscnt 0x0                                           // 0000000049DC: BFC60000
	v_readfirstlane_b32 s46, v14                               // 0000000049E0: 7E5C050E
	s_cmp_eq_u32 s46, 0xdead                                   // 0000000049E4: BF06FF2E 0000DEAD
	s_cbranch_scc1 2093                                        // 0000000049EC: BFA2082D <occ_kernel+0x6aa4>
	s_mov_b32 s48, 0                                           // 0000000049F0: BEB00080
	s_cmp_ge_u32 s48, 8                                        // 0000000049F4: BF098830
	s_cbranch_scc1 2090                                        // 0000000049F8: BFA2082A <occ_kernel+0x6aa4>
	v_mov_b32_e32 v11, 0x1fc                                   // 0000000049FC: 7E1602FF 000001FC
	ds_load_b32 v14, v11                                       // 000000004A04: D8D80000 0E00000B
	s_wait_dscnt 0x0                                           // 000000004A0C: BFC60000
	v_readfirstlane_b32 s51, v14                               // 000000004A10: 7E66050E
	s_and_b32 s47, s51, 1                                      // 000000004A14: 8B2F8133
	s_cmp_lg_u32 s47, 0                                        // 000000004A18: BF07802F
	s_cbranch_scc1 2081                                        // 000000004A1C: BFA20821 <occ_kernel+0x6aa4>
	v_mov_b32_e32 v11, 0                                       // 000000004A20: 7E160280
	ds_load_b32 v14, v11                                       // 000000004A24: D8D80000 0E00000B
	s_wait_dscnt 0x0                                           // 000000004A2C: BFC60000
	v_readfirstlane_b32 s44, v14                               // 000000004A30: 7E58050E
	v_mov_b32_e32 v11, 8                                       // 000000004A34: 7E160288
	ds_load_b32 v14, v11                                       // 000000004A38: D8D80000 0E00000B
	s_wait_dscnt 0x0                                           // 000000004A40: BFC60000
	v_readfirstlane_b32 s45, v14                               // 000000004A44: 7E5A050E
	s_cmp_ge_u32 s44, s51                                      // 000000004A48: BF09332C
	s_cbranch_scc1 68                                          // 000000004A4C: BFA20044 <occ_kernel+0x4b60>
	s_and_b32 s46, s44, s67                                    // 000000004A50: 8B2E432C
	s_cmp_gt_u32 s46, s66                                      // 000000004A54: BF08422E
	s_cbranch_scc0 3                                           // 000000004A58: BFA10003 <occ_kernel+0x4a68>
	s_cmp_lg_u32 s44, s45                                      // 000000004A5C: BF072D2C
	s_cbranch_scc1 2064                                        // 000000004A60: BFA20810 <occ_kernel+0x6aa4>
	s_branch 62                                                // 000000004A64: BFA0003E <occ_kernel+0x4b60>
	s_sub_co_u32 s47, s44, s45                                 // 000000004A68: 80AF2D2C
	s_cmp_ge_u32 s47, 32                                       // 000000004A6C: BF09A02F
	s_cbranch_scc1 2060                                        // 000000004A70: BFA2080C <occ_kernel+0x6aa4>
	s_add_co_u32 s45, s44, 1                                   // 000000004A74: 802D812C
	s_mov_b32 s49, exec_lo                                     // 000000004A78: BEB1007E
	s_ctz_i32_b32 s47, s49                                     // 000000004A7C: BEAF0831
	v_cmp_eq_u32_e32 vcc_lo, s47, v2                           // 000000004A80: 7C94042F
	s_and_b32 exec_lo, exec_lo, vcc_lo                         // 000000004A84: 8B7E6A7E
	s_cbranch_execz 7                                          // 000000004A88: BFA50007 <occ_kernel+0x4aa8>
	v_mov_b32_e32 v11, 0                                       // 000000004A8C: 7E160280
	v_mov_b32_e32 v14, s45                                     // 000000004A90: 7E1C022D
	v_mov_b32_e32 v13, s44                                     // 000000004A94: 7E1A022C
	ds_cmpstore_rtn_b32 v13, v11, v14, v13                     // 000000004A98: D8C00000 0D0D0E0B
	s_wait_dscnt 0x0                                           // 000000004AA0: BFC60000
	v_readfirstlane_b32 s47, v13                               // 000000004AA4: 7E5E050D
	s_mov_b32 exec_lo, s49                                     // 000000004AA8: BEFE0031
	s_cmp_eq_u32 s47, s44                                      // 000000004AAC: BF062C2F
	s_cbranch_scc0 41                                          // 000000004AB0: BFA10029 <occ_kernel+0x4b58>
	v_mov_b32_e32 v11, 0x90                                    // 000000004AB4: 7E1602FF 00000090
	ds_load_b32 v14, v11                                       // 000000004ABC: D8D80000 0E00000B
	s_wait_dscnt 0x0                                           // 000000004AC4: BFC60000
	v_readfirstlane_b32 s52, v14                               // 000000004AC8: 7E68050E
	v_mov_b32_e32 v11, 0x8c                                    // 000000004ACC: 7E1602FF 0000008C
	ds_load_b32 v14, v11                                       // 000000004AD4: D8D80000 0E00000B
	s_wait_dscnt 0x0                                           // 000000004ADC: BFC60000
	v_readfirstlane_b32 s51, v14                               // 000000004AE0: 7E66050E
	s_sub_co_u32 s51, s44, s51                                 // 000000004AE4: 80B3332C
	s_and_b32 s47, s51, s67                                    // 000000004AE8: 8B2F4333
	s_cmp_gt_u32 s47, s66                                      // 000000004AEC: BF08422F
	s_cbranch_scc1 403                                         // 000000004AF0: BFA20193 <occ_kernel+0x5140>
	s_cmp_lg_u32 s47, s66                                      // 000000004AF4: BF07422F
	s_cbranch_scc1 17                                          // 000000004AF8: BFA20011 <occ_kernel+0x4b40>
	s_lshr_b32 s45, s51, s68                                   // 000000004AFC: 852D4433
	s_cmp_lg_u32 s45, 0                                        // 000000004B00: BF07802D
	s_cbranch_scc1 14                                          // 000000004B04: BFA2000E <occ_kernel+0x4b40>
	s_mov_b32 s49, exec_lo                                     // 000000004B08: BEB1007E
	s_ctz_i32_b32 s45, s49                                     // 000000004B0C: BEAD0831
	v_cmp_eq_u32_e32 vcc_lo, s45, v2                           // 000000004B10: 7C94042D
	s_and_b32 exec_lo, exec_lo, vcc_lo                         // 000000004B14: 8B7E6A7E
	s_cbranch_execz 8                                          // 000000004B18: BFA50008 <occ_kernel+0x4b3c>
	v_mov_b32_e32 v11, 0x1f0                                   // 000000004B1C: 7E1602FF 000001F0
	v_mov_b32_e32 v14, 1                                       // 000000004B24: 7E1C0281
	v_mov_b32_e32 v13, 0                                       // 000000004B28: 7E1A0280
	ds_cmpstore_rtn_b32 v13, v11, v14, v13                     // 000000004B2C: D8C00000 0D0D0E0B
	s_wait_dscnt 0x0                                           // 000000004B34: BFC60000
	v_readfirstlane_b32 s45, v13                               // 000000004B38: 7E5A050D
	s_mov_b32 exec_lo, s49                                     // 000000004B3C: BEFE0031
	s_lshl_b32 s52, s52, s68                                   // 000000004B40: 84344434
	s_or_b32 s52, s52, s47                                     // 000000004B44: 8C342F34
	s_lshr_b32 s47, s51, s68                                   // 000000004B48: 852F4433
	s_lshl_b32 s47, s47, 28                                    // 000000004B4C: 842F9C2F
	s_or_b32 s52, s52, s47                                     // 000000004B50: 8C342F34
	s_branch 471                                               // 000000004B54: BFA001D7 <occ_kernel+0x52b4>
	s_add_co_u32 s48, s48, 1                                   // 000000004B58: 80308130
	s_branch 65445                                             // 000000004B5C: BFA0FFA5 <occ_kernel+0x49f4>
	s_mov_b32 s56, 1                                           // 000000004B60: BEB80081
	v_mov_b32_e32 v11, 8                                       // 000000004B64: 7E160288
	ds_load_b32 v14, v11                                       // 000000004B68: D8D80000 0E00000B
	s_wait_dscnt 0x0                                           // 000000004B70: BFC60000
	v_readfirstlane_b32 s54, v14                               // 000000004B74: 7E6C050E
	v_mov_b32_e32 v11, 0                                       // 000000004B78: 7E160280
	ds_load_b32 v14, v11                                       // 000000004B7C: D8D80000 0E00000B
	s_wait_dscnt 0x0                                           // 000000004B84: BFC60000
	v_readfirstlane_b32 s55, v14                               // 000000004B88: 7E6E050E
	s_cmp_lt_u32 s54, s55                                      // 000000004B8C: BF0A3736
	s_cbranch_scc1 1985                                        // 000000004B90: BFA207C1 <occ_kernel+0x6a98>
	v_mov_b32_e32 v11, 0x1fc                                   // 000000004B94: 7E1602FF 000001FC
	ds_load_b32 v14, v11                                       // 000000004B9C: D8D80000 0E00000B
	s_wait_dscnt 0x0                                           // 000000004BA4: BFC60000
	v_readfirstlane_b32 s54, v14                               // 000000004BA8: 7E6C050E
	s_and_b32 s54, s54, -2                                     // 000000004BAC: 8B36C236
	s_lshr_b32 s54, s54, s68                                   // 000000004BB0: 85364436
	v_mov_b32_e32 v11, 0x1f8                                   // 000000004BB4: 7E1602FF 000001F8
	ds_load_b32 v14, v11                                       // 000000004BBC: D8D80000 0E00000B
	s_wait_dscnt 0x0                                           // 000000004BC4: BFC60000
	v_readfirstlane_b32 s55, v14                               // 000000004BC8: 7E6E050E
	s_cmp_lt_u32 s55, s54                                      // 000000004BCC: BF0A3637
	s_cbranch_scc1 1969                                        // 000000004BD0: BFA207B1 <occ_kernel+0x6a98>
	s_or_b32 s45, s51, 1                                       // 000000004BD4: 8C2D8133
	s_mov_b32 s49, exec_lo                                     // 000000004BD8: BEB1007E
	s_ctz_i32_b32 s47, s49                                     // 000000004BDC: BEAF0831
	v_cmp_eq_u32_e32 vcc_lo, s47, v2                           // 000000004BE0: 7C94042F
	s_and_b32 exec_lo, exec_lo, vcc_lo                         // 000000004BE4: 8B7E6A7E
	s_cbranch_execz 8                                          // 000000004BE8: BFA50008 <occ_kernel+0x4c0c>
	v_mov_b32_e32 v11, 0x1fc                                   // 000000004BEC: 7E1602FF 000001FC
	v_mov_b32_e32 v14, s45                                     // 000000004BF4: 7E1C022D
	v_mov_b32_e32 v13, s51                                     // 000000004BF8: 7E1A0233
	ds_cmpstore_rtn_b32 v13, v11, v14, v13                     // 000000004BFC: D8C00000 0D0D0E0B
	s_wait_dscnt 0x0                                           // 000000004C04: BFC60000
	v_readfirstlane_b32 s47, v13                               // 000000004C08: 7E5E050D
	s_mov_b32 exec_lo, s49                                     // 000000004C0C: BEFE0031
	s_cmp_eq_u32 s47, s51                                      // 000000004C10: BF06332F
	s_cbranch_scc0 1955                                        // 000000004C14: BFA107A3 <occ_kernel+0x6aa4>
	v_mov_b32_e32 v11, 0                                       // 000000004C18: 7E160280
	ds_load_b32 v14, v11                                       // 000000004C1C: D8D80000 0E00000B
	s_wait_dscnt 0x0                                           // 000000004C24: BFC60000
	v_readfirstlane_b32 s44, v14                               // 000000004C28: 7E58050E
	v_mov_b32_e32 v11, 8                                       // 000000004C2C: 7E160288
	ds_load_b32 v14, v11                                       // 000000004C30: D8D80000 0E00000B
	s_wait_dscnt 0x0                                           // 000000004C38: BFC60000
	v_readfirstlane_b32 s46, v14                               // 000000004C3C: 7E5C050E
	s_cmp_lt_u32 s46, s44                                      // 000000004C40: BF0A2C2E
	s_cbranch_scc1 277                                         // 000000004C44: BFA20115 <occ_kernel+0x509c>
	s_lshr_b32 s46, s51, s68                                   // 000000004C48: 852E4433
	v_mov_b32_e32 v11, 0x1f8                                   // 000000004C4C: 7E1602FF 000001F8
	ds_load_b32 v14, v11                                       // 000000004C54: D8D80000 0E00000B
	s_wait_dscnt 0x0                                           // 000000004C5C: BFC60000
	v_readfirstlane_b32 s47, v14                               // 000000004C60: 7E5E050E
	s_cmp_lt_u32 s47, s46                                      // 000000004C64: BF0A2E2F
	s_cbranch_scc1 268                                         // 000000004C68: BFA2010C <occ_kernel+0x509c>
	v_mov_b32_e32 v11, 0x8c                                    // 000000004C6C: 7E1602FF 0000008C
	ds_load_b32 v14, v11                                       // 000000004C74: D8D80000 0E00000B
	s_wait_dscnt 0x0                                           // 000000004C7C: BFC60000
	v_readfirstlane_b32 s53, v14                               // 000000004C80: 7E6A050E
	s_sub_co_u32 s53, s51, s53                                 // 000000004C84: 80B53533
	s_lshl_b32 s46, 2, s68                                     // 000000004C88: 842E4482
	s_cmp_ge_u32 s53, s46                                      // 000000004C8C: BF092E35
	s_cbranch_scc1 83                                          // 000000004C90: BFA20053 <occ_kernel+0x4de0>
	v_mov_b32_e32 v16, 0                                       // 000000004C94: 7E200280
	v_mov_b32_e32 v17, 0                                       // 000000004C98: 7E220280
	v_mov_b32_e32 v18, 0                                       // 000000004C9C: 7E240280
	v_mov_b32_e32 v19, 0                                       // 000000004CA0: 7E260280
	v_lshlrev_b32_e32 v12, 4, v2                               // 000000004CA4: 30180484
	v_add_nc_u32_e32 v12, 0x200, v12                           // 000000004CA8: 4A1818FF 00000200
	s_mov_b32 s45, 64                                          // 000000004CB0: BEAD00C0
	ds_store_b128 v12, v[16:19]                                // 000000004CB4: DB7C0000 0000100C
	v_add_nc_u32_e32 v12, 0x200, v12                           // 000000004CBC: 4A1818FF 00000200
	s_sub_co_u32 s45, s45, 1                                   // 000000004CC4: 80AD812D
	s_cmp_gt_u32 s45, 0                                        // 000000004CC8: BF08802D
	s_cbranch_scc1 65529                                       // 000000004CCC: BFA2FFF9 <occ_kernel+0x4cb4>
	s_mov_b32 s45, 0                                           // 000000004CD0: BEAD0080
	s_mov_b32 s49, exec_lo                                     // 000000004CD4: BEB1007E
	v_cmp_eq_u32_e32 vcc_lo, 0, v2                             // 000000004CD8: 7C940480
	s_and_b32 exec_lo, exec_lo, vcc_lo                         // 000000004CDC: 8B7E6A7E
	s_cbranch_execz 6                                          // 000000004CE0: BFA50006 <occ_kernel+0x4cfc>
	v_mov_b32_e32 v11, 0xa0                                    // 000000004CE4: 7E1602FF 000000A0
	v_mov_b32_e32 v14, s45                                     // 000000004CEC: 7E1C022D
	ds_store_b32 v11, v14                                      // 000000004CF0: D8340000 00000E0B
	s_wait_dscnt 0x0                                           // 000000004CF8: BFC60000
	s_mov_b32 exec_lo, s49                                     // 000000004CFC: BEFE0031
	s_mov_b32 s49, exec_lo                                     // 000000004D00: BEB1007E
	v_cmp_eq_u32_e32 vcc_lo, 0, v2                             // 000000004D04: 7C940480
	s_and_b32 exec_lo, exec_lo, vcc_lo                         // 000000004D08: 8B7E6A7E
	s_cbranch_execz 6                                          // 000000004D0C: BFA50006 <occ_kernel+0x4d28>
	v_mov_b32_e32 v11, 0xa4                                    // 000000004D10: 7E1602FF 000000A4
	v_mov_b32_e32 v14, s45                                     // 000000004D18: 7E1C022D
	ds_store_b32 v11, v14                                      // 000000004D1C: D8340000 00000E0B
	s_wait_dscnt 0x0                                           // 000000004D24: BFC60000
	s_mov_b32 exec_lo, s49                                     // 000000004D28: BEFE0031
	s_wait_dscnt 0x0                                           // 000000004D2C: BFC60000
	s_mov_b32 s49, exec_lo                                     // 000000004D30: BEB1007E
	v_cmp_eq_u32_e32 vcc_lo, 0, v2                             // 000000004D34: 7C940480
	s_and_b32 exec_lo, exec_lo, vcc_lo                         // 000000004D38: 8B7E6A7E
	s_cbranch_execz 5                                          // 000000004D3C: BFA50005 <occ_kernel+0x4d54>
	v_mov_b32_e32 v11, 0                                       // 000000004D40: 7E160280
	v_mov_b32_e32 v14, s51                                     // 000000004D44: 7E1C0233
	ds_store_b32 v11, v14                                      // 000000004D48: D8340000 00000E0B
	s_wait_dscnt 0x0                                           // 000000004D50: BFC60000
	s_mov_b32 exec_lo, s49                                     // 000000004D54: BEFE0031
	s_mov_b32 s49, exec_lo                                     // 000000004D58: BEB1007E
	v_cmp_eq_u32_e32 vcc_lo, 0, v2                             // 000000004D5C: 7C940480
	s_and_b32 exec_lo, exec_lo, vcc_lo                         // 000000004D60: 8B7E6A7E
	s_cbranch_execz 5                                          // 000000004D64: BFA50005 <occ_kernel+0x4d7c>
	v_mov_b32_e32 v11, 8                                       // 000000004D68: 7E160288
	v_mov_b32_e32 v14, s51                                     // 000000004D6C: 7E1C0233
	ds_store_b32 v11, v14                                      // 000000004D70: D8340000 00000E0B
	s_wait_dscnt 0x0                                           // 000000004D78: BFC60000
	s_mov_b32 exec_lo, s49                                     // 000000004D7C: BEFE0031
	s_mov_b32 s49, exec_lo                                     // 000000004D80: BEB1007E
	v_cmp_eq_u32_e32 vcc_lo, 0, v2                             // 000000004D84: 7C940480
	s_and_b32 exec_lo, exec_lo, vcc_lo                         // 000000004D88: 8B7E6A7E
	s_cbranch_execz 5                                          // 000000004D8C: BFA50005 <occ_kernel+0x4da4>
	v_mov_b32_e32 v11, 4                                       // 000000004D90: 7E160284
	v_mov_b32_e32 v14, s51                                     // 000000004D94: 7E1C0233
	ds_store_b32 v11, v14                                      // 000000004D98: D8340000 00000E0B
	s_wait_dscnt 0x0                                           // 000000004DA0: BFC60000
	s_mov_b32 exec_lo, s49                                     // 000000004DA4: BEFE0031
	s_add_co_u32 s46, s67, 1                                   // 000000004DA8: 802E8143
	s_add_co_u32 s45, s51, s46                                 // 000000004DAC: 802D2E33
	s_mov_b32 s49, exec_lo                                     // 000000004DB0: BEB1007E
	v_cmp_eq_u32_e32 vcc_lo, 0, v2                             // 000000004DB4: 7C940480
	s_and_b32 exec_lo, exec_lo, vcc_lo                         // 000000004DB8: 8B7E6A7E
	s_cbranch_execz 6                                          // 000000004DBC: BFA50006 <occ_kernel+0x4dd8>
	v_mov_b32_e32 v11, 0x1fc                                   // 000000004DC0: 7E1602FF 000001FC
	v_mov_b32_e32 v14, s45                                     // 000000004DC8: 7E1C022D
	ds_store_b32 v11, v14                                      // 000000004DCC: D8340000 00000E0B
	s_wait_dscnt 0x0                                           // 000000004DD4: BFC60000
	s_mov_b32 exec_lo, s49                                     // 000000004DD8: BEFE0031
	s_branch 65285                                             // 000000004DDC: BFA0FF05 <occ_kernel+0x49f4>
	v_mov_b32_e32 v11, 0x1f0                                   // 000000004DE0: 7E1602FF 000001F0
	ds_load_b32 v14, v11                                       // 000000004DE8: D8D80000 0E00000B
	s_wait_dscnt 0x0                                           // 000000004DF0: BFC60000
	v_readfirstlane_b32 s53, v14                               // 000000004DF4: 7E6A050E
	s_cmp_eq_u32 s53, 2                                        // 000000004DF8: BF068235
	s_cbranch_scc1 43                                          // 000000004DFC: BFA2002B <occ_kernel+0x4eac>
	s_cmp_eq_u32 s53, 3                                        // 000000004E00: BF068335
	s_cbranch_scc1 178                                         // 000000004E04: BFA200B2 <occ_kernel+0x50d0>
	s_cmp_eq_u32 s53, 0                                        // 000000004E08: BF068035
	s_cbranch_scc0 163                                         // 000000004E0C: BFA100A3 <occ_kernel+0x509c>
	s_mov_b32 s49, exec_lo                                     // 000000004E10: BEB1007E
	s_ctz_i32_b32 s53, s49                                     // 000000004E14: BEB50831
	v_cmp_eq_u32_e32 vcc_lo, s53, v2                           // 000000004E18: 7C940435
	s_and_b32 exec_lo, exec_lo, vcc_lo                         // 000000004E1C: 8B7E6A7E
	s_cbranch_execz 8                                          // 000000004E20: BFA50008 <occ_kernel+0x4e44>
	v_mov_b32_e32 v11, 0x1f0                                   // 000000004E24: 7E1602FF 000001F0
	v_mov_b32_e32 v14, 4                                       // 000000004E2C: 7E1C0284
	v_mov_b32_e32 v13, 0                                       // 000000004E30: 7E1A0280
	ds_cmpstore_rtn_b32 v13, v11, v14, v13                     // 000000004E34: D8C00000 0D0D0E0B
	s_wait_dscnt 0x0                                           // 000000004E3C: BFC60000
	v_readfirstlane_b32 s53, v13                               // 000000004E40: 7E6A050D
	s_mov_b32 exec_lo, s49                                     // 000000004E44: BEFE0031
	s_cmp_eq_u32 s53, 0                                        // 000000004E48: BF068035
	s_cbranch_scc0 147                                         // 000000004E4C: BFA10093 <occ_kernel+0x509c>
	s_mov_b32 s16, exec_lo                                     // 000000004E50: BE90007E
	v_cmp_eq_u32_e32 vcc_lo, 0, v2                             // 000000004E54: 7C940480
	s_and_b32 exec_lo, exec_lo, vcc_lo                         // 000000004E58: 8B7E6A7E
	s_cbranch_execz 5                                          // 000000004E5C: BFA50005 <occ_kernel+0x4e74>
	v_mov_b32_e32 v3, 1                                        // 000000004E60: 7E060281
	global_atomic_add_u32 v5, v4, v3, s[0:1] offset:20 th:TH_ATOMIC_RETURN scope:SCOPE_DEV// 000000004E64: EE0D4000 01980005 00001404
	s_wait_loadcnt 0x0                                         // 000000004E70: BFC00000
	s_mov_b32 exec_lo, s16                                     // 000000004E74: BEFE0010
	v_readfirstlane_b32 s53, v5                                // 000000004E78: 7E6A0505
	s_mov_b32 s49, exec_lo                                     // 000000004E7C: BEB1007E
	v_cmp_eq_u32_e32 vcc_lo, 0, v2                             // 000000004E80: 7C940480
	s_and_b32 exec_lo, exec_lo, vcc_lo                         // 000000004E84: 8B7E6A7E
	s_cbranch_execz 6                                          // 000000004E88: BFA50006 <occ_kernel+0x4ea4>
	v_mov_b32_e32 v11, 0x1f0                                   // 000000004E8C: 7E1602FF 000001F0
	v_mov_b32_e32 v14, 0                                       // 000000004E94: 7E1C0280
	ds_store_b32 v11, v14                                      // 000000004E98: D8340000 00000E0B
	s_wait_dscnt 0x0                                           // 000000004EA0: BFC60000
	s_mov_b32 exec_lo, s49                                     // 000000004EA4: BEFE0031
	s_branch 17                                                // 000000004EA8: BFA00011 <occ_kernel+0x4ef0>
	v_mov_b32_e32 v11, 0x1f4                                   // 000000004EAC: 7E1602FF 000001F4
	ds_load_b32 v14, v11                                       // 000000004EB4: D8D80000 0E00000B
	s_wait_dscnt 0x0                                           // 000000004EBC: BFC60000
	v_readfirstlane_b32 s53, v14                               // 000000004EC0: 7E6A050E
	s_mov_b32 s49, exec_lo                                     // 000000004EC4: BEB1007E
	v_cmp_eq_u32_e32 vcc_lo, 0, v2                             // 000000004EC8: 7C940480
	s_and_b32 exec_lo, exec_lo, vcc_lo                         // 000000004ECC: 8B7E6A7E
	s_cbranch_execz 6                                          // 000000004ED0: BFA50006 <occ_kernel+0x4eec>
	v_mov_b32_e32 v11, 0x1f0                                   // 000000004ED4: 7E1602FF 000001F0
	v_mov_b32_e32 v14, 0                                       // 000000004EDC: 7E1C0280
	ds_store_b32 v11, v14                                      // 000000004EE0: D8340000 00000E0B
	s_wait_dscnt 0x0                                           // 000000004EE8: BFC60000
	s_mov_b32 exec_lo, s49                                     // 000000004EEC: BEFE0031
	s_cmp_ge_u32 s53, s69                                      // 000000004EF0: BF094535
	s_cbranch_scc1 118                                         // 000000004EF4: BFA20076 <occ_kernel+0x50d0>
	v_mov_b32_e32 v16, 0                                       // 000000004EF8: 7E200280
	v_mov_b32_e32 v17, 0                                       // 000000004EFC: 7E220280
	v_mov_b32_e32 v18, 0                                       // 000000004F00: 7E240280
	v_mov_b32_e32 v19, 0                                       // 000000004F04: 7E260280
	v_lshlrev_b32_e32 v12, 4, v2                               // 000000004F08: 30180484
	v_add_nc_u32_e32 v12, 0x200, v12                           // 000000004F0C: 4A1818FF 00000200
	s_mov_b32 s45, 64                                          // 000000004F14: BEAD00C0
	ds_store_b128 v12, v[16:19]                                // 000000004F18: DB7C0000 0000100C
	v_add_nc_u32_e32 v12, 0x200, v12                           // 000000004F20: 4A1818FF 00000200
	s_sub_co_u32 s45, s45, 1                                   // 000000004F28: 80AD812D
	s_cmp_gt_u32 s45, 0                                        // 000000004F2C: BF08802D
	s_cbranch_scc1 65529                                       // 000000004F30: BFA2FFF9 <occ_kernel+0x4f18>
	s_mov_b32 s45, 0                                           // 000000004F34: BEAD0080
	s_mov_b32 s49, exec_lo                                     // 000000004F38: BEB1007E
	v_cmp_eq_u32_e32 vcc_lo, 0, v2                             // 000000004F3C: 7C940480
	s_and_b32 exec_lo, exec_lo, vcc_lo                         // 000000004F40: 8B7E6A7E
	s_cbranch_execz 6                                          // 000000004F44: BFA50006 <occ_kernel+0x4f60>
	v_mov_b32_e32 v11, 0xa0                                    // 000000004F48: 7E1602FF 000000A0
	v_mov_b32_e32 v14, s45                                     // 000000004F50: 7E1C022D
	ds_store_b32 v11, v14                                      // 000000004F54: D8340000 00000E0B
	s_wait_dscnt 0x0                                           // 000000004F5C: BFC60000
	s_mov_b32 exec_lo, s49                                     // 000000004F60: BEFE0031
	s_mov_b32 s49, exec_lo                                     // 000000004F64: BEB1007E
	v_cmp_eq_u32_e32 vcc_lo, 0, v2                             // 000000004F68: 7C940480
	s_and_b32 exec_lo, exec_lo, vcc_lo                         // 000000004F6C: 8B7E6A7E
	s_cbranch_execz 6                                          // 000000004F70: BFA50006 <occ_kernel+0x4f8c>
	v_mov_b32_e32 v11, 0xa4                                    // 000000004F74: 7E1602FF 000000A4
	v_mov_b32_e32 v14, s45                                     // 000000004F7C: 7E1C022D
	ds_store_b32 v11, v14                                      // 000000004F80: D8340000 00000E0B
	s_wait_dscnt 0x0                                           // 000000004F88: BFC60000
	s_mov_b32 exec_lo, s49                                     // 000000004F8C: BEFE0031
	s_wait_dscnt 0x0                                           // 000000004F90: BFC60000
	s_mov_b32 s49, exec_lo                                     // 000000004F94: BEB1007E
	v_cmp_eq_u32_e32 vcc_lo, 0, v2                             // 000000004F98: 7C940480
	s_and_b32 exec_lo, exec_lo, vcc_lo                         // 000000004F9C: 8B7E6A7E
	s_cbranch_execz 6                                          // 000000004FA0: BFA50006 <occ_kernel+0x4fbc>
	v_mov_b32_e32 v11, 0x90                                    // 000000004FA4: 7E1602FF 00000090
	v_mov_b32_e32 v14, s53                                     // 000000004FAC: 7E1C0235
	ds_store_b32 v11, v14                                      // 000000004FB0: D8340000 00000E0B
	s_wait_dscnt 0x0                                           // 000000004FB8: BFC60000
	s_mov_b32 exec_lo, s49                                     // 000000004FBC: BEFE0031
	s_mov_b32 s49, exec_lo                                     // 000000004FC0: BEB1007E
	v_cmp_eq_u32_e32 vcc_lo, 0, v2                             // 000000004FC4: 7C940480
	s_and_b32 exec_lo, exec_lo, vcc_lo                         // 000000004FC8: 8B7E6A7E
	s_cbranch_execz 6                                          // 000000004FCC: BFA50006 <occ_kernel+0x4fe8>
	v_mov_b32_e32 v11, 0x8c                                    // 000000004FD0: 7E1602FF 0000008C
	v_mov_b32_e32 v14, s51                                     // 000000004FD8: 7E1C0233
	ds_store_b32 v11, v14                                      // 000000004FDC: D8340000 00000E0B
	s_wait_dscnt 0x0                                           // 000000004FE4: BFC60000
	s_mov_b32 exec_lo, s49                                     // 000000004FE8: BEFE0031
	s_mov_b32 s49, exec_lo                                     // 000000004FEC: BEB1007E
	v_cmp_eq_u32_e32 vcc_lo, 0, v2                             // 000000004FF0: 7C940480
	s_and_b32 exec_lo, exec_lo, vcc_lo                         // 000000004FF4: 8B7E6A7E
	s_cbranch_execz 5                                          // 000000004FF8: BFA50005 <occ_kernel+0x5010>
	v_mov_b32_e32 v11, 0                                       // 000000004FFC: 7E160280
	v_mov_b32_e32 v14, s51                                     // 000000005000: 7E1C0233
	ds_store_b32 v11, v14                                      // 000000005004: D8340000 00000E0B
	s_wait_dscnt 0x0                                           // 00000000500C: BFC60000
	s_mov_b32 exec_lo, s49                                     // 000000005010: BEFE0031
	s_mov_b32 s49, exec_lo                                     // 000000005014: BEB1007E
	v_cmp_eq_u32_e32 vcc_lo, 0, v2                             // 000000005018: 7C940480
	s_and_b32 exec_lo, exec_lo, vcc_lo                         // 00000000501C: 8B7E6A7E
	s_cbranch_execz 5                                          // 000000005020: BFA50005 <occ_kernel+0x5038>
	v_mov_b32_e32 v11, 8                                       // 000000005024: 7E160288
	v_mov_b32_e32 v14, s51                                     // 000000005028: 7E1C0233
	ds_store_b32 v11, v14                                      // 00000000502C: D8340000 00000E0B
	s_wait_dscnt 0x0                                           // 000000005034: BFC60000
	s_mov_b32 exec_lo, s49                                     // 000000005038: BEFE0031
	s_mov_b32 s49, exec_lo                                     // 00000000503C: BEB1007E
	v_cmp_eq_u32_e32 vcc_lo, 0, v2                             // 000000005040: 7C940480
	s_and_b32 exec_lo, exec_lo, vcc_lo                         // 000000005044: 8B7E6A7E
	s_cbranch_execz 5                                          // 000000005048: BFA50005 <occ_kernel+0x5060>
	v_mov_b32_e32 v11, 4                                       // 00000000504C: 7E160284
	v_mov_b32_e32 v14, s51                                     // 000000005050: 7E1C0233
	ds_store_b32 v11, v14                                      // 000000005054: D8340000 00000E0B
	s_wait_dscnt 0x0                                           // 00000000505C: BFC60000
	s_mov_b32 exec_lo, s49                                     // 000000005060: BEFE0031
	s_add_co_u32 s46, s67, 1                                   // 000000005064: 802E8143
	s_add_co_u32 s45, s51, s46                                 // 000000005068: 802D2E33
	s_mov_b32 s49, exec_lo                                     // 00000000506C: BEB1007E
	v_cmp_eq_u32_e32 vcc_lo, 0, v2                             // 000000005070: 7C940480
	s_and_b32 exec_lo, exec_lo, vcc_lo                         // 000000005074: 8B7E6A7E
	s_cbranch_execz 6                                          // 000000005078: BFA50006 <occ_kernel+0x5094>
	v_mov_b32_e32 v11, 0x1fc                                   // 00000000507C: 7E1602FF 000001FC
	v_mov_b32_e32 v14, s45                                     // 000000005084: 7E1C022D
	ds_store_b32 v11, v14                                      // 000000005088: D8340000 00000E0B
	s_wait_dscnt 0x0                                           // 000000005090: BFC60000
	s_mov_b32 exec_lo, s49                                     // 000000005094: BEFE0031
	s_branch 65110                                             // 000000005098: BFA0FE56 <occ_kernel+0x49f4>
	s_add_co_u32 s105, s105, 1                                 // 00000000509C: 80698169
	s_mov_b32 s49, exec_lo                                     // 0000000050A0: BEB1007E
	v_cmp_eq_u32_e32 vcc_lo, 0, v2                             // 0000000050A4: 7C940480
	s_and_b32 exec_lo, exec_lo, vcc_lo                         // 0000000050A8: 8B7E6A7E
	s_cbranch_execz 6                                          // 0000000050AC: BFA50006 <occ_kernel+0x50c8>
	v_mov_b32_e32 v11, 0x1fc                                   // 0000000050B0: 7E1602FF 000001FC
	v_mov_b32_e32 v14, s51                                     // 0000000050B8: 7E1C0233
	ds_store_b32 v11, v14                                      // 0000000050BC: D8340000 00000E0B
	s_wait_dscnt 0x0                                           // 0000000050C4: BFC60000
	s_mov_b32 exec_lo, s49                                     // 0000000050C8: BEFE0031
	s_branch 1653                                              // 0000000050CC: BFA00675 <occ_kernel+0x6aa4>
	s_mov_b32 s49, exec_lo                                     // 0000000050D0: BEB1007E
	v_cmp_eq_u32_e32 vcc_lo, 0, v2                             // 0000000050D4: 7C940480
	s_and_b32 exec_lo, exec_lo, vcc_lo                         // 0000000050D8: 8B7E6A7E
	s_cbranch_execz 6                                          // 0000000050DC: BFA50006 <occ_kernel+0x50f8>
	v_mov_b32_e32 v11, 16                                      // 0000000050E0: 7E160290
	v_mov_b32_e32 v14, 0xdead                                  // 0000000050E4: 7E1C02FF 0000DEAD
	ds_store_b32 v11, v14                                      // 0000000050EC: D8340000 00000E0B
	s_wait_dscnt 0x0                                           // 0000000050F4: BFC60000
	s_mov_b32 exec_lo, s49                                     // 0000000050F8: BEFE0031
	s_branch 1489                                              // 0000000050FC: BFA005D1 <occ_kernel+0x6844>
	s_add_co_u32 s46, s44, 1                                   // 000000005100: 802E812C
	s_mov_b32 s49, exec_lo                                     // 000000005104: BEB1007E
	s_ctz_i32_b32 s47, s49                                     // 000000005108: BEAF0831
	v_cmp_eq_u32_e32 vcc_lo, s47, v2                           // 00000000510C: 7C94042F
	s_and_b32 exec_lo, exec_lo, vcc_lo                         // 000000005110: 8B7E6A7E
	s_cbranch_execz 7                                          // 000000005114: BFA50007 <occ_kernel+0x5134>
	v_mov_b32_e32 v11, 0                                       // 000000005118: 7E160280
	v_mov_b32_e32 v14, s44                                     // 00000000511C: 7E1C022C
	v_mov_b32_e32 v13, s46                                     // 000000005120: 7E1A022E
	ds_cmpstore_rtn_b32 v13, v11, v14, v13                     // 000000005124: D8C00000 0D0D0E0B
	s_wait_dscnt 0x0                                           // 00000000512C: BFC60000
	v_readfirstlane_b32 s47, v13                               // 000000005130: 7E5E050D
	s_mov_b32 exec_lo, s49                                     // 000000005134: BEFE0031
	s_cmp_eq_u32 s47, s46                                      // 000000005138: BF062E2F
	s_cbranch_scc1 1625                                        // 00000000513C: BFA20659 <occ_kernel+0x6aa4>
	s_and_b32 s46, s44, 31                                     // 000000005140: 8B2E9F2C
	s_lshl_b32 s46, s46, 5                                     // 000000005144: 842E852E
	s_add_co_u32 s46, s46, 0x8200                              // 000000005148: 802EFF2E 00008200
	s_add_co_u32 s45, s46, 8                                   // 000000005150: 802D882E
	s_mov_b32 s49, exec_lo                                     // 000000005154: BEB1007E
	v_cmp_eq_u32_e32 vcc_lo, 0, v2                             // 000000005158: 7C940480
	s_and_b32 exec_lo, exec_lo, vcc_lo                         // 00000000515C: 8B7E6A7E
	s_cbranch_execz 5                                          // 000000005160: BFA50005 <occ_kernel+0x5178>
	v_mov_b32_e32 v11, s45                                     // 000000005164: 7E16022D
	v_mov_b32_e32 v14, 4                                       // 000000005168: 7E1C0284
	ds_store_b32 v11, v14                                      // 00000000516C: D8340000 00000E0B
	s_wait_dscnt 0x0                                           // 000000005174: BFC60000
	s_mov_b32 exec_lo, s49                                     // 000000005178: BEFE0031
	s_add_co_u32 s45, s46, 12                                  // 00000000517C: 802D8C2E
	s_mov_b32 s49, exec_lo                                     // 000000005180: BEB1007E
	v_cmp_eq_u32_e32 vcc_lo, 0, v2                             // 000000005184: 7C940480
	s_and_b32 exec_lo, exec_lo, vcc_lo                         // 000000005188: 8B7E6A7E
	s_cbranch_execz 5                                          // 00000000518C: BFA50005 <occ_kernel+0x51a4>
	v_mov_b32_e32 v11, s45                                     // 000000005190: 7E16022D
	v_mov_b32_e32 v14, 4                                       // 000000005194: 7E1C0284
	ds_store_b32 v11, v14                                      // 000000005198: D8340000 00000E0B
	s_wait_dscnt 0x0                                           // 0000000051A0: BFC60000
	s_mov_b32 exec_lo, s49                                     // 0000000051A4: BEFE0031
	s_add_co_u32 s45, s46, 16                                  // 0000000051A8: 802D902E
	s_mov_b32 s49, exec_lo                                     // 0000000051AC: BEB1007E
	v_cmp_eq_u32_e32 vcc_lo, 0, v2                             // 0000000051B0: 7C940480
	s_and_b32 exec_lo, exec_lo, vcc_lo                         // 0000000051B4: 8B7E6A7E
	s_cbranch_execz 5                                          // 0000000051B8: BFA50005 <occ_kernel+0x51d0>
	v_mov_b32_e32 v11, s45                                     // 0000000051BC: 7E16022D
	v_mov_b32_e32 v14, 4                                       // 0000000051C0: 7E1C0284
	ds_store_b32 v11, v14                                      // 0000000051C4: D8340000 00000E0B
	s_wait_dscnt 0x0                                           // 0000000051CC: BFC60000
	s_mov_b32 exec_lo, s49                                     // 0000000051D0: BEFE0031
	s_add_co_u32 s45, s46, 20                                  // 0000000051D4: 802D942E
	s_mov_b32 s49, exec_lo                                     // 0000000051D8: BEB1007E
	v_cmp_eq_u32_e32 vcc_lo, 0, v2                             // 0000000051DC: 7C940480
	s_and_b32 exec_lo, exec_lo, vcc_lo                         // 0000000051E0: 8B7E6A7E
	s_cbranch_execz 5                                          // 0000000051E4: BFA50005 <occ_kernel+0x51fc>
	v_mov_b32_e32 v11, s45                                     // 0000000051E8: 7E16022D
	v_mov_b32_e32 v14, 4                                       // 0000000051EC: 7E1C0284
	ds_store_b32 v11, v14                                      // 0000000051F0: D8340000 00000E0B
	s_wait_dscnt 0x0                                           // 0000000051F8: BFC60000
	s_mov_b32 exec_lo, s49                                     // 0000000051FC: BEFE0031
	s_add_co_u32 s45, s46, 24                                  // 000000005200: 802D982E
	s_mov_b32 s49, exec_lo                                     // 000000005204: BEB1007E
	v_cmp_eq_u32_e32 vcc_lo, 0, v2                             // 000000005208: 7C940480
	s_and_b32 exec_lo, exec_lo, vcc_lo                         // 00000000520C: 8B7E6A7E
	s_cbranch_execz 5                                          // 000000005210: BFA50005 <occ_kernel+0x5228>
	v_mov_b32_e32 v11, s45                                     // 000000005214: 7E16022D
	v_mov_b32_e32 v14, 8                                       // 000000005218: 7E1C0288
	ds_store_b32 v11, v14                                      // 00000000521C: D8340000 00000E0B
	s_wait_dscnt 0x0                                           // 000000005224: BFC60000
	s_mov_b32 exec_lo, s49                                     // 000000005228: BEFE0031
	s_add_co_u32 s45, s46, 28                                  // 00000000522C: 802D9C2E
	s_mov_b32 s49, exec_lo                                     // 000000005230: BEB1007E
	v_cmp_eq_u32_e32 vcc_lo, 0, v2                             // 000000005234: 7C940480
	s_and_b32 exec_lo, exec_lo, vcc_lo                         // 000000005238: 8B7E6A7E
	s_cbranch_execz 5                                          // 00000000523C: BFA50005 <occ_kernel+0x5254>
	v_mov_b32_e32 v11, s45                                     // 000000005240: 7E16022D
	v_mov_b32_e32 v14, 8                                       // 000000005244: 7E1C0288
	ds_store_b32 v11, v14                                      // 000000005248: D8340000 00000E0B
	s_wait_dscnt 0x0                                           // 000000005250: BFC60000
	s_mov_b32 exec_lo, s49                                     // 000000005254: BEFE0031
	s_add_co_u32 s45, s46, 0                                   // 000000005258: 802D802E
	s_mov_b32 s49, exec_lo                                     // 00000000525C: BEB1007E
	v_cmp_eq_u32_e32 vcc_lo, 0, v2                             // 000000005260: 7C940480
	s_and_b32 exec_lo, exec_lo, vcc_lo                         // 000000005264: 8B7E6A7E
	s_cbranch_execz 5                                          // 000000005268: BFA50005 <occ_kernel+0x5280>
	v_mov_b32_e32 v11, s45                                     // 00000000526C: 7E16022D
	v_mov_b32_e32 v14, 0                                       // 000000005270: 7E1C0280
	ds_store_b32 v11, v14                                      // 000000005274: D8340000 00000E0B
	s_wait_dscnt 0x0                                           // 00000000527C: BFC60000
	s_mov_b32 exec_lo, s49                                     // 000000005280: BEFE0031
	s_add_co_u32 s45, s46, 4                                   // 000000005284: 802D842E
	s_mov_b32 s49, exec_lo                                     // 000000005288: BEB1007E
	v_cmp_eq_u32_e32 vcc_lo, 0, v2                             // 00000000528C: 7C940480
	s_and_b32 exec_lo, exec_lo, vcc_lo                         // 000000005290: 8B7E6A7E
	s_cbranch_execz 5                                          // 000000005294: BFA50005 <occ_kernel+0x52ac>
	v_mov_b32_e32 v11, s45                                     // 000000005298: 7E16022D
	v_mov_b32_e32 v14, s44                                     // 00000000529C: 7E1C022C
	ds_store_b32 v11, v14                                      // 0000000052A0: D8340000 00000E0B
	s_wait_dscnt 0x0                                           // 0000000052A8: BFC60000
	s_mov_b32 exec_lo, s49                                     // 0000000052AC: BEFE0031
	s_branch 1532                                              // 0000000052B0: BFA005FC <occ_kernel+0x6aa4>
	s_add_co_u32 s104, s104, 1                                 // 0000000052B4: 80688168
	s_wait_storecnt 0x0                                        // 0000000052B8: BFC10000
	s_alloc_vgpr 0x70                                          // 0000000052BC: BE8053FF 00000070
	s_cbranch_scc0 1                                           // 0000000052C4: BFA10001 <occ_kernel+0x52cc>
	s_branch 192                                               // 0000000052C8: BFA000C0 <occ_kernel+0x55cc>
	s_add_co_u32 s87, s87, 1                                   // 0000000052CC: 80578157
	s_and_b32 s46, s44, 31                                     // 0000000052D0: 8B2E9F2C
	s_lshl_b32 s46, s46, 5                                     // 0000000052D4: 842E852E
	s_add_co_u32 s46, s46, 0x8200                              // 0000000052D8: 802EFF2E 00008200
	s_add_co_u32 s45, s46, 8                                   // 0000000052E0: 802D882E
	s_add_co_u32 s45, s46, 12                                  // 0000000052E4: 802D8C2E
	s_mov_b32 s49, exec_lo                                     // 0000000052E8: BEB1007E
	v_cmp_eq_u32_e32 vcc_lo, 0, v2                             // 0000000052EC: 7C940480
	s_and_b32 exec_lo, exec_lo, vcc_lo                         // 0000000052F0: 8B7E6A7E
	s_cbranch_execz 5                                          // 0000000052F4: BFA50005 <occ_kernel+0x530c>
	v_mov_b32_e32 v11, s45                                     // 0000000052F8: 7E16022D
	v_mov_b32_e32 v14, 0                                       // 0000000052FC: 7E1C0280
	ds_store_b32 v11, v14                                      // 000000005300: D8340000 00000E0B
	s_wait_dscnt 0x0                                           // 000000005308: BFC60000
	s_mov_b32 exec_lo, s49                                     // 00000000530C: BEFE0031
	s_add_co_u32 s45, s46, 0                                   // 000000005310: 802D802E
	s_mov_b32 s49, exec_lo                                     // 000000005314: BEB1007E
	v_cmp_eq_u32_e32 vcc_lo, 0, v2                             // 000000005318: 7C940480
	s_and_b32 exec_lo, exec_lo, vcc_lo                         // 00000000531C: 8B7E6A7E
	s_cbranch_execz 5                                          // 000000005320: BFA50005 <occ_kernel+0x5338>
	v_mov_b32_e32 v11, s45                                     // 000000005324: 7E16022D
	v_mov_b32_e32 v14, s52                                     // 000000005328: 7E1C0234
	ds_store_b32 v11, v14                                      // 00000000532C: D8340000 00000E0B
	s_wait_dscnt 0x0                                           // 000000005334: BFC60000
	s_mov_b32 exec_lo, s49                                     // 000000005338: BEFE0031
	s_add_co_u32 s45, s46, 8                                   // 00000000533C: 802D882E
	s_mov_b32 s49, exec_lo                                     // 000000005340: BEB1007E
	v_cmp_eq_u32_e32 vcc_lo, 0, v2                             // 000000005344: 7C940480
	s_and_b32 exec_lo, exec_lo, vcc_lo                         // 000000005348: 8B7E6A7E
	s_cbranch_execz 5                                          // 00000000534C: BFA50005 <occ_kernel+0x5364>
	v_mov_b32_e32 v11, s45                                     // 000000005350: 7E16022D
	v_mov_b32_e32 v14, 0                                       // 000000005354: 7E1C0280
	ds_store_b32 v11, v14                                      // 000000005358: D8340000 00000E0B
	s_wait_dscnt 0x0                                           // 000000005360: BFC60000
	s_mov_b32 exec_lo, s49                                     // 000000005364: BEFE0031
	s_add_co_u32 s45, s46, 16                                  // 000000005368: 802D902E
	s_mov_b32 s49, exec_lo                                     // 00000000536C: BEB1007E
	v_cmp_eq_u32_e32 vcc_lo, 0, v2                             // 000000005370: 7C940480
	s_and_b32 exec_lo, exec_lo, vcc_lo                         // 000000005374: 8B7E6A7E
	s_cbranch_execz 5                                          // 000000005378: BFA50005 <occ_kernel+0x5390>
	v_mov_b32_e32 v11, s45                                     // 00000000537C: 7E16022D
	v_mov_b32_e32 v14, 0                                       // 000000005380: 7E1C0280
	ds_store_b32 v11, v14                                      // 000000005384: D8340000 00000E0B
	s_wait_dscnt 0x0                                           // 00000000538C: BFC60000
	s_mov_b32 exec_lo, s49                                     // 000000005390: BEFE0031
	s_add_co_u32 s45, s46, 20                                  // 000000005394: 802D942E
	s_mov_b32 s49, exec_lo                                     // 000000005398: BEB1007E
	v_cmp_eq_u32_e32 vcc_lo, 0, v2                             // 00000000539C: 7C940480
	s_and_b32 exec_lo, exec_lo, vcc_lo                         // 0000000053A0: 8B7E6A7E
	s_cbranch_execz 5                                          // 0000000053A4: BFA50005 <occ_kernel+0x53bc>
	v_mov_b32_e32 v11, s45                                     // 0000000053A8: 7E16022D
	v_mov_b32_e32 v14, 0                                       // 0000000053AC: 7E1C0280
	ds_store_b32 v11, v14                                      // 0000000053B0: D8340000 00000E0B
	s_wait_dscnt 0x0                                           // 0000000053B8: BFC60000
	s_mov_b32 exec_lo, s49                                     // 0000000053BC: BEFE0031
	s_add_co_u32 s45, s46, 24                                  // 0000000053C0: 802D982E
	s_mov_b32 s49, exec_lo                                     // 0000000053C4: BEB1007E
	v_cmp_eq_u32_e32 vcc_lo, 0, v2                             // 0000000053C8: 7C940480
	s_and_b32 exec_lo, exec_lo, vcc_lo                         // 0000000053CC: 8B7E6A7E
	s_cbranch_execz 5                                          // 0000000053D0: BFA50005 <occ_kernel+0x53e8>
	v_mov_b32_e32 v11, s45                                     // 0000000053D4: 7E16022D
	v_mov_b32_e32 v14, 0                                       // 0000000053D8: 7E1C0280
	ds_store_b32 v11, v14                                      // 0000000053DC: D8340000 00000E0B
	s_wait_dscnt 0x0                                           // 0000000053E4: BFC60000
	s_mov_b32 exec_lo, s49                                     // 0000000053E8: BEFE0031
	s_add_co_u32 s45, s46, 28                                  // 0000000053EC: 802D9C2E
	s_mov_b32 s49, exec_lo                                     // 0000000053F0: BEB1007E
	v_cmp_eq_u32_e32 vcc_lo, 0, v2                             // 0000000053F4: 7C940480
	s_and_b32 exec_lo, exec_lo, vcc_lo                         // 0000000053F8: 8B7E6A7E
	s_cbranch_execz 5                                          // 0000000053FC: BFA50005 <occ_kernel+0x5414>
	v_mov_b32_e32 v11, s45                                     // 000000005400: 7E16022D
	v_mov_b32_e32 v14, 0                                       // 000000005404: 7E1C0280
	ds_store_b32 v11, v14                                      // 000000005408: D8340000 00000E0B
	s_wait_dscnt 0x0                                           // 000000005410: BFC60000
	s_mov_b32 exec_lo, s49                                     // 000000005414: BEFE0031
	s_add_co_u32 s45, s46, 4                                   // 000000005418: 802D842E
	s_mov_b32 s49, exec_lo                                     // 00000000541C: BEB1007E
	v_cmp_eq_u32_e32 vcc_lo, 0, v2                             // 000000005420: 7C940480
	s_and_b32 exec_lo, exec_lo, vcc_lo                         // 000000005424: 8B7E6A7E
	s_cbranch_execz 5                                          // 000000005428: BFA50005 <occ_kernel+0x5440>
	v_mov_b32_e32 v11, s45                                     // 00000000542C: 7E16022D
	v_mov_b32_e32 v14, s44                                     // 000000005430: 7E1C022C
	ds_store_b32 v11, v14                                      // 000000005434: D8340000 00000E0B
	s_wait_dscnt 0x0                                           // 00000000543C: BFC60000
	s_mov_b32 exec_lo, s49                                     // 000000005440: BEFE0031
	v_mov_b32_e32 v11, 4                                       // 000000005444: 7E160284
	ds_load_b32 v14, v11                                       // 000000005448: D8D80000 0E00000B
	s_wait_dscnt 0x0                                           // 000000005450: BFC60000
	v_readfirstlane_b32 s44, v14                               // 000000005454: 7E58050E
	v_mov_b32_e32 v11, 0                                       // 000000005458: 7E160280
	ds_load_b32 v14, v11                                       // 00000000545C: D8D80000 0E00000B
	s_wait_dscnt 0x0                                           // 000000005464: BFC60000
	v_readfirstlane_b32 s45, v14                               // 000000005468: 7E5A050E
	s_cmp_ge_u32 s44, s45                                      // 00000000546C: BF092D2C
	s_cbranch_scc1 37                                          // 000000005470: BFA20025 <occ_kernel+0x5508>
	s_and_b32 s46, s44, 31                                     // 000000005474: 8B2E9F2C
	s_lshl_b32 s48, s46, 5                                     // 000000005478: 8430852E
	s_add_co_u32 s48, s48, 0x8200                              // 00000000547C: 8030FF30 00008200
	s_add_co_u32 s45, s48, 4                                   // 000000005484: 802D8430
	v_mov_b32_e32 v11, s45                                     // 000000005488: 7E16022D
	ds_load_b32 v14, v11                                       // 00000000548C: D8D80000 0E00000B
	s_wait_dscnt 0x0                                           // 000000005494: BFC60000
	v_readfirstlane_b32 s47, v14                               // 000000005498: 7E5E050E
	s_cmp_lg_u32 s47, s44                                      // 00000000549C: BF072C2F
	s_cbranch_scc1 25                                          // 0000000054A0: BFA20019 <occ_kernel+0x5508>
	s_add_co_u32 s45, s48, 8                                   // 0000000054A4: 802D8830
	v_mov_b32_e32 v11, s45                                     // 0000000054A8: 7E16022D
	ds_load_b32 v14, v11                                       // 0000000054AC: D8D80000 0E00000B
	s_wait_dscnt 0x0                                           // 0000000054B4: BFC60000
	v_readfirstlane_b32 s47, v14                               // 0000000054B8: 7E5E050E
	s_and_b32 s47, s47, -2.0                                   // 0000000054BC: 8B2FF52F
	s_cmp_lg_u32 s47, 0                                        // 0000000054C0: BF07802F
	s_cbranch_scc1 16                                          // 0000000054C4: BFA20010 <occ_kernel+0x5508>
	s_mov_b32 s49, exec_lo                                     // 0000000054C8: BEB1007E
	s_add_co_u32 s60, s44, 1                                   // 0000000054CC: 803C812C
	s_ctz_i32_b32 s60, s49                                     // 0000000054D0: BEBC0831
	v_cmp_eq_u32_e32 vcc_lo, s60, v2                           // 0000000054D4: 7C94043C
	s_add_co_u32 s60, s44, 1                                   // 0000000054D8: 803C812C
	s_and_b32 exec_lo, exec_lo, vcc_lo                         // 0000000054DC: 8B7E6A7E
	s_cbranch_execz 7                                          // 0000000054E0: BFA50007 <occ_kernel+0x5500>
	v_mov_b32_e32 v11, 4                                       // 0000000054E4: 7E160284
	v_mov_b32_e32 v14, s60                                     // 0000000054E8: 7E1C023C
	v_mov_b32_e32 v13, s44                                     // 0000000054EC: 7E1A022C
	ds_cmpstore_rtn_b32 v13, v11, v14, v13                     // 0000000054F0: D8C00000 0D0D0E0B
	s_wait_dscnt 0x0                                           // 0000000054F8: BFC60000
	v_readfirstlane_b32 s60, v13                               // 0000000054FC: 7E78050D
	s_mov_b32 exec_lo, s49                                     // 000000005500: BEFE0031
	s_branch 65487                                             // 000000005504: BFA0FFCF <occ_kernel+0x5444>
	v_mov_b32_e32 v11, 8                                       // 000000005508: 7E160288
	ds_load_b32 v14, v11                                       // 00000000550C: D8D80000 0E00000B
	s_wait_dscnt 0x0                                           // 000000005514: BFC60000
	v_readfirstlane_b32 s20, v14                               // 000000005518: 7E28050E
	v_mov_b32_e32 v11, 4                                       // 00000000551C: 7E160284
	ds_load_b32 v14, v11                                       // 000000005520: D8D80000 0E00000B
	s_wait_dscnt 0x0                                           // 000000005528: BFC60000
	v_readfirstlane_b32 s21, v14                               // 00000000552C: 7E2A050E
	s_cmp_ge_u32 s20, s21                                      // 000000005530: BF091514
	s_cbranch_scc1 36                                          // 000000005534: BFA20024 <occ_kernel+0x55c8>
	s_and_b32 s22, s20, 31                                     // 000000005538: 8B169F14
	s_lshl_b32 s22, s22, 5                                     // 00000000553C: 84168516
	s_add_co_u32 s22, s22, 0x8200                              // 000000005540: 8016FF16 00008200
	s_add_co_u32 s23, s22, 4                                   // 000000005548: 80178416
	v_mov_b32_e32 v11, s23                                     // 00000000554C: 7E160217
	ds_load_b32 v14, v11                                       // 000000005550: D8D80000 0E00000B
	s_wait_dscnt 0x0                                           // 000000005558: BFC60000
	v_readfirstlane_b32 s23, v14                               // 00000000555C: 7E2E050E
	s_cmp_lg_u32 s23, s20                                      // 000000005560: BF071417
	s_cbranch_scc1 24                                          // 000000005564: BFA20018 <occ_kernel+0x55c8>
	s_add_co_u32 s23, s22, 12                                  // 000000005568: 80178C16
	v_mov_b32_e32 v11, s23                                     // 00000000556C: 7E160217
	ds_load_b32 v14, v11                                       // 000000005570: D8D80000 0E00000B
	s_wait_dscnt 0x0                                           // 000000005578: BFC60000
	v_readfirstlane_b32 s23, v14                               // 00000000557C: 7E2E050E
	s_cmp_lt_u32 s23, 4                                        // 000000005580: BF0A8417
	s_cbranch_scc1 16                                          // 000000005584: BFA20010 <occ_kernel+0x55c8>
	s_mov_b32 s49, exec_lo                                     // 000000005588: BEB1007E
	s_add_co_u32 s60, s20, 1                                   // 00000000558C: 803C8114
	s_ctz_i32_b32 s60, s49                                     // 000000005590: BEBC0831
	v_cmp_eq_u32_e32 vcc_lo, s60, v2                           // 000000005594: 7C94043C
	s_add_co_u32 s60, s20, 1                                   // 000000005598: 803C8114
	s_and_b32 exec_lo, exec_lo, vcc_lo                         // 00000000559C: 8B7E6A7E
	s_cbranch_execz 7                                          // 0000000055A0: BFA50007 <occ_kernel+0x55c0>
	v_mov_b32_e32 v11, 8                                       // 0000000055A4: 7E160288
	v_mov_b32_e32 v14, s60                                     // 0000000055A8: 7E1C023C
	v_mov_b32_e32 v13, s20                                     // 0000000055AC: 7E1A0214
	ds_cmpstore_rtn_b32 v13, v11, v14, v13                     // 0000000055B0: D8C00000 0D0D0E0B
	s_wait_dscnt 0x0                                           // 0000000055B8: BFC60000
	v_readfirstlane_b32 s60, v13                               // 0000000055BC: 7E78050D
	s_mov_b32 exec_lo, s49                                     // 0000000055C0: BEFE0031
	s_branch 65488                                             // 0000000055C4: BFA0FFD0 <occ_kernel+0x5508>
	s_branch 63172                                             // 0000000055C8: BFA0F6C4 <occ_kernel+0x30dc>
	s_lshr_b32 s41, s52, 28                                    // 0000000055CC: 85299C34
	s_min_u32 s41, s41, 1                                      // 0000000055D0: 89A98129
	s_and_b32 s17, s52, 0xfffffff                              // 0000000055D4: 8B11FF34 0FFFFFFF
	s_and_b32 s31, s17, s67                                    // 0000000055DC: 8B1F4311
	s_lshr_b32 s18, s17, s68                                   // 0000000055E0: 85124411
	s_sub_co_u32 s36, s11, 1                                   // 0000000055E4: 80A4810B
	s_min_u32 s18, s18, s36                                    // 0000000055E8: 89922412
	s_mul_hi_u32 s19, s18, s12                                 // 0000000055EC: 96930C12
	s_mul_i32 s36, s19, s13                                    // 0000000055F0: 96240D13
	s_sub_co_u32 s30, s18, s36                                 // 0000000055F4: 809E2412
	s_and_b32 s46, s44, 31                                     // 0000000055F8: 8B2E9F2C
	s_lshl_b32 s46, s46, 5                                     // 0000000055FC: 842E852E
	s_add_co_u32 s46, s46, 0x8200                              // 000000005600: 802EFF2E 00008200
	s_add_co_u32 s45, s46, 8                                   // 000000005608: 802D882E
	s_mov_b32 s49, exec_lo                                     // 00000000560C: BEB1007E
	v_cmp_eq_u32_e32 vcc_lo, 0, v2                             // 000000005610: 7C940480
	s_and_b32 exec_lo, exec_lo, vcc_lo                         // 000000005614: 8B7E6A7E
	s_cbranch_execz 5                                          // 000000005618: BFA50005 <occ_kernel+0x5630>
	v_mov_b32_e32 v11, s45                                     // 00000000561C: 7E16022D
	v_mov_b32_e32 v14, 4                                       // 000000005620: 7E1C0284
	ds_store_b32 v11, v14                                      // 000000005624: D8340000 00000E0B
	s_wait_dscnt 0x0                                           // 00000000562C: BFC60000
	s_mov_b32 exec_lo, s49                                     // 000000005630: BEFE0031
	s_add_co_u32 s45, s46, 12                                  // 000000005634: 802D8C2E
	s_mov_b32 s49, exec_lo                                     // 000000005638: BEB1007E
	v_cmp_eq_u32_e32 vcc_lo, 0, v2                             // 00000000563C: 7C940480
	s_and_b32 exec_lo, exec_lo, vcc_lo                         // 000000005640: 8B7E6A7E
	s_cbranch_execz 5                                          // 000000005644: BFA50005 <occ_kernel+0x565c>
	v_mov_b32_e32 v11, s45                                     // 000000005648: 7E16022D
	v_mov_b32_e32 v14, 4                                       // 00000000564C: 7E1C0284
	ds_store_b32 v11, v14                                      // 000000005650: D8340000 00000E0B
	s_wait_dscnt 0x0                                           // 000000005658: BFC60000
	s_mov_b32 exec_lo, s49                                     // 00000000565C: BEFE0031
	s_add_co_u32 s45, s46, 16                                  // 000000005660: 802D902E
	s_mov_b32 s49, exec_lo                                     // 000000005664: BEB1007E
	v_cmp_eq_u32_e32 vcc_lo, 0, v2                             // 000000005668: 7C940480
	s_and_b32 exec_lo, exec_lo, vcc_lo                         // 00000000566C: 8B7E6A7E
	s_cbranch_execz 5                                          // 000000005670: BFA50005 <occ_kernel+0x5688>
	v_mov_b32_e32 v11, s45                                     // 000000005674: 7E16022D
	v_mov_b32_e32 v14, 4                                       // 000000005678: 7E1C0284
	ds_store_b32 v11, v14                                      // 00000000567C: D8340000 00000E0B
	s_wait_dscnt 0x0                                           // 000000005684: BFC60000
	s_mov_b32 exec_lo, s49                                     // 000000005688: BEFE0031
	s_add_co_u32 s45, s46, 20                                  // 00000000568C: 802D942E
	s_mov_b32 s49, exec_lo                                     // 000000005690: BEB1007E
	v_cmp_eq_u32_e32 vcc_lo, 0, v2                             // 000000005694: 7C940480
	s_and_b32 exec_lo, exec_lo, vcc_lo                         // 000000005698: 8B7E6A7E
	s_cbranch_execz 5                                          // 00000000569C: BFA50005 <occ_kernel+0x56b4>
	v_mov_b32_e32 v11, s45                                     // 0000000056A0: 7E16022D
	v_mov_b32_e32 v14, 4                                       // 0000000056A4: 7E1C0284
	ds_store_b32 v11, v14                                      // 0000000056A8: D8340000 00000E0B
	s_wait_dscnt 0x0                                           // 0000000056B0: BFC60000
	s_mov_b32 exec_lo, s49                                     // 0000000056B4: BEFE0031
	s_add_co_u32 s45, s46, 24                                  // 0000000056B8: 802D982E
	s_mov_b32 s49, exec_lo                                     // 0000000056BC: BEB1007E
	v_cmp_eq_u32_e32 vcc_lo, 0, v2                             // 0000000056C0: 7C940480
	s_and_b32 exec_lo, exec_lo, vcc_lo                         // 0000000056C4: 8B7E6A7E
	s_cbranch_execz 5                                          // 0000000056C8: BFA50005 <occ_kernel+0x56e0>
	v_mov_b32_e32 v11, s45                                     // 0000000056CC: 7E16022D
	v_mov_b32_e32 v14, 8                                       // 0000000056D0: 7E1C0288
	ds_store_b32 v11, v14                                      // 0000000056D4: D8340000 00000E0B
	s_wait_dscnt 0x0                                           // 0000000056DC: BFC60000
	s_mov_b32 exec_lo, s49                                     // 0000000056E0: BEFE0031
	s_add_co_u32 s45, s46, 28                                  // 0000000056E4: 802D9C2E
	s_mov_b32 s49, exec_lo                                     // 0000000056E8: BEB1007E
	v_cmp_eq_u32_e32 vcc_lo, 0, v2                             // 0000000056EC: 7C940480
	s_and_b32 exec_lo, exec_lo, vcc_lo                         // 0000000056F0: 8B7E6A7E
	s_cbranch_execz 5                                          // 0000000056F4: BFA50005 <occ_kernel+0x570c>
	v_mov_b32_e32 v11, s45                                     // 0000000056F8: 7E16022D
	v_mov_b32_e32 v14, 8                                       // 0000000056FC: 7E1C0288
	ds_store_b32 v11, v14                                      // 000000005700: D8340000 00000E0B
	s_wait_dscnt 0x0                                           // 000000005708: BFC60000
	s_mov_b32 exec_lo, s49                                     // 00000000570C: BEFE0031
	s_add_co_u32 s45, s46, 0                                   // 000000005710: 802D802E
	s_mov_b32 s49, exec_lo                                     // 000000005714: BEB1007E
	v_cmp_eq_u32_e32 vcc_lo, 0, v2                             // 000000005718: 7C940480
	s_and_b32 exec_lo, exec_lo, vcc_lo                         // 00000000571C: 8B7E6A7E
	s_cbranch_execz 5                                          // 000000005720: BFA50005 <occ_kernel+0x5738>
	v_mov_b32_e32 v11, s45                                     // 000000005724: 7E16022D
	v_mov_b32_e32 v14, 0                                       // 000000005728: 7E1C0280
	ds_store_b32 v11, v14                                      // 00000000572C: D8340000 00000E0B
	s_wait_dscnt 0x0                                           // 000000005734: BFC60000
	s_mov_b32 exec_lo, s49                                     // 000000005738: BEFE0031
	s_add_co_u32 s45, s46, 4                                   // 00000000573C: 802D842E
	s_mov_b32 s49, exec_lo                                     // 000000005740: BEB1007E
	v_cmp_eq_u32_e32 vcc_lo, 0, v2                             // 000000005744: 7C940480
	s_and_b32 exec_lo, exec_lo, vcc_lo                         // 000000005748: 8B7E6A7E
	s_cbranch_execz 5                                          // 00000000574C: BFA50005 <occ_kernel+0x5764>
	v_mov_b32_e32 v11, s45                                     // 000000005750: 7E16022D
	v_mov_b32_e32 v14, s44                                     // 000000005754: 7E1C022C
	ds_store_b32 v11, v14                                      // 000000005758: D8340000 00000E0B
	s_wait_dscnt 0x0                                           // 000000005760: BFC60000
	s_mov_b32 exec_lo, s49                                     // 000000005764: BEFE0031
	v_mov_b32_e32 v11, 4                                       // 000000005768: 7E160284
	ds_load_b32 v14, v11                                       // 00000000576C: D8D80000 0E00000B
	s_wait_dscnt 0x0                                           // 000000005774: BFC60000
	v_readfirstlane_b32 s44, v14                               // 000000005778: 7E58050E
	v_mov_b32_e32 v11, 0                                       // 00000000577C: 7E160280
	ds_load_b32 v14, v11                                       // 000000005780: D8D80000 0E00000B
	s_wait_dscnt 0x0                                           // 000000005788: BFC60000
	v_readfirstlane_b32 s45, v14                               // 00000000578C: 7E5A050E
	s_cmp_ge_u32 s44, s45                                      // 000000005790: BF092D2C
	s_cbranch_scc1 37                                          // 000000005794: BFA20025 <occ_kernel+0x582c>
	s_and_b32 s46, s44, 31                                     // 000000005798: 8B2E9F2C
	s_lshl_b32 s48, s46, 5                                     // 00000000579C: 8430852E
	s_add_co_u32 s48, s48, 0x8200                              // 0000000057A0: 8030FF30 00008200
	s_add_co_u32 s45, s48, 4                                   // 0000000057A8: 802D8430
	v_mov_b32_e32 v11, s45                                     // 0000000057AC: 7E16022D
	ds_load_b32 v14, v11                                       // 0000000057B0: D8D80000 0E00000B
	s_wait_dscnt 0x0                                           // 0000000057B8: BFC60000
	v_readfirstlane_b32 s47, v14                               // 0000000057BC: 7E5E050E
	s_cmp_lg_u32 s47, s44                                      // 0000000057C0: BF072C2F
	s_cbranch_scc1 25                                          // 0000000057C4: BFA20019 <occ_kernel+0x582c>
	s_add_co_u32 s45, s48, 8                                   // 0000000057C8: 802D8830
	v_mov_b32_e32 v11, s45                                     // 0000000057CC: 7E16022D
	ds_load_b32 v14, v11                                       // 0000000057D0: D8D80000 0E00000B
	s_wait_dscnt 0x0                                           // 0000000057D8: BFC60000
	v_readfirstlane_b32 s47, v14                               // 0000000057DC: 7E5E050E
	s_and_b32 s47, s47, -2.0                                   // 0000000057E0: 8B2FF52F
	s_cmp_lg_u32 s47, 0                                        // 0000000057E4: BF07802F
	s_cbranch_scc1 16                                          // 0000000057E8: BFA20010 <occ_kernel+0x582c>
	s_mov_b32 s49, exec_lo                                     // 0000000057EC: BEB1007E
	s_add_co_u32 s60, s44, 1                                   // 0000000057F0: 803C812C
	s_ctz_i32_b32 s60, s49                                     // 0000000057F4: BEBC0831
	v_cmp_eq_u32_e32 vcc_lo, s60, v2                           // 0000000057F8: 7C94043C
	s_add_co_u32 s60, s44, 1                                   // 0000000057FC: 803C812C
	s_and_b32 exec_lo, exec_lo, vcc_lo                         // 000000005800: 8B7E6A7E
	s_cbranch_execz 7                                          // 000000005804: BFA50007 <occ_kernel+0x5824>
	v_mov_b32_e32 v11, 4                                       // 000000005808: 7E160284
	v_mov_b32_e32 v14, s60                                     // 00000000580C: 7E1C023C
	v_mov_b32_e32 v13, s44                                     // 000000005810: 7E1A022C
	ds_cmpstore_rtn_b32 v13, v11, v14, v13                     // 000000005814: D8C00000 0D0D0E0B
	s_wait_dscnt 0x0                                           // 00000000581C: BFC60000
	v_readfirstlane_b32 s60, v13                               // 000000005820: 7E78050D
	s_mov_b32 exec_lo, s49                                     // 000000005824: BEFE0031
	s_branch 65487                                             // 000000005828: BFA0FFCF <occ_kernel+0x5768>
	v_mov_b32_e32 v11, 8                                       // 00000000582C: 7E160288
	ds_load_b32 v14, v11                                       // 000000005830: D8D80000 0E00000B
	s_wait_dscnt 0x0                                           // 000000005838: BFC60000
	v_readfirstlane_b32 s20, v14                               // 00000000583C: 7E28050E
	v_mov_b32_e32 v11, 4                                       // 000000005840: 7E160284
	ds_load_b32 v14, v11                                       // 000000005844: D8D80000 0E00000B
	s_wait_dscnt 0x0                                           // 00000000584C: BFC60000
	v_readfirstlane_b32 s21, v14                               // 000000005850: 7E2A050E
	s_cmp_ge_u32 s20, s21                                      // 000000005854: BF091514
	s_cbranch_scc1 36                                          // 000000005858: BFA20024 <occ_kernel+0x58ec>
	s_and_b32 s22, s20, 31                                     // 00000000585C: 8B169F14
	s_lshl_b32 s22, s22, 5                                     // 000000005860: 84168516
	s_add_co_u32 s22, s22, 0x8200                              // 000000005864: 8016FF16 00008200
	s_add_co_u32 s23, s22, 4                                   // 00000000586C: 80178416
	v_mov_b32_e32 v11, s23                                     // 000000005870: 7E160217
	ds_load_b32 v14, v11                                       // 000000005874: D8D80000 0E00000B
	s_wait_dscnt 0x0                                           // 00000000587C: BFC60000
	v_readfirstlane_b32 s23, v14                               // 000000005880: 7E2E050E
	s_cmp_lg_u32 s23, s20                                      // 000000005884: BF071417
	s_cbranch_scc1 24                                          // 000000005888: BFA20018 <occ_kernel+0x58ec>
	s_add_co_u32 s23, s22, 12                                  // 00000000588C: 80178C16
	v_mov_b32_e32 v11, s23                                     // 000000005890: 7E160217
	ds_load_b32 v14, v11                                       // 000000005894: D8D80000 0E00000B
	s_wait_dscnt 0x0                                           // 00000000589C: BFC60000
	v_readfirstlane_b32 s23, v14                               // 0000000058A0: 7E2E050E
	s_cmp_lt_u32 s23, 4                                        // 0000000058A4: BF0A8417
	s_cbranch_scc1 16                                          // 0000000058A8: BFA20010 <occ_kernel+0x58ec>
	s_mov_b32 s49, exec_lo                                     // 0000000058AC: BEB1007E
	s_add_co_u32 s60, s20, 1                                   // 0000000058B0: 803C8114
	s_ctz_i32_b32 s60, s49                                     // 0000000058B4: BEBC0831
	v_cmp_eq_u32_e32 vcc_lo, s60, v2                           // 0000000058B8: 7C94043C
	s_add_co_u32 s60, s20, 1                                   // 0000000058BC: 803C8114
	s_and_b32 exec_lo, exec_lo, vcc_lo                         // 0000000058C0: 8B7E6A7E
	s_cbranch_execz 7                                          // 0000000058C4: BFA50007 <occ_kernel+0x58e4>
	v_mov_b32_e32 v11, 8                                       // 0000000058C8: 7E160288
	v_mov_b32_e32 v14, s60                                     // 0000000058CC: 7E1C023C
	v_mov_b32_e32 v13, s20                                     // 0000000058D0: 7E1A0214
	ds_cmpstore_rtn_b32 v13, v11, v14, v13                     // 0000000058D4: D8C00000 0D0D0E0B
	s_wait_dscnt 0x0                                           // 0000000058DC: BFC60000
	v_readfirstlane_b32 s60, v13                               // 0000000058E0: 7E78050D
	s_mov_b32 exec_lo, s49                                     // 0000000058E4: BEFE0031
	s_branch 65488                                             // 0000000058E8: BFA0FFD0 <occ_kernel+0x582c>
	s_mov_b32 s33, 0                                           // 0000000058EC: BEA10080
	v_mov_b32_e32 v32, 0                                       // 0000000058F0: 7E400280
	v_mov_b32_e32 v33, 0                                       // 0000000058F4: 7E420280
	v_mov_b32_e32 v34, 0                                       // 0000000058F8: 7E440280
	v_mov_b32_e32 v35, 0                                       // 0000000058FC: 7E460280
	v_mov_b32_e32 v36, 0                                       // 000000005900: 7E480280
	v_mov_b32_e32 v37, 0                                       // 000000005904: 7E4A0280
	v_mov_b32_e32 v38, 0                                       // 000000005908: 7E4C0280
	v_mov_b32_e32 v39, 0                                       // 00000000590C: 7E4E0280
	v_mov_b32_e32 v40, 0                                       // 000000005910: 7E500280
	v_mov_b32_e32 v41, 0                                       // 000000005914: 7E520280
	v_mov_b32_e32 v42, 0                                       // 000000005918: 7E540280
	v_mov_b32_e32 v43, 0                                       // 00000000591C: 7E560280
	v_mov_b32_e32 v44, 0                                       // 000000005920: 7E580280
	v_mov_b32_e32 v45, 0                                       // 000000005924: 7E5A0280
	v_mov_b32_e32 v46, 0                                       // 000000005928: 7E5C0280
	v_mov_b32_e32 v47, 0                                       // 00000000592C: 7E5E0280
	v_mov_b32_e32 v48, 0                                       // 000000005930: 7E600280
	v_mov_b32_e32 v49, 0                                       // 000000005934: 7E620280
	v_mov_b32_e32 v50, 0                                       // 000000005938: 7E640280
	v_mov_b32_e32 v51, 0                                       // 00000000593C: 7E660280
	v_mov_b32_e32 v52, 0                                       // 000000005940: 7E680280
	v_mov_b32_e32 v53, 0                                       // 000000005944: 7E6A0280
	v_mov_b32_e32 v54, 0                                       // 000000005948: 7E6C0280
	v_mov_b32_e32 v55, 0                                       // 00000000594C: 7E6E0280
	v_mov_b32_e32 v56, 0                                       // 000000005950: 7E700280
	v_mov_b32_e32 v57, 0                                       // 000000005954: 7E720280
	v_mov_b32_e32 v58, 0                                       // 000000005958: 7E740280
	v_mov_b32_e32 v59, 0                                       // 00000000595C: 7E760280
	v_mov_b32_e32 v60, 0                                       // 000000005960: 7E780280
	v_mov_b32_e32 v61, 0                                       // 000000005964: 7E7A0280
	v_mov_b32_e32 v62, 0                                       // 000000005968: 7E7C0280
	v_mov_b32_e32 v63, 0                                       // 00000000596C: 7E7E0280
	v_mov_b32_e32 v64, 0                                       // 000000005970: 7E800280
	v_mov_b32_e32 v65, 0                                       // 000000005974: 7E820280
	v_mov_b32_e32 v66, 0                                       // 000000005978: 7E840280
	v_mov_b32_e32 v67, 0                                       // 00000000597C: 7E860280
	v_mov_b32_e32 v68, 0                                       // 000000005980: 7E880280
	v_mov_b32_e32 v69, 0                                       // 000000005984: 7E8A0280
	v_mov_b32_e32 v70, 0                                       // 000000005988: 7E8C0280
	v_mov_b32_e32 v71, 0                                       // 00000000598C: 7E8E0280
	v_mov_b32_e32 v72, 0                                       // 000000005990: 7E900280
	v_mov_b32_e32 v73, 0                                       // 000000005994: 7E920280
	v_mov_b32_e32 v74, 0                                       // 000000005998: 7E940280
	v_mov_b32_e32 v75, 0                                       // 00000000599C: 7E960280
	v_mov_b32_e32 v76, 0                                       // 0000000059A0: 7E980280
	v_mov_b32_e32 v77, 0                                       // 0000000059A4: 7E9A0280
	v_mov_b32_e32 v78, 0                                       // 0000000059A8: 7E9C0280
	v_mov_b32_e32 v79, 0                                       // 0000000059AC: 7E9E0280
	v_mov_b32_e32 v80, 0                                       // 0000000059B0: 7EA00280
	v_mov_b32_e32 v81, 0                                       // 0000000059B4: 7EA20280
	v_mov_b32_e32 v82, 0                                       // 0000000059B8: 7EA40280
	v_mov_b32_e32 v83, 0                                       // 0000000059BC: 7EA60280
	v_mov_b32_e32 v84, 0                                       // 0000000059C0: 7EA80280
	v_mov_b32_e32 v85, 0                                       // 0000000059C4: 7EAA0280
	v_mov_b32_e32 v86, 0                                       // 0000000059C8: 7EAC0280
	v_mov_b32_e32 v87, 0                                       // 0000000059CC: 7EAE0280
	v_mov_b32_e32 v88, 0                                       // 0000000059D0: 7EB00280
	v_mov_b32_e32 v89, 0                                       // 0000000059D4: 7EB20280
	v_mov_b32_e32 v90, 0                                       // 0000000059D8: 7EB40280
	v_mov_b32_e32 v91, 0                                       // 0000000059DC: 7EB60280
	v_mov_b32_e32 v92, 0                                       // 0000000059E0: 7EB80280
	v_mov_b32_e32 v93, 0                                       // 0000000059E4: 7EBA0280
	v_mov_b32_e32 v94, 0                                       // 0000000059E8: 7EBC0280
	v_mov_b32_e32 v95, 0                                       // 0000000059EC: 7EBE0280
	s_mul_i32 s20, s30, s14                                    // 0000000059F0: 96140E1E
	s_mul_i32 s21, s31, 16                                     // 0000000059F4: 9615901F
	s_mul_hi_u32 s25, s21, s10                                 // 0000000059F8: 96990A15
	s_mul_i32 s21, s21, s10                                    // 0000000059FC: 96150A15
	s_add_co_u32 s20, s20, s21                                 // 000000005A00: 80141514
	s_add_co_ci_u32 s25, s25, 0                                // 000000005A04: 82198019
	s_add_co_u32 s52, s4, s20                                  // 000000005A08: 80341404
	s_add_co_ci_u32 s53, s5, s25                               // 000000005A0C: 82351905
	s_mul_i32 s42, s41, 4                                      // 000000005A10: 962A8429
	s_add_co_u32 s42, s42, s33                                 // 000000005A14: 802A212A
	s_mul_i32 s36, s19, 8                                      // 000000005A18: 96248813
	s_add_co_u32 s36, s36, s42                                 // 000000005A1C: 80242A24
	s_mul_i32 s22, s36, 32                                     // 000000005A20: 9616A024
	s_mul_i32 s22, s22, s9                                     // 000000005A24: 96160916
	s_mul_i32 s25, s31, 0x100                                  // 000000005A28: 9619FF1F 00000100
	s_add_co_u32 s22, s22, s25                                 // 000000005A30: 80161916
	s_add_co_u32 s56, s2, s22                                  // 000000005A34: 80381602
	s_add_co_ci_u32 s57, s3, 0                                 // 000000005A38: 82398003
	s_lshl_b32 s32, s9, 4                                      // 000000005A3C: 84208409
	s_add_co_u32 s54, s56, s32                                 // 000000005A40: 80362038
	s_add_co_ci_u32 s55, s57, 0                                // 000000005A44: 82378039
	global_load_tr_b64 v[100:101], v9, s[52:53]                // 000000005A48: EE160034 00000064 00000009
	global_load_tr_b64 v[102:103], v9, s[52:53] offset:256     // 000000005A54: EE160034 00000066 00010009
	global_load_tr_b64 v[104:105], v9, s[52:53] offset:512     // 000000005A60: EE160034 00000068 00020009
	global_load_tr_b64 v[106:107], v9, s[52:53] offset:768     // 000000005A6C: EE160034 0000006A 00030009
	global_load_b64 v[96:97], v8, s[56:57]                     // 000000005A78: EE054038 00000060 00000008
	global_load_b64 v[98:99], v8, s[54:55]                     // 000000005A84: EE054036 00000062 00000008
	s_wait_loadcnt 0x0                                         // 000000005A90: BFC00000
	v_wmma_f32_16x16x16_fp8_fp8 v[32:39], v[96:97], v[100:101], v[32:39]// 000000005A94: CC464020 1C82C960
	v_wmma_f32_16x16x16_fp8_fp8 v[40:47], v[96:97], v[102:103], v[40:47]// 000000005A9C: CC464028 1CA2CD60
	v_wmma_f32_16x16x16_fp8_fp8 v[48:55], v[96:97], v[104:105], v[48:55]// 000000005AA4: CC464030 1CC2D160
	v_wmma_f32_16x16x16_fp8_fp8 v[56:63], v[96:97], v[106:107], v[56:63]// 000000005AAC: CC464038 1CE2D560
	v_wmma_f32_16x16x16_fp8_fp8 v[64:71], v[98:99], v[100:101], v[64:71]// 000000005AB4: CC464040 1D02C962
	v_wmma_f32_16x16x16_fp8_fp8 v[72:79], v[98:99], v[102:103], v[72:79]// 000000005ABC: CC464048 1D22CD62
	v_wmma_f32_16x16x16_fp8_fp8 v[80:87], v[98:99], v[104:105], v[80:87]// 000000005AC4: CC464050 1D42D162
	v_wmma_f32_16x16x16_fp8_fp8 v[88:95], v[98:99], v[106:107], v[88:95]// 000000005ACC: CC464058 1D62D562
	s_add_co_u32 s52, s52, s10                                 // 000000005AD4: 80340A34
	s_add_co_ci_u32 s53, s53, 0                                // 000000005AD8: 82358035
	global_load_tr_b64 v[100:101], v9, s[52:53]                // 000000005ADC: EE160034 00000064 00000009
	global_load_tr_b64 v[102:103], v9, s[52:53] offset:256     // 000000005AE8: EE160034 00000066 00010009
	global_load_tr_b64 v[104:105], v9, s[52:53] offset:512     // 000000005AF4: EE160034 00000068 00020009
	global_load_tr_b64 v[106:107], v9, s[52:53] offset:768     // 000000005B00: EE160034 0000006A 00030009
	global_load_b64 v[96:97], v8, s[56:57] offset:16           // 000000005B0C: EE054038 00000060 00001008
	global_load_b64 v[98:99], v8, s[54:55] offset:16           // 000000005B18: EE054036 00000062 00001008
	s_wait_loadcnt 0x0                                         // 000000005B24: BFC00000
	v_wmma_f32_16x16x16_fp8_fp8 v[32:39], v[96:97], v[100:101], v[32:39]// 000000005B28: CC464020 1C82C960
	v_wmma_f32_16x16x16_fp8_fp8 v[40:47], v[96:97], v[102:103], v[40:47]// 000000005B30: CC464028 1CA2CD60
	v_wmma_f32_16x16x16_fp8_fp8 v[48:55], v[96:97], v[104:105], v[48:55]// 000000005B38: CC464030 1CC2D160
	v_wmma_f32_16x16x16_fp8_fp8 v[56:63], v[96:97], v[106:107], v[56:63]// 000000005B40: CC464038 1CE2D560
	v_wmma_f32_16x16x16_fp8_fp8 v[64:71], v[98:99], v[100:101], v[64:71]// 000000005B48: CC464040 1D02C962
	v_wmma_f32_16x16x16_fp8_fp8 v[72:79], v[98:99], v[102:103], v[72:79]// 000000005B50: CC464048 1D22CD62
	v_wmma_f32_16x16x16_fp8_fp8 v[80:87], v[98:99], v[104:105], v[80:87]// 000000005B58: CC464050 1D42D162
	v_wmma_f32_16x16x16_fp8_fp8 v[88:95], v[98:99], v[106:107], v[88:95]// 000000005B60: CC464058 1D62D562
	s_add_co_u32 s52, s52, s10                                 // 000000005B68: 80340A34
	s_add_co_ci_u32 s53, s53, 0                                // 000000005B6C: 82358035
	global_load_tr_b64 v[100:101], v9, s[52:53]                // 000000005B70: EE160034 00000064 00000009
	global_load_tr_b64 v[102:103], v9, s[52:53] offset:256     // 000000005B7C: EE160034 00000066 00010009
	global_load_tr_b64 v[104:105], v9, s[52:53] offset:512     // 000000005B88: EE160034 00000068 00020009
	global_load_tr_b64 v[106:107], v9, s[52:53] offset:768     // 000000005B94: EE160034 0000006A 00030009
	global_load_b64 v[96:97], v8, s[56:57] offset:32           // 000000005BA0: EE054038 00000060 00002008
	global_load_b64 v[98:99], v8, s[54:55] offset:32           // 000000005BAC: EE054036 00000062 00002008
	s_wait_loadcnt 0x0                                         // 000000005BB8: BFC00000
	v_wmma_f32_16x16x16_fp8_fp8 v[32:39], v[96:97], v[100:101], v[32:39]// 000000005BBC: CC464020 1C82C960
	v_wmma_f32_16x16x16_fp8_fp8 v[40:47], v[96:97], v[102:103], v[40:47]// 000000005BC4: CC464028 1CA2CD60
	v_wmma_f32_16x16x16_fp8_fp8 v[48:55], v[96:97], v[104:105], v[48:55]// 000000005BCC: CC464030 1CC2D160
	v_wmma_f32_16x16x16_fp8_fp8 v[56:63], v[96:97], v[106:107], v[56:63]// 000000005BD4: CC464038 1CE2D560
	v_wmma_f32_16x16x16_fp8_fp8 v[64:71], v[98:99], v[100:101], v[64:71]// 000000005BDC: CC464040 1D02C962
	v_wmma_f32_16x16x16_fp8_fp8 v[72:79], v[98:99], v[102:103], v[72:79]// 000000005BE4: CC464048 1D22CD62
	v_wmma_f32_16x16x16_fp8_fp8 v[80:87], v[98:99], v[104:105], v[80:87]// 000000005BEC: CC464050 1D42D162
	v_wmma_f32_16x16x16_fp8_fp8 v[88:95], v[98:99], v[106:107], v[88:95]// 000000005BF4: CC464058 1D62D562
	s_add_co_u32 s52, s52, s10                                 // 000000005BFC: 80340A34
	s_add_co_ci_u32 s53, s53, 0                                // 000000005C00: 82358035
	global_load_tr_b64 v[100:101], v9, s[52:53]                // 000000005C04: EE160034 00000064 00000009
	global_load_tr_b64 v[102:103], v9, s[52:53] offset:256     // 000000005C10: EE160034 00000066 00010009
	global_load_tr_b64 v[104:105], v9, s[52:53] offset:512     // 000000005C1C: EE160034 00000068 00020009
	global_load_tr_b64 v[106:107], v9, s[52:53] offset:768     // 000000005C28: EE160034 0000006A 00030009
	global_load_b64 v[96:97], v8, s[56:57] offset:48           // 000000005C34: EE054038 00000060 00003008
	global_load_b64 v[98:99], v8, s[54:55] offset:48           // 000000005C40: EE054036 00000062 00003008
	s_wait_loadcnt 0x0                                         // 000000005C4C: BFC00000
	v_wmma_f32_16x16x16_fp8_fp8 v[32:39], v[96:97], v[100:101], v[32:39]// 000000005C50: CC464020 1C82C960
	v_wmma_f32_16x16x16_fp8_fp8 v[40:47], v[96:97], v[102:103], v[40:47]// 000000005C58: CC464028 1CA2CD60
	v_wmma_f32_16x16x16_fp8_fp8 v[48:55], v[96:97], v[104:105], v[48:55]// 000000005C60: CC464030 1CC2D160
	v_wmma_f32_16x16x16_fp8_fp8 v[56:63], v[96:97], v[106:107], v[56:63]// 000000005C68: CC464038 1CE2D560
	v_wmma_f32_16x16x16_fp8_fp8 v[64:71], v[98:99], v[100:101], v[64:71]// 000000005C70: CC464040 1D02C962
	v_wmma_f32_16x16x16_fp8_fp8 v[72:79], v[98:99], v[102:103], v[72:79]// 000000005C78: CC464048 1D22CD62
	v_wmma_f32_16x16x16_fp8_fp8 v[80:87], v[98:99], v[104:105], v[80:87]// 000000005C80: CC464050 1D42D162
	v_wmma_f32_16x16x16_fp8_fp8 v[88:95], v[98:99], v[106:107], v[88:95]// 000000005C88: CC464058 1D62D562
	s_add_co_u32 s52, s52, s10                                 // 000000005C90: 80340A34
	s_add_co_ci_u32 s53, s53, 0                                // 000000005C94: 82358035
	global_load_tr_b64 v[100:101], v9, s[52:53]                // 000000005C98: EE160034 00000064 00000009
	global_load_tr_b64 v[102:103], v9, s[52:53] offset:256     // 000000005CA4: EE160034 00000066 00010009
	global_load_tr_b64 v[104:105], v9, s[52:53] offset:512     // 000000005CB0: EE160034 00000068 00020009
	global_load_tr_b64 v[106:107], v9, s[52:53] offset:768     // 000000005CBC: EE160034 0000006A 00030009
	global_load_b64 v[96:97], v8, s[56:57] offset:64           // 000000005CC8: EE054038 00000060 00004008
	global_load_b64 v[98:99], v8, s[54:55] offset:64           // 000000005CD4: EE054036 00000062 00004008
	s_wait_loadcnt 0x0                                         // 000000005CE0: BFC00000
	v_wmma_f32_16x16x16_fp8_fp8 v[32:39], v[96:97], v[100:101], v[32:39]// 000000005CE4: CC464020 1C82C960
	v_wmma_f32_16x16x16_fp8_fp8 v[40:47], v[96:97], v[102:103], v[40:47]// 000000005CEC: CC464028 1CA2CD60
	v_wmma_f32_16x16x16_fp8_fp8 v[48:55], v[96:97], v[104:105], v[48:55]// 000000005CF4: CC464030 1CC2D160
	v_wmma_f32_16x16x16_fp8_fp8 v[56:63], v[96:97], v[106:107], v[56:63]// 000000005CFC: CC464038 1CE2D560
	v_wmma_f32_16x16x16_fp8_fp8 v[64:71], v[98:99], v[100:101], v[64:71]// 000000005D04: CC464040 1D02C962
	v_wmma_f32_16x16x16_fp8_fp8 v[72:79], v[98:99], v[102:103], v[72:79]// 000000005D0C: CC464048 1D22CD62
	v_wmma_f32_16x16x16_fp8_fp8 v[80:87], v[98:99], v[104:105], v[80:87]// 000000005D14: CC464050 1D42D162
	v_wmma_f32_16x16x16_fp8_fp8 v[88:95], v[98:99], v[106:107], v[88:95]// 000000005D1C: CC464058 1D62D562
	s_add_co_u32 s52, s52, s10                                 // 000000005D24: 80340A34
	s_add_co_ci_u32 s53, s53, 0                                // 000000005D28: 82358035
	global_load_tr_b64 v[100:101], v9, s[52:53]                // 000000005D2C: EE160034 00000064 00000009
	global_load_tr_b64 v[102:103], v9, s[52:53] offset:256     // 000000005D38: EE160034 00000066 00010009
	global_load_tr_b64 v[104:105], v9, s[52:53] offset:512     // 000000005D44: EE160034 00000068 00020009
	global_load_tr_b64 v[106:107], v9, s[52:53] offset:768     // 000000005D50: EE160034 0000006A 00030009
	global_load_b64 v[96:97], v8, s[56:57] offset:80           // 000000005D5C: EE054038 00000060 00005008
	global_load_b64 v[98:99], v8, s[54:55] offset:80           // 000000005D68: EE054036 00000062 00005008
	s_wait_loadcnt 0x0                                         // 000000005D74: BFC00000
	v_wmma_f32_16x16x16_fp8_fp8 v[32:39], v[96:97], v[100:101], v[32:39]// 000000005D78: CC464020 1C82C960
	v_wmma_f32_16x16x16_fp8_fp8 v[40:47], v[96:97], v[102:103], v[40:47]// 000000005D80: CC464028 1CA2CD60
	v_wmma_f32_16x16x16_fp8_fp8 v[48:55], v[96:97], v[104:105], v[48:55]// 000000005D88: CC464030 1CC2D160
	v_wmma_f32_16x16x16_fp8_fp8 v[56:63], v[96:97], v[106:107], v[56:63]// 000000005D90: CC464038 1CE2D560
	v_wmma_f32_16x16x16_fp8_fp8 v[64:71], v[98:99], v[100:101], v[64:71]// 000000005D98: CC464040 1D02C962
	v_wmma_f32_16x16x16_fp8_fp8 v[72:79], v[98:99], v[102:103], v[72:79]// 000000005DA0: CC464048 1D22CD62
	v_wmma_f32_16x16x16_fp8_fp8 v[80:87], v[98:99], v[104:105], v[80:87]// 000000005DA8: CC464050 1D42D162
	v_wmma_f32_16x16x16_fp8_fp8 v[88:95], v[98:99], v[106:107], v[88:95]// 000000005DB0: CC464058 1D62D562
	s_add_co_u32 s52, s52, s10                                 // 000000005DB8: 80340A34
	s_add_co_ci_u32 s53, s53, 0                                // 000000005DBC: 82358035
	global_load_tr_b64 v[100:101], v9, s[52:53]                // 000000005DC0: EE160034 00000064 00000009
	global_load_tr_b64 v[102:103], v9, s[52:53] offset:256     // 000000005DCC: EE160034 00000066 00010009
	global_load_tr_b64 v[104:105], v9, s[52:53] offset:512     // 000000005DD8: EE160034 00000068 00020009
	global_load_tr_b64 v[106:107], v9, s[52:53] offset:768     // 000000005DE4: EE160034 0000006A 00030009
	global_load_b64 v[96:97], v8, s[56:57] offset:96           // 000000005DF0: EE054038 00000060 00006008
	global_load_b64 v[98:99], v8, s[54:55] offset:96           // 000000005DFC: EE054036 00000062 00006008
	s_wait_loadcnt 0x0                                         // 000000005E08: BFC00000
	v_wmma_f32_16x16x16_fp8_fp8 v[32:39], v[96:97], v[100:101], v[32:39]// 000000005E0C: CC464020 1C82C960
	v_wmma_f32_16x16x16_fp8_fp8 v[40:47], v[96:97], v[102:103], v[40:47]// 000000005E14: CC464028 1CA2CD60
	v_wmma_f32_16x16x16_fp8_fp8 v[48:55], v[96:97], v[104:105], v[48:55]// 000000005E1C: CC464030 1CC2D160
	v_wmma_f32_16x16x16_fp8_fp8 v[56:63], v[96:97], v[106:107], v[56:63]// 000000005E24: CC464038 1CE2D560
	v_wmma_f32_16x16x16_fp8_fp8 v[64:71], v[98:99], v[100:101], v[64:71]// 000000005E2C: CC464040 1D02C962
	v_wmma_f32_16x16x16_fp8_fp8 v[72:79], v[98:99], v[102:103], v[72:79]// 000000005E34: CC464048 1D22CD62
	v_wmma_f32_16x16x16_fp8_fp8 v[80:87], v[98:99], v[104:105], v[80:87]// 000000005E3C: CC464050 1D42D162
	v_wmma_f32_16x16x16_fp8_fp8 v[88:95], v[98:99], v[106:107], v[88:95]// 000000005E44: CC464058 1D62D562
	s_add_co_u32 s52, s52, s10                                 // 000000005E4C: 80340A34
	s_add_co_ci_u32 s53, s53, 0                                // 000000005E50: 82358035
	global_load_tr_b64 v[100:101], v9, s[52:53]                // 000000005E54: EE160034 00000064 00000009
	global_load_tr_b64 v[102:103], v9, s[52:53] offset:256     // 000000005E60: EE160034 00000066 00010009
	global_load_tr_b64 v[104:105], v9, s[52:53] offset:512     // 000000005E6C: EE160034 00000068 00020009
	global_load_tr_b64 v[106:107], v9, s[52:53] offset:768     // 000000005E78: EE160034 0000006A 00030009
	global_load_b64 v[96:97], v8, s[56:57] offset:112          // 000000005E84: EE054038 00000060 00007008
	global_load_b64 v[98:99], v8, s[54:55] offset:112          // 000000005E90: EE054036 00000062 00007008
	s_wait_loadcnt 0x0                                         // 000000005E9C: BFC00000
	v_wmma_f32_16x16x16_fp8_fp8 v[32:39], v[96:97], v[100:101], v[32:39]// 000000005EA0: CC464020 1C82C960
	v_wmma_f32_16x16x16_fp8_fp8 v[40:47], v[96:97], v[102:103], v[40:47]// 000000005EA8: CC464028 1CA2CD60
	v_wmma_f32_16x16x16_fp8_fp8 v[48:55], v[96:97], v[104:105], v[48:55]// 000000005EB0: CC464030 1CC2D160
	v_wmma_f32_16x16x16_fp8_fp8 v[56:63], v[96:97], v[106:107], v[56:63]// 000000005EB8: CC464038 1CE2D560
	v_wmma_f32_16x16x16_fp8_fp8 v[64:71], v[98:99], v[100:101], v[64:71]// 000000005EC0: CC464040 1D02C962
	v_wmma_f32_16x16x16_fp8_fp8 v[72:79], v[98:99], v[102:103], v[72:79]// 000000005EC8: CC464048 1D22CD62
	v_wmma_f32_16x16x16_fp8_fp8 v[80:87], v[98:99], v[104:105], v[80:87]// 000000005ED0: CC464050 1D42D162
	v_wmma_f32_16x16x16_fp8_fp8 v[88:95], v[98:99], v[106:107], v[88:95]// 000000005ED8: CC464058 1D62D562
	s_add_co_u32 s52, s52, s10                                 // 000000005EE0: 80340A34
	s_add_co_ci_u32 s53, s53, 0                                // 000000005EE4: 82358035
	global_load_tr_b64 v[100:101], v9, s[52:53]                // 000000005EE8: EE160034 00000064 00000009
	global_load_tr_b64 v[102:103], v9, s[52:53] offset:256     // 000000005EF4: EE160034 00000066 00010009
	global_load_tr_b64 v[104:105], v9, s[52:53] offset:512     // 000000005F00: EE160034 00000068 00020009
	global_load_tr_b64 v[106:107], v9, s[52:53] offset:768     // 000000005F0C: EE160034 0000006A 00030009
	global_load_b64 v[96:97], v8, s[56:57] offset:128          // 000000005F18: EE054038 00000060 00008008
	global_load_b64 v[98:99], v8, s[54:55] offset:128          // 000000005F24: EE054036 00000062 00008008
	s_wait_loadcnt 0x0                                         // 000000005F30: BFC00000
	v_wmma_f32_16x16x16_fp8_fp8 v[32:39], v[96:97], v[100:101], v[32:39]// 000000005F34: CC464020 1C82C960
	v_wmma_f32_16x16x16_fp8_fp8 v[40:47], v[96:97], v[102:103], v[40:47]// 000000005F3C: CC464028 1CA2CD60
	v_wmma_f32_16x16x16_fp8_fp8 v[48:55], v[96:97], v[104:105], v[48:55]// 000000005F44: CC464030 1CC2D160
	v_wmma_f32_16x16x16_fp8_fp8 v[56:63], v[96:97], v[106:107], v[56:63]// 000000005F4C: CC464038 1CE2D560
	v_wmma_f32_16x16x16_fp8_fp8 v[64:71], v[98:99], v[100:101], v[64:71]// 000000005F54: CC464040 1D02C962
	v_wmma_f32_16x16x16_fp8_fp8 v[72:79], v[98:99], v[102:103], v[72:79]// 000000005F5C: CC464048 1D22CD62
	v_wmma_f32_16x16x16_fp8_fp8 v[80:87], v[98:99], v[104:105], v[80:87]// 000000005F64: CC464050 1D42D162
	v_wmma_f32_16x16x16_fp8_fp8 v[88:95], v[98:99], v[106:107], v[88:95]// 000000005F6C: CC464058 1D62D562
	s_add_co_u32 s52, s52, s10                                 // 000000005F74: 80340A34
	s_add_co_ci_u32 s53, s53, 0                                // 000000005F78: 82358035
	global_load_tr_b64 v[100:101], v9, s[52:53]                // 000000005F7C: EE160034 00000064 00000009
	global_load_tr_b64 v[102:103], v9, s[52:53] offset:256     // 000000005F88: EE160034 00000066 00010009
	global_load_tr_b64 v[104:105], v9, s[52:53] offset:512     // 000000005F94: EE160034 00000068 00020009
	global_load_tr_b64 v[106:107], v9, s[52:53] offset:768     // 000000005FA0: EE160034 0000006A 00030009
	global_load_b64 v[96:97], v8, s[56:57] offset:144          // 000000005FAC: EE054038 00000060 00009008
	global_load_b64 v[98:99], v8, s[54:55] offset:144          // 000000005FB8: EE054036 00000062 00009008
	s_wait_loadcnt 0x0                                         // 000000005FC4: BFC00000
	v_wmma_f32_16x16x16_fp8_fp8 v[32:39], v[96:97], v[100:101], v[32:39]// 000000005FC8: CC464020 1C82C960
	v_wmma_f32_16x16x16_fp8_fp8 v[40:47], v[96:97], v[102:103], v[40:47]// 000000005FD0: CC464028 1CA2CD60
	v_wmma_f32_16x16x16_fp8_fp8 v[48:55], v[96:97], v[104:105], v[48:55]// 000000005FD8: CC464030 1CC2D160
	v_wmma_f32_16x16x16_fp8_fp8 v[56:63], v[96:97], v[106:107], v[56:63]// 000000005FE0: CC464038 1CE2D560
	v_wmma_f32_16x16x16_fp8_fp8 v[64:71], v[98:99], v[100:101], v[64:71]// 000000005FE8: CC464040 1D02C962
	v_wmma_f32_16x16x16_fp8_fp8 v[72:79], v[98:99], v[102:103], v[72:79]// 000000005FF0: CC464048 1D22CD62
	v_wmma_f32_16x16x16_fp8_fp8 v[80:87], v[98:99], v[104:105], v[80:87]// 000000005FF8: CC464050 1D42D162
	v_wmma_f32_16x16x16_fp8_fp8 v[88:95], v[98:99], v[106:107], v[88:95]// 000000006000: CC464058 1D62D562
	s_add_co_u32 s52, s52, s10                                 // 000000006008: 80340A34
	s_add_co_ci_u32 s53, s53, 0                                // 00000000600C: 82358035
	global_load_tr_b64 v[100:101], v9, s[52:53]                // 000000006010: EE160034 00000064 00000009
	global_load_tr_b64 v[102:103], v9, s[52:53] offset:256     // 00000000601C: EE160034 00000066 00010009
	global_load_tr_b64 v[104:105], v9, s[52:53] offset:512     // 000000006028: EE160034 00000068 00020009
	global_load_tr_b64 v[106:107], v9, s[52:53] offset:768     // 000000006034: EE160034 0000006A 00030009
	global_load_b64 v[96:97], v8, s[56:57] offset:160          // 000000006040: EE054038 00000060 0000A008
	global_load_b64 v[98:99], v8, s[54:55] offset:160          // 00000000604C: EE054036 00000062 0000A008
	s_wait_loadcnt 0x0                                         // 000000006058: BFC00000
	v_wmma_f32_16x16x16_fp8_fp8 v[32:39], v[96:97], v[100:101], v[32:39]// 00000000605C: CC464020 1C82C960
	v_wmma_f32_16x16x16_fp8_fp8 v[40:47], v[96:97], v[102:103], v[40:47]// 000000006064: CC464028 1CA2CD60
	v_wmma_f32_16x16x16_fp8_fp8 v[48:55], v[96:97], v[104:105], v[48:55]// 00000000606C: CC464030 1CC2D160
	v_wmma_f32_16x16x16_fp8_fp8 v[56:63], v[96:97], v[106:107], v[56:63]// 000000006074: CC464038 1CE2D560
	v_wmma_f32_16x16x16_fp8_fp8 v[64:71], v[98:99], v[100:101], v[64:71]// 00000000607C: CC464040 1D02C962
	v_wmma_f32_16x16x16_fp8_fp8 v[72:79], v[98:99], v[102:103], v[72:79]// 000000006084: CC464048 1D22CD62
	v_wmma_f32_16x16x16_fp8_fp8 v[80:87], v[98:99], v[104:105], v[80:87]// 00000000608C: CC464050 1D42D162
	v_wmma_f32_16x16x16_fp8_fp8 v[88:95], v[98:99], v[106:107], v[88:95]// 000000006094: CC464058 1D62D562
	s_add_co_u32 s52, s52, s10                                 // 00000000609C: 80340A34
	s_add_co_ci_u32 s53, s53, 0                                // 0000000060A0: 82358035
	global_load_tr_b64 v[100:101], v9, s[52:53]                // 0000000060A4: EE160034 00000064 00000009
	global_load_tr_b64 v[102:103], v9, s[52:53] offset:256     // 0000000060B0: EE160034 00000066 00010009
	global_load_tr_b64 v[104:105], v9, s[52:53] offset:512     // 0000000060BC: EE160034 00000068 00020009
	global_load_tr_b64 v[106:107], v9, s[52:53] offset:768     // 0000000060C8: EE160034 0000006A 00030009
	global_load_b64 v[96:97], v8, s[56:57] offset:176          // 0000000060D4: EE054038 00000060 0000B008
	global_load_b64 v[98:99], v8, s[54:55] offset:176          // 0000000060E0: EE054036 00000062 0000B008
	s_wait_loadcnt 0x0                                         // 0000000060EC: BFC00000
	v_wmma_f32_16x16x16_fp8_fp8 v[32:39], v[96:97], v[100:101], v[32:39]// 0000000060F0: CC464020 1C82C960
	v_wmma_f32_16x16x16_fp8_fp8 v[40:47], v[96:97], v[102:103], v[40:47]// 0000000060F8: CC464028 1CA2CD60
	v_wmma_f32_16x16x16_fp8_fp8 v[48:55], v[96:97], v[104:105], v[48:55]// 000000006100: CC464030 1CC2D160
	v_wmma_f32_16x16x16_fp8_fp8 v[56:63], v[96:97], v[106:107], v[56:63]// 000000006108: CC464038 1CE2D560
	v_wmma_f32_16x16x16_fp8_fp8 v[64:71], v[98:99], v[100:101], v[64:71]// 000000006110: CC464040 1D02C962
	v_wmma_f32_16x16x16_fp8_fp8 v[72:79], v[98:99], v[102:103], v[72:79]// 000000006118: CC464048 1D22CD62
	v_wmma_f32_16x16x16_fp8_fp8 v[80:87], v[98:99], v[104:105], v[80:87]// 000000006120: CC464050 1D42D162
	v_wmma_f32_16x16x16_fp8_fp8 v[88:95], v[98:99], v[106:107], v[88:95]// 000000006128: CC464058 1D62D562
	s_add_co_u32 s52, s52, s10                                 // 000000006130: 80340A34
	s_add_co_ci_u32 s53, s53, 0                                // 000000006134: 82358035
	global_load_tr_b64 v[100:101], v9, s[52:53]                // 000000006138: EE160034 00000064 00000009
	global_load_tr_b64 v[102:103], v9, s[52:53] offset:256     // 000000006144: EE160034 00000066 00010009
	global_load_tr_b64 v[104:105], v9, s[52:53] offset:512     // 000000006150: EE160034 00000068 00020009
	global_load_tr_b64 v[106:107], v9, s[52:53] offset:768     // 00000000615C: EE160034 0000006A 00030009
	global_load_b64 v[96:97], v8, s[56:57] offset:192          // 000000006168: EE054038 00000060 0000C008
	global_load_b64 v[98:99], v8, s[54:55] offset:192          // 000000006174: EE054036 00000062 0000C008
	s_wait_loadcnt 0x0                                         // 000000006180: BFC00000
	v_wmma_f32_16x16x16_fp8_fp8 v[32:39], v[96:97], v[100:101], v[32:39]// 000000006184: CC464020 1C82C960
	v_wmma_f32_16x16x16_fp8_fp8 v[40:47], v[96:97], v[102:103], v[40:47]// 00000000618C: CC464028 1CA2CD60
	v_wmma_f32_16x16x16_fp8_fp8 v[48:55], v[96:97], v[104:105], v[48:55]// 000000006194: CC464030 1CC2D160
	v_wmma_f32_16x16x16_fp8_fp8 v[56:63], v[96:97], v[106:107], v[56:63]// 00000000619C: CC464038 1CE2D560
	v_wmma_f32_16x16x16_fp8_fp8 v[64:71], v[98:99], v[100:101], v[64:71]// 0000000061A4: CC464040 1D02C962
	v_wmma_f32_16x16x16_fp8_fp8 v[72:79], v[98:99], v[102:103], v[72:79]// 0000000061AC: CC464048 1D22CD62
	v_wmma_f32_16x16x16_fp8_fp8 v[80:87], v[98:99], v[104:105], v[80:87]// 0000000061B4: CC464050 1D42D162
	v_wmma_f32_16x16x16_fp8_fp8 v[88:95], v[98:99], v[106:107], v[88:95]// 0000000061BC: CC464058 1D62D562
	s_add_co_u32 s52, s52, s10                                 // 0000000061C4: 80340A34
	s_add_co_ci_u32 s53, s53, 0                                // 0000000061C8: 82358035
	global_load_tr_b64 v[100:101], v9, s[52:53]                // 0000000061CC: EE160034 00000064 00000009
	global_load_tr_b64 v[102:103], v9, s[52:53] offset:256     // 0000000061D8: EE160034 00000066 00010009
	global_load_tr_b64 v[104:105], v9, s[52:53] offset:512     // 0000000061E4: EE160034 00000068 00020009
	global_load_tr_b64 v[106:107], v9, s[52:53] offset:768     // 0000000061F0: EE160034 0000006A 00030009
	global_load_b64 v[96:97], v8, s[56:57] offset:208          // 0000000061FC: EE054038 00000060 0000D008
	global_load_b64 v[98:99], v8, s[54:55] offset:208          // 000000006208: EE054036 00000062 0000D008
	s_wait_loadcnt 0x0                                         // 000000006214: BFC00000
	v_wmma_f32_16x16x16_fp8_fp8 v[32:39], v[96:97], v[100:101], v[32:39]// 000000006218: CC464020 1C82C960
	v_wmma_f32_16x16x16_fp8_fp8 v[40:47], v[96:97], v[102:103], v[40:47]// 000000006220: CC464028 1CA2CD60
	v_wmma_f32_16x16x16_fp8_fp8 v[48:55], v[96:97], v[104:105], v[48:55]// 000000006228: CC464030 1CC2D160
	v_wmma_f32_16x16x16_fp8_fp8 v[56:63], v[96:97], v[106:107], v[56:63]// 000000006230: CC464038 1CE2D560
	v_wmma_f32_16x16x16_fp8_fp8 v[64:71], v[98:99], v[100:101], v[64:71]// 000000006238: CC464040 1D02C962
	v_wmma_f32_16x16x16_fp8_fp8 v[72:79], v[98:99], v[102:103], v[72:79]// 000000006240: CC464048 1D22CD62
	v_wmma_f32_16x16x16_fp8_fp8 v[80:87], v[98:99], v[104:105], v[80:87]// 000000006248: CC464050 1D42D162
	v_wmma_f32_16x16x16_fp8_fp8 v[88:95], v[98:99], v[106:107], v[88:95]// 000000006250: CC464058 1D62D562
	s_add_co_u32 s52, s52, s10                                 // 000000006258: 80340A34
	s_add_co_ci_u32 s53, s53, 0                                // 00000000625C: 82358035
	global_load_tr_b64 v[100:101], v9, s[52:53]                // 000000006260: EE160034 00000064 00000009
	global_load_tr_b64 v[102:103], v9, s[52:53] offset:256     // 00000000626C: EE160034 00000066 00010009
	global_load_tr_b64 v[104:105], v9, s[52:53] offset:512     // 000000006278: EE160034 00000068 00020009
	global_load_tr_b64 v[106:107], v9, s[52:53] offset:768     // 000000006284: EE160034 0000006A 00030009
	global_load_b64 v[96:97], v8, s[56:57] offset:224          // 000000006290: EE054038 00000060 0000E008
	global_load_b64 v[98:99], v8, s[54:55] offset:224          // 00000000629C: EE054036 00000062 0000E008
	s_wait_loadcnt 0x0                                         // 0000000062A8: BFC00000
	v_wmma_f32_16x16x16_fp8_fp8 v[32:39], v[96:97], v[100:101], v[32:39]// 0000000062AC: CC464020 1C82C960
	v_wmma_f32_16x16x16_fp8_fp8 v[40:47], v[96:97], v[102:103], v[40:47]// 0000000062B4: CC464028 1CA2CD60
	v_wmma_f32_16x16x16_fp8_fp8 v[48:55], v[96:97], v[104:105], v[48:55]// 0000000062BC: CC464030 1CC2D160
	v_wmma_f32_16x16x16_fp8_fp8 v[56:63], v[96:97], v[106:107], v[56:63]// 0000000062C4: CC464038 1CE2D560
	v_wmma_f32_16x16x16_fp8_fp8 v[64:71], v[98:99], v[100:101], v[64:71]// 0000000062CC: CC464040 1D02C962
	v_wmma_f32_16x16x16_fp8_fp8 v[72:79], v[98:99], v[102:103], v[72:79]// 0000000062D4: CC464048 1D22CD62
	v_wmma_f32_16x16x16_fp8_fp8 v[80:87], v[98:99], v[104:105], v[80:87]// 0000000062DC: CC464050 1D42D162
	v_wmma_f32_16x16x16_fp8_fp8 v[88:95], v[98:99], v[106:107], v[88:95]// 0000000062E4: CC464058 1D62D562
	s_add_co_u32 s52, s52, s10                                 // 0000000062EC: 80340A34
	s_add_co_ci_u32 s53, s53, 0                                // 0000000062F0: 82358035
	global_load_tr_b64 v[100:101], v9, s[52:53]                // 0000000062F4: EE160034 00000064 00000009
	global_load_tr_b64 v[102:103], v9, s[52:53] offset:256     // 000000006300: EE160034 00000066 00010009
	global_load_tr_b64 v[104:105], v9, s[52:53] offset:512     // 00000000630C: EE160034 00000068 00020009
	global_load_tr_b64 v[106:107], v9, s[52:53] offset:768     // 000000006318: EE160034 0000006A 00030009
	global_load_b64 v[96:97], v8, s[56:57] offset:240          // 000000006324: EE054038 00000060 0000F008
	global_load_b64 v[98:99], v8, s[54:55] offset:240          // 000000006330: EE054036 00000062 0000F008
	s_wait_loadcnt 0x0                                         // 00000000633C: BFC00000
	v_wmma_f32_16x16x16_fp8_fp8 v[32:39], v[96:97], v[100:101], v[32:39]// 000000006340: CC464020 1C82C960
	v_wmma_f32_16x16x16_fp8_fp8 v[40:47], v[96:97], v[102:103], v[40:47]// 000000006348: CC464028 1CA2CD60
	v_wmma_f32_16x16x16_fp8_fp8 v[48:55], v[96:97], v[104:105], v[48:55]// 000000006350: CC464030 1CC2D160
	v_wmma_f32_16x16x16_fp8_fp8 v[56:63], v[96:97], v[106:107], v[56:63]// 000000006358: CC464038 1CE2D560
	v_wmma_f32_16x16x16_fp8_fp8 v[64:71], v[98:99], v[100:101], v[64:71]// 000000006360: CC464040 1D02C962
	v_wmma_f32_16x16x16_fp8_fp8 v[72:79], v[98:99], v[102:103], v[72:79]// 000000006368: CC464048 1D22CD62
	v_wmma_f32_16x16x16_fp8_fp8 v[80:87], v[98:99], v[104:105], v[80:87]// 000000006370: CC464050 1D42D162
	v_wmma_f32_16x16x16_fp8_fp8 v[88:95], v[98:99], v[106:107], v[88:95]// 000000006378: CC464058 1D62D562
	s_mul_i32 s39, s33, 0x2000                                 // 000000006380: 9627FF21 00002000
	s_add_co_u32 s39, s39, 0x200                               // 000000006388: 8027FF27 00000200
	v_add_nc_u32_e64 v12, v10, s39                             // 000000006390: D525000C 02004F0A
	s_add_co_u32 s89, s89, 1                                   // 000000006398: 80598159
	ds_add_f32 v12, v32                                        // 00000000639C: D8540000 0000200C
	ds_add_f32 v12, v33 offset:4                               // 0000000063A4: D8540004 0000210C
	ds_add_f32 v12, v34 offset:8                               // 0000000063AC: D8540008 0000220C
	ds_add_f32 v12, v35 offset:12                              // 0000000063B4: D854000C 0000230C
	ds_add_f32 v12, v36 offset:16                              // 0000000063BC: D8540010 0000240C
	ds_add_f32 v12, v37 offset:20                              // 0000000063C4: D8540014 0000250C
	ds_add_f32 v12, v38 offset:24                              // 0000000063CC: D8540018 0000260C
	ds_add_f32 v12, v39 offset:28                              // 0000000063D4: D854001C 0000270C
	ds_add_f32 v12, v40 offset:1024                            // 0000000063DC: D8540400 0000280C
	ds_add_f32 v12, v41 offset:1028                            // 0000000063E4: D8540404 0000290C
	ds_add_f32 v12, v42 offset:1032                            // 0000000063EC: D8540408 00002A0C
	ds_add_f32 v12, v43 offset:1036                            // 0000000063F4: D854040C 00002B0C
	ds_add_f32 v12, v44 offset:1040                            // 0000000063FC: D8540410 00002C0C
	ds_add_f32 v12, v45 offset:1044                            // 000000006404: D8540414 00002D0C
	ds_add_f32 v12, v46 offset:1048                            // 00000000640C: D8540418 00002E0C
	ds_add_f32 v12, v47 offset:1052                            // 000000006414: D854041C 00002F0C
	ds_add_f32 v12, v48 offset:2048                            // 00000000641C: D8540800 0000300C
	ds_add_f32 v12, v49 offset:2052                            // 000000006424: D8540804 0000310C
	ds_add_f32 v12, v50 offset:2056                            // 00000000642C: D8540808 0000320C
	ds_add_f32 v12, v51 offset:2060                            // 000000006434: D854080C 0000330C
	ds_add_f32 v12, v52 offset:2064                            // 00000000643C: D8540810 0000340C
	ds_add_f32 v12, v53 offset:2068                            // 000000006444: D8540814 0000350C
	ds_add_f32 v12, v54 offset:2072                            // 00000000644C: D8540818 0000360C
	ds_add_f32 v12, v55 offset:2076                            // 000000006454: D854081C 0000370C
	ds_add_f32 v12, v56 offset:3072                            // 00000000645C: D8540C00 0000380C
	ds_add_f32 v12, v57 offset:3076                            // 000000006464: D8540C04 0000390C
	ds_add_f32 v12, v58 offset:3080                            // 00000000646C: D8540C08 00003A0C
	ds_add_f32 v12, v59 offset:3084                            // 000000006474: D8540C0C 00003B0C
	ds_add_f32 v12, v60 offset:3088                            // 00000000647C: D8540C10 00003C0C
	ds_add_f32 v12, v61 offset:3092                            // 000000006484: D8540C14 00003D0C
	ds_add_f32 v12, v62 offset:3096                            // 00000000648C: D8540C18 00003E0C
	ds_add_f32 v12, v63 offset:3100                            // 000000006494: D8540C1C 00003F0C
	ds_add_f32 v12, v64 offset:4096                            // 00000000649C: D8541000 0000400C
	ds_add_f32 v12, v65 offset:4100                            // 0000000064A4: D8541004 0000410C
	ds_add_f32 v12, v66 offset:4104                            // 0000000064AC: D8541008 0000420C
	ds_add_f32 v12, v67 offset:4108                            // 0000000064B4: D854100C 0000430C
	ds_add_f32 v12, v68 offset:4112                            // 0000000064BC: D8541010 0000440C
	ds_add_f32 v12, v69 offset:4116                            // 0000000064C4: D8541014 0000450C
	ds_add_f32 v12, v70 offset:4120                            // 0000000064CC: D8541018 0000460C
	ds_add_f32 v12, v71 offset:4124                            // 0000000064D4: D854101C 0000470C
	ds_add_f32 v12, v72 offset:5120                            // 0000000064DC: D8541400 0000480C
	ds_add_f32 v12, v73 offset:5124                            // 0000000064E4: D8541404 0000490C
	ds_add_f32 v12, v74 offset:5128                            // 0000000064EC: D8541408 00004A0C
	ds_add_f32 v12, v75 offset:5132                            // 0000000064F4: D854140C 00004B0C
	ds_add_f32 v12, v76 offset:5136                            // 0000000064FC: D8541410 00004C0C
	ds_add_f32 v12, v77 offset:5140                            // 000000006504: D8541414 00004D0C
	ds_add_f32 v12, v78 offset:5144                            // 00000000650C: D8541418 00004E0C
	ds_add_f32 v12, v79 offset:5148                            // 000000006514: D854141C 00004F0C
	ds_add_f32 v12, v80 offset:6144                            // 00000000651C: D8541800 0000500C
	ds_add_f32 v12, v81 offset:6148                            // 000000006524: D8541804 0000510C
	ds_add_f32 v12, v82 offset:6152                            // 00000000652C: D8541808 0000520C
	ds_add_f32 v12, v83 offset:6156                            // 000000006534: D854180C 0000530C
	ds_add_f32 v12, v84 offset:6160                            // 00000000653C: D8541810 0000540C
	ds_add_f32 v12, v85 offset:6164                            // 000000006544: D8541814 0000550C
	ds_add_f32 v12, v86 offset:6168                            // 00000000654C: D8541818 0000560C
	ds_add_f32 v12, v87 offset:6172                            // 000000006554: D854181C 0000570C
	ds_add_f32 v12, v88 offset:7168                            // 00000000655C: D8541C00 0000580C
	ds_add_f32 v12, v89 offset:7172                            // 000000006564: D8541C04 0000590C
	ds_add_f32 v12, v90 offset:7176                            // 00000000656C: D8541C08 00005A0C
	ds_add_f32 v12, v91 offset:7180                            // 000000006574: D8541C0C 00005B0C
	ds_add_f32 v12, v92 offset:7184                            // 00000000657C: D8541C10 00005C0C
	ds_add_f32 v12, v93 offset:7188                            // 000000006584: D8541C14 00005D0C
	ds_add_f32 v12, v94 offset:7192                            // 00000000658C: D8541C18 00005E0C
	ds_add_f32 v12, v95 offset:7196                            // 000000006594: D8541C1C 00005F0C
	s_wait_dscnt 0x0                                           // 00000000659C: BFC60000
	s_add_co_u32 s85, s85, 1                                   // 0000000065A0: 80558155
	s_mov_b32 s101, 1                                          // 0000000065A4: BEE50081
	s_add_co_u32 s33, s33, 1                                   // 0000000065A8: 80218121
	s_cmp_ge_u32 s33, 4                                        // 0000000065AC: BF098421
	s_cbranch_scc1 16                                          // 0000000065B0: BFA20010 <occ_kernel+0x65f4>
	s_lshl_b32 s43, s41, 2                                     // 0000000065B4: 842B8229
	s_add_co_u32 s43, s43, 0xa0                                // 0000000065B8: 802BFF2B 000000A0
	s_mov_b32 s49, exec_lo                                     // 0000000065C0: BEB1007E
	s_ctz_i32_b32 s51, s49                                     // 0000000065C4: BEB30831
	v_cmp_eq_u32_e32 vcc_lo, s51, v2                           // 0000000065C8: 7C940433
	s_and_b32 exec_lo, exec_lo, vcc_lo                         // 0000000065CC: 8B7E6A7E
	s_cbranch_execz 6                                          // 0000000065D0: BFA50006 <occ_kernel+0x65ec>
	v_mov_b32_e32 v11, s43                                     // 0000000065D4: 7E16022B
	v_mov_b32_e32 v14, 1                                       // 0000000065D8: 7E1C0281
	ds_add_rtn_u32 v14, v11, v14                               // 0000000065DC: D8800000 0E000E0B
	s_wait_dscnt 0x0                                           // 0000000065E4: BFC60000
	v_readfirstlane_b32 s51, v14                               // 0000000065E8: 7E66050E
	s_mov_b32 exec_lo, s49                                     // 0000000065EC: BEFE0031
	s_branch 64703                                             // 0000000065F0: BFA0FCBF <occ_kernel+0x58f0>
	s_mov_b32 s49, exec_lo                                     // 0000000065F4: BEB1007E
	s_ctz_i32_b32 s92, s49                                     // 0000000065F8: BEDC0831
	v_cmp_eq_u32_e32 vcc_lo, s92, v2                           // 0000000065FC: 7C94045C
	s_and_b32 exec_lo, exec_lo, vcc_lo                         // 000000006600: 8B7E6A7E
	s_cbranch_execz 7                                          // 000000006604: BFA50007 <occ_kernel+0x6624>
	v_mov_b32_e32 v11, 0x170                                   // 000000006608: 7E1602FF 00000170
	v_mov_b32_e32 v14, 1                                       // 000000006610: 7E1C0281
	ds_add_rtn_u32 v14, v11, v14                               // 000000006614: D8800000 0E000E0B
	s_wait_dscnt 0x0                                           // 00000000661C: BFC60000
	v_readfirstlane_b32 s92, v14                               // 000000006620: 7EB8050E
	s_mov_b32 exec_lo, s49                                     // 000000006624: BEFE0031
	s_mul_hi_u32 s93, s92, 0x55555555                          // 000000006628: 96DDFF5C 55555555
	s_mul_i32 s93, s93, 3                                      // 000000006630: 965D835D
	s_sub_co_u32 s92, s92, s93                                 // 000000006634: 80DC5D5C
	s_cmp_ge_u32 s92, 3                                        // 000000006638: BF09835C
	s_cbranch_scc0 1                                           // 00000000663C: BFA10001 <occ_kernel+0x6644>
	s_sub_co_u32 s92, s92, 3                                   // 000000006640: 80DC835C
	s_add_co_u32 s92, s92, 3                                   // 000000006644: 805C835C
	s_lshl_b32 s92, s92, 2                                     // 000000006648: 845C825C
	s_add_co_u32 s92, s92, 0xf0                                // 00000000664C: 805CFF5C 000000F0
	s_mov_b32 s49, exec_lo                                     // 000000006654: BEB1007E
	v_cmp_eq_u32_e32 vcc_lo, 0, v2                             // 000000006658: 7C940480
	s_and_b32 exec_lo, exec_lo, vcc_lo                         // 00000000665C: 8B7E6A7E
	s_cbranch_execz 5                                          // 000000006660: BFA50005 <occ_kernel+0x6678>
	v_mov_b32_e32 v11, s92                                     // 000000006664: 7E16025C
	v_mov_b32_e32 v14, 1                                       // 000000006668: 7E1C0281
	ds_store_b32 v11, v14                                      // 00000000666C: D8340000 00000E0B
	s_wait_dscnt 0x0                                           // 000000006674: BFC60000
	s_mov_b32 exec_lo, s49                                     // 000000006678: BEFE0031
	s_wait_storecnt 0x0                                        // 00000000667C: BFC10000
	s_alloc_vgpr 32                                            // 000000006680: BE8053A0
	s_cbranch_scc0 65534                                       // 000000006684: BFA1FFFE <occ_kernel+0x6680>
	s_add_co_u32 s103, s103, 1                                 // 000000006688: 80678167
	s_mov_b32 s47, 3                                           // 00000000668C: BEAF0083
	s_branch 63143                                             // 000000006690: BFA0F6A7 <occ_kernel+0x4130>
	s_add_co_u32 s46, s44, 1                                   // 000000006694: 802E812C
	s_mov_b32 s49, exec_lo                                     // 000000006698: BEB1007E
	s_ctz_i32_b32 s47, s49                                     // 00000000669C: BEAF0831
	v_cmp_eq_u32_e32 vcc_lo, s47, v2                           // 0000000066A0: 7C94042F
	s_and_b32 exec_lo, exec_lo, vcc_lo                         // 0000000066A4: 8B7E6A7E
	s_cbranch_execz 7                                          // 0000000066A8: BFA50007 <occ_kernel+0x66c8>
	v_mov_b32_e32 v11, 0                                       // 0000000066AC: 7E160280
	v_mov_b32_e32 v14, s44                                     // 0000000066B0: 7E1C022C
	v_mov_b32_e32 v13, s46                                     // 0000000066B4: 7E1A022E
	ds_cmpstore_rtn_b32 v13, v11, v14, v13                     // 0000000066B8: D8C00000 0D0D0E0B
	s_wait_dscnt 0x0                                           // 0000000066C0: BFC60000
	v_readfirstlane_b32 s47, v13                               // 0000000066C4: 7E5E050D
	s_mov_b32 exec_lo, s49                                     // 0000000066C8: BEFE0031
	s_cmp_eq_u32 s47, s46                                      // 0000000066CC: BF062E2F
	s_cbranch_scc1 92                                          // 0000000066D0: BFA2005C <occ_kernel+0x6844>
	s_and_b32 s46, s44, 31                                     // 0000000066D4: 8B2E9F2C
	s_lshl_b32 s46, s46, 5                                     // 0000000066D8: 842E852E
	s_add_co_u32 s46, s46, 0x8200                              // 0000000066DC: 802EFF2E 00008200
	s_add_co_u32 s45, s46, 8                                   // 0000000066E4: 802D882E
	s_mov_b32 s49, exec_lo                                     // 0000000066E8: BEB1007E
	v_cmp_eq_u32_e32 vcc_lo, 0, v2                             // 0000000066EC: 7C940480
	s_and_b32 exec_lo, exec_lo, vcc_lo                         // 0000000066F0: 8B7E6A7E
	s_cbranch_execz 5                                          // 0000000066F4: BFA50005 <occ_kernel+0x670c>
	v_mov_b32_e32 v11, s45                                     // 0000000066F8: 7E16022D
	v_mov_b32_e32 v14, 4                                       // 0000000066FC: 7E1C0284
	ds_store_b32 v11, v14                                      // 000000006700: D8340000 00000E0B
	s_wait_dscnt 0x0                                           // 000000006708: BFC60000
	s_mov_b32 exec_lo, s49                                     // 00000000670C: BEFE0031
	s_add_co_u32 s45, s46, 12                                  // 000000006710: 802D8C2E
	s_mov_b32 s49, exec_lo                                     // 000000006714: BEB1007E
	v_cmp_eq_u32_e32 vcc_lo, 0, v2                             // 000000006718: 7C940480
	s_and_b32 exec_lo, exec_lo, vcc_lo                         // 00000000671C: 8B7E6A7E
	s_cbranch_execz 5                                          // 000000006720: BFA50005 <occ_kernel+0x6738>
	v_mov_b32_e32 v11, s45                                     // 000000006724: 7E16022D
	v_mov_b32_e32 v14, 4                                       // 000000006728: 7E1C0284
	ds_store_b32 v11, v14                                      // 00000000672C: D8340000 00000E0B
	s_wait_dscnt 0x0                                           // 000000006734: BFC60000
	s_mov_b32 exec_lo, s49                                     // 000000006738: BEFE0031
	s_add_co_u32 s45, s46, 16                                  // 00000000673C: 802D902E
	s_mov_b32 s49, exec_lo                                     // 000000006740: BEB1007E
	v_cmp_eq_u32_e32 vcc_lo, 0, v2                             // 000000006744: 7C940480
	s_and_b32 exec_lo, exec_lo, vcc_lo                         // 000000006748: 8B7E6A7E
	s_cbranch_execz 5                                          // 00000000674C: BFA50005 <occ_kernel+0x6764>
	v_mov_b32_e32 v11, s45                                     // 000000006750: 7E16022D
	v_mov_b32_e32 v14, 4                                       // 000000006754: 7E1C0284
	ds_store_b32 v11, v14                                      // 000000006758: D8340000 00000E0B
	s_wait_dscnt 0x0                                           // 000000006760: BFC60000
	s_mov_b32 exec_lo, s49                                     // 000000006764: BEFE0031
	s_add_co_u32 s45, s46, 20                                  // 000000006768: 802D942E
	s_mov_b32 s49, exec_lo                                     // 00000000676C: BEB1007E
	v_cmp_eq_u32_e32 vcc_lo, 0, v2                             // 000000006770: 7C940480
	s_and_b32 exec_lo, exec_lo, vcc_lo                         // 000000006774: 8B7E6A7E
	s_cbranch_execz 5                                          // 000000006778: BFA50005 <occ_kernel+0x6790>
	v_mov_b32_e32 v11, s45                                     // 00000000677C: 7E16022D
	v_mov_b32_e32 v14, 4                                       // 000000006780: 7E1C0284
	ds_store_b32 v11, v14                                      // 000000006784: D8340000 00000E0B
	s_wait_dscnt 0x0                                           // 00000000678C: BFC60000
	s_mov_b32 exec_lo, s49                                     // 000000006790: BEFE0031
	s_add_co_u32 s45, s46, 24                                  // 000000006794: 802D982E
	s_mov_b32 s49, exec_lo                                     // 000000006798: BEB1007E
	v_cmp_eq_u32_e32 vcc_lo, 0, v2                             // 00000000679C: 7C940480
	s_and_b32 exec_lo, exec_lo, vcc_lo                         // 0000000067A0: 8B7E6A7E
	s_cbranch_execz 5                                          // 0000000067A4: BFA50005 <occ_kernel+0x67bc>
	v_mov_b32_e32 v11, s45                                     // 0000000067A8: 7E16022D
	v_mov_b32_e32 v14, 8                                       // 0000000067AC: 7E1C0288
	ds_store_b32 v11, v14                                      // 0000000067B0: D8340000 00000E0B
	s_wait_dscnt 0x0                                           // 0000000067B8: BFC60000
	s_mov_b32 exec_lo, s49                                     // 0000000067BC: BEFE0031
	s_add_co_u32 s45, s46, 28                                  // 0000000067C0: 802D9C2E
	s_mov_b32 s49, exec_lo                                     // 0000000067C4: BEB1007E
	v_cmp_eq_u32_e32 vcc_lo, 0, v2                             // 0000000067C8: 7C940480
	s_and_b32 exec_lo, exec_lo, vcc_lo                         // 0000000067CC: 8B7E6A7E
	s_cbranch_execz 5                                          // 0000000067D0: BFA50005 <occ_kernel+0x67e8>
	v_mov_b32_e32 v11, s45                                     // 0000000067D4: 7E16022D
	v_mov_b32_e32 v14, 8                                       // 0000000067D8: 7E1C0288
	ds_store_b32 v11, v14                                      // 0000000067DC: D8340000 00000E0B
	s_wait_dscnt 0x0                                           // 0000000067E4: BFC60000
	s_mov_b32 exec_lo, s49                                     // 0000000067E8: BEFE0031
	s_add_co_u32 s45, s46, 0                                   // 0000000067EC: 802D802E
	s_mov_b32 s49, exec_lo                                     // 0000000067F0: BEB1007E
	v_cmp_eq_u32_e32 vcc_lo, 0, v2                             // 0000000067F4: 7C940480
	s_and_b32 exec_lo, exec_lo, vcc_lo                         // 0000000067F8: 8B7E6A7E
	s_cbranch_execz 5                                          // 0000000067FC: BFA50005 <occ_kernel+0x6814>
	v_mov_b32_e32 v11, s45                                     // 000000006800: 7E16022D
	v_mov_b32_e32 v14, 0                                       // 000000006804: 7E1C0280
	ds_store_b32 v11, v14                                      // 000000006808: D8340000 00000E0B
	s_wait_dscnt 0x0                                           // 000000006810: BFC60000
	s_mov_b32 exec_lo, s49                                     // 000000006814: BEFE0031
	s_add_co_u32 s45, s46, 4                                   // 000000006818: 802D842E
	s_mov_b32 s49, exec_lo                                     // 00000000681C: BEB1007E
	v_cmp_eq_u32_e32 vcc_lo, 0, v2                             // 000000006820: 7C940480
	s_and_b32 exec_lo, exec_lo, vcc_lo                         // 000000006824: 8B7E6A7E
	s_cbranch_execz 5                                          // 000000006828: BFA50005 <occ_kernel+0x6840>
	v_mov_b32_e32 v11, s45                                     // 00000000682C: 7E16022D
	v_mov_b32_e32 v14, s44                                     // 000000006830: 7E1C022C
	ds_store_b32 v11, v14                                      // 000000006834: D8340000 00000E0B
	s_wait_dscnt 0x0                                           // 00000000683C: BFC60000
	s_mov_b32 exec_lo, s49                                     // 000000006840: BEFE0031
	s_mov_b32 s49, exec_lo                                     // 000000006844: BEB1007E
	v_cmp_eq_u32_e32 vcc_lo, 0, v2                             // 000000006848: 7C940480
	s_and_b32 exec_lo, exec_lo, vcc_lo                         // 00000000684C: 8B7E6A7E
	s_cbranch_execz 6                                          // 000000006850: BFA50006 <occ_kernel+0x686c>
	v_mov_b32_e32 v11, 16                                      // 000000006854: 7E160290
	v_mov_b32_e32 v14, 0xdead                                  // 000000006858: 7E1C02FF 0000DEAD
	ds_store_b32 v11, v14                                      // 000000006860: D8340000 00000E0B
	s_wait_dscnt 0x0                                           // 000000006868: BFC60000
	s_mov_b32 exec_lo, s49                                     // 00000000686C: BEFE0031
	v_mov_b32_e32 v11, 8                                       // 000000006870: 7E160288
	ds_load_b32 v14, v11                                       // 000000006874: D8D80000 0E00000B
	s_wait_dscnt 0x0                                           // 00000000687C: BFC60000
	v_readfirstlane_b32 s20, v14                               // 000000006880: 7E28050E
	v_mov_b32_e32 v11, 4                                       // 000000006884: 7E160284
	ds_load_b32 v14, v11                                       // 000000006888: D8D80000 0E00000B
	s_wait_dscnt 0x0                                           // 000000006890: BFC60000
	v_readfirstlane_b32 s21, v14                               // 000000006894: 7E2A050E
	s_cmp_ge_u32 s20, s21                                      // 000000006898: BF091514
	s_cbranch_scc1 36                                          // 00000000689C: BFA20024 <occ_kernel+0x6930>
	s_and_b32 s22, s20, 31                                     // 0000000068A0: 8B169F14
	s_lshl_b32 s22, s22, 5                                     // 0000000068A4: 84168516
	s_add_co_u32 s22, s22, 0x8200                              // 0000000068A8: 8016FF16 00008200
	s_add_co_u32 s23, s22, 4                                   // 0000000068B0: 80178416
	v_mov_b32_e32 v11, s23                                     // 0000000068B4: 7E160217
	ds_load_b32 v14, v11                                       // 0000000068B8: D8D80000 0E00000B
	s_wait_dscnt 0x0                                           // 0000000068C0: BFC60000
	v_readfirstlane_b32 s23, v14                               // 0000000068C4: 7E2E050E
	s_cmp_lg_u32 s23, s20                                      // 0000000068C8: BF071417
	s_cbranch_scc1 24                                          // 0000000068CC: BFA20018 <occ_kernel+0x6930>
	s_add_co_u32 s23, s22, 12                                  // 0000000068D0: 80178C16
	v_mov_b32_e32 v11, s23                                     // 0000000068D4: 7E160217
	ds_load_b32 v14, v11                                       // 0000000068D8: D8D80000 0E00000B
	s_wait_dscnt 0x0                                           // 0000000068E0: BFC60000
	v_readfirstlane_b32 s23, v14                               // 0000000068E4: 7E2E050E
	s_cmp_lt_u32 s23, 4                                        // 0000000068E8: BF0A8417
	s_cbranch_scc1 16                                          // 0000000068EC: BFA20010 <occ_kernel+0x6930>
	s_mov_b32 s49, exec_lo                                     // 0000000068F0: BEB1007E
	s_add_co_u32 s60, s20, 1                                   // 0000000068F4: 803C8114
	s_ctz_i32_b32 s60, s49                                     // 0000000068F8: BEBC0831
	v_cmp_eq_u32_e32 vcc_lo, s60, v2                           // 0000000068FC: 7C94043C
	s_add_co_u32 s60, s20, 1                                   // 000000006900: 803C8114
	s_and_b32 exec_lo, exec_lo, vcc_lo                         // 000000006904: 8B7E6A7E
	s_cbranch_execz 7                                          // 000000006908: BFA50007 <occ_kernel+0x6928>
	v_mov_b32_e32 v11, 8                                       // 00000000690C: 7E160288
	v_mov_b32_e32 v14, s60                                     // 000000006910: 7E1C023C
	v_mov_b32_e32 v13, s20                                     // 000000006914: 7E1A0214
	ds_cmpstore_rtn_b32 v13, v11, v14, v13                     // 000000006918: D8C00000 0D0D0E0B
	s_wait_dscnt 0x0                                           // 000000006920: BFC60000
	v_readfirstlane_b32 s60, v13                               // 000000006924: 7E78050D
	s_mov_b32 exec_lo, s49                                     // 000000006928: BEFE0031
	s_branch 65488                                             // 00000000692C: BFA0FFD0 <occ_kernel+0x6870>
	v_mov_b32_e32 v11, 0                                       // 000000006930: 7E160280
	ds_load_b32 v14, v11                                       // 000000006934: D8D80000 0E00000B
	s_wait_dscnt 0x0                                           // 00000000693C: BFC60000
	v_readfirstlane_b32 s44, v14                               // 000000006940: 7E58050E
	v_mov_b32_e32 v11, 8                                       // 000000006944: 7E160288
	ds_load_b32 v14, v11                                       // 000000006948: D8D80000 0E00000B
	s_wait_dscnt 0x0                                           // 000000006950: BFC60000
	v_readfirstlane_b32 s45, v14                               // 000000006954: 7E5A050E
	s_cmp_lt_u32 s45, s44                                      // 000000006958: BF0A2C2D
	s_cbranch_scc0 17                                          // 00000000695C: BFA10011 <occ_kernel+0x69a4>
	s_add_co_u32 s71, s71, 1                                   // 000000006960: 80478147
	s_cmp_ge_u32 s71, 64                                       // 000000006964: BF09C047
	s_cbranch_scc0 12                                          // 000000006968: BFA1000C <occ_kernel+0x699c>
	s_mov_b32 s71, 0                                           // 00000000696C: BEC70080
	s_sendmsg_rtn_b64 s[62:63], sendmsg(MSG_RTN_GET_REALTIME)  // 000000006970: BEBE4D83
	s_wait_kmcnt 0x0                                           // 000000006974: BFC70000
	s_cmp_lg_u32 s101, 0                                       // 000000006978: BF078065
	s_cbranch_scc0 3                                           // 00000000697C: BFA10003 <occ_kernel+0x698c>
	s_mov_b32 s70, s62                                         // 000000006980: BEC6003E
	s_mov_b32 s101, 0                                          // 000000006984: BEE50080
	s_branch 4                                                 // 000000006988: BFA00004 <occ_kernel+0x699c>
	s_sub_co_u32 s62, s62, s70                                 // 00000000698C: 80BE463E
	s_cmp_ge_u32 s62, 0x2faf080                                // 000000006990: BF09FF3E 02FAF080
	s_cbranch_scc1 295                                         // 000000006998: BFA20127 <occ_kernel+0x6e38>
	s_sleep 1                                                  // 00000000699C: BF830001
	s_branch 65459                                             // 0000000069A0: BFA0FFB3 <occ_kernel+0x6870>
	s_mov_b32 s49, exec_lo                                     // 0000000069A4: BEB1007E
	v_cmp_eq_u32_e32 vcc_lo, 0, v2                             // 0000000069A8: 7C940480
	s_and_b32 exec_lo, exec_lo, vcc_lo                         // 0000000069AC: 8B7E6A7E
	s_cbranch_execz 5                                          // 0000000069B0: BFA50005 <occ_kernel+0x69c8>
	v_mov_b32_e32 v11, 20                                      // 0000000069B4: 7E160294
	v_mov_b32_e32 v14, 3                                       // 0000000069B8: 7E1C0283
	ds_store_b32 v11, v14                                      // 0000000069BC: D8340000 00000E0B
	s_wait_dscnt 0x0                                           // 0000000069C4: BFC60000
	s_mov_b32 exec_lo, s49                                     // 0000000069C8: BEFE0031
	s_mov_b32 s49, exec_lo                                     // 0000000069CC: BEB1007E
	v_cmp_eq_u32_e32 vcc_lo, 0, v2                             // 0000000069D0: 7C940480
	s_and_b32 exec_lo, exec_lo, vcc_lo                         // 0000000069D4: 8B7E6A7E
	s_cbranch_execz 5                                          // 0000000069D8: BFA50005 <occ_kernel+0x69f0>
	v_mov_b32_e32 v11, 24                                      // 0000000069DC: 7E160298
	v_mov_b32_e32 v14, 3                                       // 0000000069E0: 7E1C0283
	ds_store_b32 v11, v14                                      // 0000000069E4: D8340000 00000E0B
	s_wait_dscnt 0x0                                           // 0000000069EC: BFC60000
	s_mov_b32 exec_lo, s49                                     // 0000000069F0: BEFE0031
	s_mov_b32 s49, exec_lo                                     // 0000000069F4: BEB1007E
	v_cmp_eq_u32_e32 vcc_lo, 0, v2                             // 0000000069F8: 7C940480
	s_and_b32 exec_lo, exec_lo, vcc_lo                         // 0000000069FC: 8B7E6A7E
	s_cbranch_execz 5                                          // 000000006A00: BFA50005 <occ_kernel+0x6a18>
	v_mov_b32_e32 v11, 28                                      // 000000006A04: 7E16029C
	v_mov_b32_e32 v14, 3                                       // 000000006A08: 7E1C0283
	ds_store_b32 v11, v14                                      // 000000006A0C: D8340000 00000E0B
	s_wait_dscnt 0x0                                           // 000000006A14: BFC60000
	s_mov_b32 exec_lo, s49                                     // 000000006A18: BEFE0031
	s_mov_b32 s49, exec_lo                                     // 000000006A1C: BEB1007E
	v_cmp_eq_u32_e32 vcc_lo, 0, v2                             // 000000006A20: 7C940480
	s_and_b32 exec_lo, exec_lo, vcc_lo                         // 000000006A24: 8B7E6A7E
	s_cbranch_execz 5                                          // 000000006A28: BFA50005 <occ_kernel+0x6a40>
	v_mov_b32_e32 v11, 32                                      // 000000006A2C: 7E1602A0
	v_mov_b32_e32 v14, 3                                       // 000000006A30: 7E1C0283
	ds_store_b32 v11, v14                                      // 000000006A34: D8340000 00000E0B
	s_wait_dscnt 0x0                                           // 000000006A3C: BFC60000
	s_mov_b32 exec_lo, s49                                     // 000000006A40: BEFE0031
	s_mov_b32 s49, exec_lo                                     // 000000006A44: BEB1007E
	v_cmp_eq_u32_e32 vcc_lo, 0, v2                             // 000000006A48: 7C940480
	s_and_b32 exec_lo, exec_lo, vcc_lo                         // 000000006A4C: 8B7E6A7E
	s_cbranch_execz 5                                          // 000000006A50: BFA50005 <occ_kernel+0x6a68>
	v_mov_b32_e32 v11, 36                                      // 000000006A54: 7E1602A4
	v_mov_b32_e32 v14, 3                                       // 000000006A58: 7E1C0283
	ds_store_b32 v11, v14                                      // 000000006A5C: D8340000 00000E0B
	s_wait_dscnt 0x0                                           // 000000006A64: BFC60000
	s_mov_b32 exec_lo, s49                                     // 000000006A68: BEFE0031
	s_mov_b32 s49, exec_lo                                     // 000000006A6C: BEB1007E
	v_cmp_eq_u32_e32 vcc_lo, 0, v2                             // 000000006A70: 7C940480
	s_and_b32 exec_lo, exec_lo, vcc_lo                         // 000000006A74: 8B7E6A7E
	s_cbranch_execz 5                                          // 000000006A78: BFA50005 <occ_kernel+0x6a90>
	v_mov_b32_e32 v11, 40                                      // 000000006A7C: 7E1602A8
	v_mov_b32_e32 v14, 3                                       // 000000006A80: 7E1C0283
	ds_store_b32 v11, v14                                      // 000000006A84: D8340000 00000E0B
	s_wait_dscnt 0x0                                           // 000000006A8C: BFC60000
	s_mov_b32 exec_lo, s49                                     // 000000006A90: BEFE0031
	s_branch 232                                               // 000000006A94: BFA000E8 <occ_kernel+0x6e38>
	s_sub_co_u32 s56, s56, 1                                   // 000000006A98: 80B88138
	s_cbranch_scc0 1                                           // 000000006A9C: BFA10001 <occ_kernel+0x6aa4>
	s_branch 63536                                             // 000000006AA0: BFA0F830 <occ_kernel+0x4b64>
	s_add_co_u32 s90, s90, 1                                   // 000000006AA4: 805A815A
	s_lshl_b32 s92, s24, 2                                     // 000000006AA8: 845C8218
	s_add_co_u32 s92, s92, 0xf0                                // 000000006AAC: 805CFF5C 000000F0
	v_mov_b32_e32 v11, s92                                     // 000000006AB4: 7E16025C
	ds_load_b32 v14, v11                                       // 000000006AB8: D8D80000 0E00000B
	s_wait_dscnt 0x0                                           // 000000006AC0: BFC60000
	v_readfirstlane_b32 s93, v14                               // 000000006AC4: 7EBA050E
	s_cmp_eq_u32 s93, 0                                        // 000000006AC8: BF06805D
	s_cbranch_scc1 12                                          // 000000006ACC: BFA2000C <occ_kernel+0x6b00>
	s_mov_b32 s93, 0                                           // 000000006AD0: BEDD0080
	s_mov_b32 s49, exec_lo                                     // 000000006AD4: BEB1007E
	v_cmp_eq_u32_e32 vcc_lo, 0, v2                             // 000000006AD8: 7C940480
	s_and_b32 exec_lo, exec_lo, vcc_lo                         // 000000006ADC: 8B7E6A7E
	s_cbranch_execz 5                                          // 000000006AE0: BFA50005 <occ_kernel+0x6af8>
	v_mov_b32_e32 v11, s92                                     // 000000006AE4: 7E16025C
	v_mov_b32_e32 v14, s93                                     // 000000006AE8: 7E1C025D
	ds_store_b32 v11, v14                                      // 000000006AEC: D8340000 00000E0B
	s_wait_dscnt 0x0                                           // 000000006AF4: BFC60000
	s_mov_b32 exec_lo, s49                                     // 000000006AF8: BEFE0031
	s_branch 61815                                             // 000000006AFC: BFA0F177 <occ_kernel+0x30dc>
	s_sleep 2                                                  // 000000006B00: BF830002
	s_branch 61813                                             // 000000006B04: BFA0F175 <occ_kernel+0x30dc>
	s_add_co_u32 s87, s87, 1                                   // 000000006B08: 80578157
	s_add_co_u32 s84, s84, 1                                   // 000000006B0C: 80548154
	s_branch 63334                                             // 000000006B10: BFA0F766 <occ_kernel+0x48ac>
	v_mov_b32_e32 v11, 0x1f0                                   // 000000006B14: 7E1602FF 000001F0
	ds_load_b32 v14, v11                                       // 000000006B1C: D8D80000 0E00000B
	s_wait_dscnt 0x0                                           // 000000006B24: BFC60000
	v_readfirstlane_b32 s16, v14                               // 000000006B28: 7E20050E
	s_cmp_lg_u32 s16, 1                                        // 000000006B2C: BF078110
	s_cbranch_scc1 63                                          // 000000006B30: BFA2003F <occ_kernel+0x6c30>
	s_mov_b32 s49, exec_lo                                     // 000000006B34: BEB1007E
	s_ctz_i32_b32 s16, s49                                     // 000000006B38: BE900831
	v_cmp_eq_u32_e32 vcc_lo, s16, v2                           // 000000006B3C: 7C940410
	s_and_b32 exec_lo, exec_lo, vcc_lo                         // 000000006B40: 8B7E6A7E
	s_cbranch_execz 8                                          // 000000006B44: BFA50008 <occ_kernel+0x6b68>
	v_mov_b32_e32 v11, 0x1f0                                   // 000000006B48: 7E1602FF 000001F0
	v_mov_b32_e32 v14, 4                                       // 000000006B50: 7E1C0284
	v_mov_b32_e32 v13, 1                                       // 000000006B54: 7E1A0281
	ds_cmpstore_rtn_b32 v13, v11, v14, v13                     // 000000006B58: D8C00000 0D0D0E0B
	s_wait_dscnt 0x0                                           // 000000006B60: BFC60000
	v_readfirstlane_b32 s16, v13                               // 000000006B64: 7E20050D
	s_mov_b32 exec_lo, s49                                     // 000000006B68: BEFE0031
	s_cmp_eq_u32 s16, 1                                        // 000000006B6C: BF068110
	s_cbranch_scc0 47                                          // 000000006B70: BFA1002F <occ_kernel+0x6c30>
	s_mov_b32 s17, exec_lo                                     // 000000006B74: BE91007E
	v_cmp_eq_u32_e32 vcc_lo, 0, v2                             // 000000006B78: 7C940480
	s_and_b32 exec_lo, exec_lo, vcc_lo                         // 000000006B7C: 8B7E6A7E
	s_cbranch_execz 5                                          // 000000006B80: BFA50005 <occ_kernel+0x6b98>
	v_mov_b32_e32 v3, 1                                        // 000000006B84: 7E060281
	global_atomic_add_u32 v5, v4, v3, s[0:1] offset:20 th:TH_ATOMIC_RETURN scope:SCOPE_DEV// 000000006B88: EE0D4000 01980005 00001404
	s_wait_loadcnt 0x0                                         // 000000006B94: BFC00000
	s_mov_b32 exec_lo, s17                                     // 000000006B98: BEFE0011
	v_readfirstlane_b32 s18, v5                                // 000000006B9C: 7E240505
	s_cmp_ge_u32 s18, s69                                      // 000000006BA0: BF094512
	s_cbranch_scc1 23                                          // 000000006BA4: BFA20017 <occ_kernel+0x6c04>
	s_mov_b32 s49, exec_lo                                     // 000000006BA8: BEB1007E
	v_cmp_eq_u32_e32 vcc_lo, 0, v2                             // 000000006BAC: 7C940480
	s_and_b32 exec_lo, exec_lo, vcc_lo                         // 000000006BB0: 8B7E6A7E
	s_cbranch_execz 6                                          // 000000006BB4: BFA50006 <occ_kernel+0x6bd0>
	v_mov_b32_e32 v11, 0x1f4                                   // 000000006BB8: 7E1602FF 000001F4
	v_mov_b32_e32 v14, s18                                     // 000000006BC0: 7E1C0212
	ds_store_b32 v11, v14                                      // 000000006BC4: D8340000 00000E0B
	s_wait_dscnt 0x0                                           // 000000006BCC: BFC60000
	s_mov_b32 exec_lo, s49                                     // 000000006BD0: BEFE0031
	s_mov_b32 s49, exec_lo                                     // 000000006BD4: BEB1007E
	v_cmp_eq_u32_e32 vcc_lo, 0, v2                             // 000000006BD8: 7C940480
	s_and_b32 exec_lo, exec_lo, vcc_lo                         // 000000006BDC: 8B7E6A7E
	s_cbranch_execz 6                                          // 000000006BE0: BFA50006 <occ_kernel+0x6bfc>
	v_mov_b32_e32 v11, 0x1f0                                   // 000000006BE4: 7E1602FF 000001F0
	v_mov_b32_e32 v14, 2                                       // 000000006BEC: 7E1C0282
	ds_store_b32 v11, v14                                      // 000000006BF0: D8340000 00000E0B
	s_wait_dscnt 0x0                                           // 000000006BF8: BFC60000
	s_mov_b32 exec_lo, s49                                     // 000000006BFC: BEFE0031
	s_branch 11                                                // 000000006C00: BFA0000B <occ_kernel+0x6c30>
	s_mov_b32 s49, exec_lo                                     // 000000006C04: BEB1007E
	v_cmp_eq_u32_e32 vcc_lo, 0, v2                             // 000000006C08: 7C940480
	s_and_b32 exec_lo, exec_lo, vcc_lo                         // 000000006C0C: 8B7E6A7E
	s_cbranch_execz 6                                          // 000000006C10: BFA50006 <occ_kernel+0x6c2c>
	v_mov_b32_e32 v11, 0x1f0                                   // 000000006C14: 7E1602FF 000001F0
	v_mov_b32_e32 v14, 3                                       // 000000006C1C: 7E1C0283
	ds_store_b32 v11, v14                                      // 000000006C20: D8340000 00000E0B
	s_wait_dscnt 0x0                                           // 000000006C28: BFC60000
	s_mov_b32 exec_lo, s49                                     // 000000006C2C: BEFE0031
	v_mov_b32_e32 v11, 0x1f0                                   // 000000006C30: 7E1602FF 000001F0
	ds_load_b32 v14, v11                                       // 000000006C38: D8D80000 0E00000B
	s_wait_dscnt 0x0                                           // 000000006C40: BFC60000
	v_readfirstlane_b32 s16, v14                               // 000000006C44: 7E20050E
	s_cmp_eq_u32 s16, 2                                        // 000000006C48: BF068210
	s_cbranch_scc0 120                                         // 000000006C4C: BFA10078 <occ_kernel+0x6e30>
	v_mov_b32_e32 v11, 0x1f4                                   // 000000006C50: 7E1602FF 000001F4
	ds_load_b32 v14, v11                                       // 000000006C58: D8D80000 0E00000B
	s_wait_dscnt 0x0                                           // 000000006C60: BFC60000
	v_readfirstlane_b32 s17, v14                               // 000000006C64: 7E22050E
	s_sub_co_u32 s18, s11, 1                                   // 000000006C68: 8092810B
	s_min_u32 s17, s17, s18                                    // 000000006C6C: 89911211
	s_cmp_eq_u32 s17, s76                                      // 000000006C70: BF064C11
	s_cbranch_scc1 2                                           // 000000006C74: BFA20002 <occ_kernel+0x6c80>
	s_mov_b32 s76, s17                                         // 000000006C78: BECC0011
	s_mov_b32 s75, 0                                           // 000000006C7C: BECB0080
	s_add_co_u32 s18, s66, 1                                   // 000000006C80: 80128142
	s_mul_i32 s18, s18, 64                                     // 000000006C84: 9612C012
	s_min_u32 s18, s18, 0x400                                  // 000000006C88: 8992FF12 00000400
	s_cmp_ge_u32 s75, s18                                      // 000000006C90: BF09124B
	s_cbranch_scc1 102                                         // 000000006C94: BFA20066 <occ_kernel+0x6e30>
	s_mul_hi_u32 s19, s17, s12                                 // 000000006C98: 96930C11
	s_mul_i32 s20, s19, s13                                    // 000000006C9C: 96140D13
	s_sub_co_u32 s20, s17, s20                                 // 000000006CA0: 80941411
	s_mul_i32 s20, s20, s14                                    // 000000006CA4: 96140E14
	s_mov_b32 s21, 16                                          // 000000006CA8: BE950090
	s_cmp_eq_u32 s21, 0                                        // 000000006CAC: BF068015
	s_cbranch_scc1 93                                          // 000000006CB0: BFA2005D <occ_kernel+0x6e28>
	s_cmp_ge_u32 s75, s18                                      // 000000006CB4: BF09124B
	s_cbranch_scc1 91                                          // 000000006CB8: BFA2005B <occ_kernel+0x6e28>
	s_wait_loadcnt 0x0                                         // 000000006CBC: BFC00000
	s_cmp_ge_u32 s75, s18                                      // 000000006CC0: BF09124B
	s_cbranch_scc1 88                                          // 000000006CC4: BFA20058 <occ_kernel+0x6e28>
	s_and_b32 s27, s75, 3                                      // 000000006CC8: 8B1B834B
	s_lshr_b32 s25, s75, 2                                     // 000000006CCC: 8519824B
	s_and_b32 s26, s25, 15                                     // 000000006CD0: 8B1A8F19
	s_lshr_b32 s25, s25, 4                                     // 000000006CD4: 85198419
	s_mul_i32 s28, s25, 16                                     // 000000006CD8: 961C9019
	s_add_co_u32 s28, s28, s26                                 // 000000006CDC: 801C1A1C
	s_mul_hi_u32 s29, s28, s10                                 // 000000006CE0: 969D0A1C
	s_mul_i32 s28, s28, s10                                    // 000000006CE4: 961C0A1C
	s_add_co_u32 s28, s28, s20                                 // 000000006CE8: 801C141C
	s_add_co_ci_u32 s29, s29, 0                                // 000000006CEC: 821D801D
	s_mul_i32 s16, s27, 0x100                                  // 000000006CF0: 9610FF1B 00000100
	s_add_co_u32 s28, s28, s16                                 // 000000006CF8: 801C101C
	s_add_co_ci_u32 s29, s29, 0                                // 000000006CFC: 821D801D
	s_add_co_u32 s28, s4, s28                                  // 000000006D00: 801C1C04
	s_add_co_ci_u32 s29, s5, s29                               // 000000006D04: 821D1D05
	global_load_tr_b64 v[16:17], v9, s[28:29]                  // 000000006D08: EE16001C 00000010 00000009
	s_add_co_u32 s75, s75, 1                                   // 000000006D14: 804B814B
	s_cmp_ge_u32 s75, s18                                      // 000000006D18: BF09124B
	s_cbranch_scc1 66                                          // 000000006D1C: BFA20042 <occ_kernel+0x6e28>
	s_and_b32 s27, s75, 3                                      // 000000006D20: 8B1B834B
	s_lshr_b32 s25, s75, 2                                     // 000000006D24: 8519824B
	s_and_b32 s26, s25, 15                                     // 000000006D28: 8B1A8F19
	s_lshr_b32 s25, s25, 4                                     // 000000006D2C: 85198419
	s_mul_i32 s28, s25, 16                                     // 000000006D30: 961C9019
	s_add_co_u32 s28, s28, s26                                 // 000000006D34: 801C1A1C
	s_mul_hi_u32 s29, s28, s10                                 // 000000006D38: 969D0A1C
	s_mul_i32 s28, s28, s10                                    // 000000006D3C: 961C0A1C
	s_add_co_u32 s28, s28, s20                                 // 000000006D40: 801C141C
	s_add_co_ci_u32 s29, s29, 0                                // 000000006D44: 821D801D
	s_mul_i32 s16, s27, 0x100                                  // 000000006D48: 9610FF1B 00000100
	s_add_co_u32 s28, s28, s16                                 // 000000006D50: 801C101C
	s_add_co_ci_u32 s29, s29, 0                                // 000000006D54: 821D801D
	s_add_co_u32 s28, s4, s28                                  // 000000006D58: 801C1C04
	s_add_co_ci_u32 s29, s5, s29                               // 000000006D5C: 821D1D05
	global_load_tr_b64 v[18:19], v9, s[28:29]                  // 000000006D60: EE16001C 00000012 00000009
	s_add_co_u32 s75, s75, 1                                   // 000000006D6C: 804B814B
	s_cmp_ge_u32 s75, s18                                      // 000000006D70: BF09124B
	s_cbranch_scc1 44                                          // 000000006D74: BFA2002C <occ_kernel+0x6e28>
	s_and_b32 s27, s75, 3                                      // 000000006D78: 8B1B834B
	s_lshr_b32 s25, s75, 2                                     // 000000006D7C: 8519824B
	s_and_b32 s26, s25, 15                                     // 000000006D80: 8B1A8F19
	s_lshr_b32 s25, s25, 4                                     // 000000006D84: 85198419
	s_mul_i32 s28, s25, 16                                     // 000000006D88: 961C9019
	s_add_co_u32 s28, s28, s26                                 // 000000006D8C: 801C1A1C
	s_mul_hi_u32 s29, s28, s10                                 // 000000006D90: 969D0A1C
	s_mul_i32 s28, s28, s10                                    // 000000006D94: 961C0A1C
	s_add_co_u32 s28, s28, s20                                 // 000000006D98: 801C141C
	s_add_co_ci_u32 s29, s29, 0                                // 000000006D9C: 821D801D
	s_mul_i32 s16, s27, 0x100                                  // 000000006DA0: 9610FF1B 00000100
	s_add_co_u32 s28, s28, s16                                 // 000000006DA8: 801C101C
	s_add_co_ci_u32 s29, s29, 0                                // 000000006DAC: 821D801D
	s_add_co_u32 s28, s4, s28                                  // 000000006DB0: 801C1C04
	s_add_co_ci_u32 s29, s5, s29                               // 000000006DB4: 821D1D05
	global_load_tr_b64 v[20:21], v9, s[28:29]                  // 000000006DB8: EE16001C 00000014 00000009
	s_add_co_u32 s75, s75, 1                                   // 000000006DC4: 804B814B
	s_cmp_ge_u32 s75, s18                                      // 000000006DC8: BF09124B
	s_cbranch_scc1 22                                          // 000000006DCC: BFA20016 <occ_kernel+0x6e28>
	s_and_b32 s27, s75, 3                                      // 000000006DD0: 8B1B834B
	s_lshr_b32 s25, s75, 2                                     // 000000006DD4: 8519824B
	s_and_b32 s26, s25, 15                                     // 000000006DD8: 8B1A8F19
	s_lshr_b32 s25, s25, 4                                     // 000000006DDC: 85198419
	s_mul_i32 s28, s25, 16                                     // 000000006DE0: 961C9019
	s_add_co_u32 s28, s28, s26                                 // 000000006DE4: 801C1A1C
	s_mul_hi_u32 s29, s28, s10                                 // 000000006DE8: 969D0A1C
	s_mul_i32 s28, s28, s10                                    // 000000006DEC: 961C0A1C
	s_add_co_u32 s28, s28, s20                                 // 000000006DF0: 801C141C
	s_add_co_ci_u32 s29, s29, 0                                // 000000006DF4: 821D801D
	s_mul_i32 s16, s27, 0x100                                  // 000000006DF8: 9610FF1B 00000100
	s_add_co_u32 s28, s28, s16                                 // 000000006E00: 801C101C
	s_add_co_ci_u32 s29, s29, 0                                // 000000006E04: 821D801D
	s_add_co_u32 s28, s4, s28                                  // 000000006E08: 801C1C04
	s_add_co_ci_u32 s29, s5, s29                               // 000000006E0C: 821D1D05
	global_load_tr_b64 v[22:23], v9, s[28:29]                  // 000000006E10: EE16001C 00000016 00000009
	s_add_co_u32 s75, s75, 1                                   // 000000006E1C: 804B814B
	s_sub_co_u32 s21, s21, 1                                   // 000000006E20: 80958115
	s_branch 65441                                             // 000000006E24: BFA0FFA1 <occ_kernel+0x6cac>
	s_mov_b32 s101, 1                                          // 000000006E28: BEE50081
	s_branch 61611                                             // 000000006E2C: BFA0F0AB <occ_kernel+0x30dc>
	s_sleep 1                                                  // 000000006E30: BF830001
	s_branch 61609                                             // 000000006E34: BFA0F0A9 <occ_kernel+0x30dc>
	s_wait_loadcnt 0x0                                         // 000000006E38: BFC00000
	s_cmp_eq_u32 s99, 1                                        // 000000006E3C: BF068163
	s_cbranch_scc0 1                                           // 000000006E40: BFA10001 <occ_kernel+0x6e48>
	s_add_co_u32 s100, s100, 1                                 // 000000006E44: 80648164
	s_mov_b32 s57, exec_lo                                     // 000000006E48: BEB9007E
	v_cmp_eq_u32_e32 vcc_lo, 0, v2                             // 000000006E4C: 7C940480
	s_and_b32 exec_lo, exec_lo, vcc_lo                         // 000000006E50: 8B7E6A7E
	s_cbranch_execz 103                                        // 000000006E54: BFA50067 <occ_kernel+0x6ff4>
	s_cmp_eq_u32 s84, 0                                        // 000000006E58: BF068054
	s_cbranch_scc1 4                                           // 000000006E5C: BFA20004 <occ_kernel+0x6e70>
	v_mov_b32_e32 v3, s84                                      // 000000006E60: 7E060254
	global_atomic_add_u32 v4, v3, s[0:1] offset:280 scope:SCOPE_DEV// 000000006E64: EE0D4000 01880000 00011804
	s_cmp_eq_u32 s85, 0                                        // 000000006E70: BF068055
	s_cbranch_scc1 4                                           // 000000006E74: BFA20004 <occ_kernel+0x6e88>
	v_mov_b32_e32 v3, s85                                      // 000000006E78: 7E060255
	global_atomic_add_u32 v4, v3, s[0:1] offset:284 scope:SCOPE_DEV// 000000006E7C: EE0D4000 01880000 00011C04
	s_cmp_eq_u32 s86, 0                                        // 000000006E88: BF068056
	s_cbranch_scc1 4                                           // 000000006E8C: BFA20004 <occ_kernel+0x6ea0>
	v_mov_b32_e32 v3, s86                                      // 000000006E90: 7E060256
	global_atomic_add_u32 v4, v3, s[0:1] offset:288 scope:SCOPE_DEV// 000000006E94: EE0D4000 01880000 00012004
	s_cmp_eq_u32 s87, 0                                        // 000000006EA0: BF068057
	s_cbranch_scc1 4                                           // 000000006EA4: BFA20004 <occ_kernel+0x6eb8>
	v_mov_b32_e32 v3, s87                                      // 000000006EA8: 7E060257
	global_atomic_add_u32 v4, v3, s[0:1] offset:292 scope:SCOPE_DEV// 000000006EAC: EE0D4000 01880000 00012404
	s_cmp_eq_u32 s88, 0                                        // 000000006EB8: BF068058
	s_cbranch_scc1 4                                           // 000000006EBC: BFA20004 <occ_kernel+0x6ed0>
	v_mov_b32_e32 v3, s88                                      // 000000006EC0: 7E060258
	global_atomic_add_u32 v4, v3, s[0:1] offset:336 scope:SCOPE_DEV// 000000006EC4: EE0D4000 01880000 00015004
	s_cmp_eq_u32 s89, 0                                        // 000000006ED0: BF068059
	s_cbranch_scc1 4                                           // 000000006ED4: BFA20004 <occ_kernel+0x6ee8>
	v_mov_b32_e32 v3, s89                                      // 000000006ED8: 7E060259
	global_atomic_add_u32 v4, v3, s[0:1] offset:340 scope:SCOPE_DEV// 000000006EDC: EE0D4000 01880000 00015404
	s_cmp_eq_u32 s90, 0                                        // 000000006EE8: BF06805A
	s_cbranch_scc1 4                                           // 000000006EEC: BFA20004 <occ_kernel+0x6f00>
	v_mov_b32_e32 v3, s90                                      // 000000006EF0: 7E06025A
	global_atomic_add_u32 v4, v3, s[0:1] offset:344 scope:SCOPE_DEV// 000000006EF4: EE0D4000 01880000 00015804
	s_cmp_eq_u32 s95, 0                                        // 000000006F00: BF06805F
	s_cbranch_scc1 4                                           // 000000006F04: BFA20004 <occ_kernel+0x6f18>
	v_mov_b32_e32 v3, s95                                      // 000000006F08: 7E06025F
	global_atomic_add_u32 v4, v3, s[0:1] offset:352 scope:SCOPE_DEV// 000000006F0C: EE0D4000 01880000 00016004
	s_cmp_eq_u32 s96, 0                                        // 000000006F18: BF068060
	s_cbranch_scc1 4                                           // 000000006F1C: BFA20004 <occ_kernel+0x6f30>
	v_mov_b32_e32 v3, s96                                      // 000000006F20: 7E060260
	global_atomic_add_u32 v4, v3, s[0:1] offset:356 scope:SCOPE_DEV// 000000006F24: EE0D4000 01880000 00016404
	s_cmp_eq_u32 s97, 0                                        // 000000006F30: BF068061
	s_cbranch_scc1 4                                           // 000000006F34: BFA20004 <occ_kernel+0x6f48>
	v_mov_b32_e32 v3, s97                                      // 000000006F38: 7E060261
	global_atomic_add_u32 v4, v3, s[0:1] offset:360 scope:SCOPE_DEV// 000000006F3C: EE0D4000 01880000 00016804
	s_cmp_eq_u32 s98, 0                                        // 000000006F48: BF068062
	s_cbranch_scc1 4                                           // 000000006F4C: BFA20004 <occ_kernel+0x6f60>
	v_mov_b32_e32 v3, s98                                      // 000000006F50: 7E060262
	global_atomic_add_u32 v4, v3, s[0:1] offset:364 scope:SCOPE_DEV// 000000006F54: EE0D4000 01880000 00016C04
	s_cmp_eq_u32 s100, 0                                       // 000000006F60: BF068064
	s_cbranch_scc1 4                                           // 000000006F64: BFA20004 <occ_kernel+0x6f78>
	v_mov_b32_e32 v3, s100                                     // 000000006F68: 7E060264
	global_atomic_add_u32 v4, v3, s[0:1] offset:368 scope:SCOPE_DEV// 000000006F6C: EE0D4000 01880000 00017004
	s_cmp_eq_u32 s103, 0                                       // 000000006F78: BF068067
	s_cbranch_scc1 4                                           // 000000006F7C: BFA20004 <occ_kernel+0x6f90>
	v_mov_b32_e32 v3, s103                                     // 000000006F80: 7E060267
	global_atomic_add_u32 v4, v3, s[0:1] offset:412 scope:SCOPE_DEV// 000000006F84: EE0D4000 01880000 00019C04
	s_cmp_eq_u32 s102, 0                                       // 000000006F90: BF068066
	s_cbranch_scc1 4                                           // 000000006F94: BFA20004 <occ_kernel+0x6fa8>
	v_mov_b32_e32 v3, s102                                     // 000000006F98: 7E060266
	global_atomic_add_u32 v4, v3, s[0:1] offset:380 scope:SCOPE_DEV// 000000006F9C: EE0D4000 01880000 00017C04
	s_cmp_eq_u32 s104, 0                                       // 000000006FA8: BF068068
	s_cbranch_scc1 4                                           // 000000006FAC: BFA20004 <occ_kernel+0x6fc0>
	v_mov_b32_e32 v3, s104                                     // 000000006FB0: 7E060268
	global_atomic_add_u32 v4, v3, s[0:1] offset:384 scope:SCOPE_DEV// 000000006FB4: EE0D4000 01880000 00018004
	s_cmp_eq_u32 s105, 0                                       // 000000006FC0: BF068069
	s_cbranch_scc1 4                                           // 000000006FC4: BFA20004 <occ_kernel+0x6fd8>
	v_mov_b32_e32 v3, s105                                     // 000000006FC8: 7E060269
	global_atomic_add_u32 v4, v3, s[0:1] offset:388 scope:SCOPE_DEV// 000000006FCC: EE0D4000 01880000 00018404
	s_cmp_eq_u32 s94, 0                                        // 000000006FD8: BF06805E
	s_cbranch_scc1 4                                           // 000000006FDC: BFA20004 <occ_kernel+0x6ff0>
	v_mov_b32_e32 v3, s94                                      // 000000006FE0: 7E06025E
	global_atomic_add_u32 v4, v3, s[0:1] offset:348 scope:SCOPE_DEV// 000000006FE4: EE0D4000 01880000 00015C04
	s_wait_storecnt 0x0                                        // 000000006FF0: BFC10000
	s_mov_b32 exec_lo, s57                                     // 000000006FF4: BEFE0039
	v_cmp_eq_u32_e32 vcc_lo, 0, v2                             // 000000006FF8: 7C940480
	s_mov_b32 s16, exec_lo                                     // 000000006FFC: BE90007E
	s_and_b32 exec_lo, exec_lo, vcc_lo                         // 000000007000: 8B7E6A7E
	s_cbranch_execz 4                                          // 000000007004: BFA50004 <occ_kernel+0x7018>
	v_mov_b32_e32 v3, -1                                       // 000000007008: 7E0602C1
	global_atomic_add_u32 v4, v3, s[0:1] scope:SCOPE_DEV       // 00000000700C: EE0D4000 01880000 00000004
	s_mov_b32 exec_lo, s16                                     // 000000007018: BEFE0010
	s_sendmsg_rtn_b64 s[30:31], sendmsg(MSG_RTN_GET_REALTIME)  // 00000000701C: BE9E4D83
	s_wait_kmcnt 0x0                                           // 000000007020: BFC70000
	v_cmp_eq_u32_e32 vcc_lo, 0, v2                             // 000000007024: 7C940480
	s_mov_b32 s49, exec_lo                                     // 000000007028: BEB1007E
	s_and_b32 exec_lo, exec_lo, vcc_lo                         // 00000000702C: 8B7E6A7E
	s_cbranch_execz 4                                          // 000000007030: BFA50004 <occ_kernel+0x7044>
	v_mov_b32_e32 v5, s30                                      // 000000007034: 7E0A021E
	global_atomic_max_u32 v4, v5, s[0:1] offset:12 scope:SCOPE_DEV// 000000007038: EE0EC000 02880000 00000C04
	s_mov_b32 exec_lo, s49                                     // 000000007044: BEFE0031
	s_mov_b32 s49, exec_lo                                     // 000000007048: BEB1007E
	v_cmp_eq_u32_e32 vcc_lo, 0, v2                             // 00000000704C: 7C940480
	s_and_b32 exec_lo, exec_lo, vcc_lo                         // 000000007050: 8B7E6A7E
	s_cbranch_execz 6                                          // 000000007054: BFA50006 <occ_kernel+0x7070>
	v_mov_b32_e32 v11, 0xd8                                    // 000000007058: 7E1602FF 000000D8
	v_mov_b32_e32 v14, 1                                       // 000000007060: 7E1C0281
	ds_add_u32 v11, v14                                        // 000000007064: D8000000 00000E0B
	s_wait_dscnt 0x0                                           // 00000000706C: BFC60000
	s_mov_b32 exec_lo, s49                                     // 000000007070: BEFE0031
	s_mov_b32 s52, 0                                           // 000000007074: BEB40080
	v_mov_b32_e32 v11, 0xd8                                    // 000000007078: 7E1602FF 000000D8
	ds_load_b32 v14, v11                                       // 000000007080: D8D80000 0E00000B
	s_wait_dscnt 0x0                                           // 000000007088: BFC60000
	v_readfirstlane_b32 s53, v14                               // 00000000708C: 7E6A050E
	s_cmp_ge_u32 s53, 6                                        // 000000007090: BF098635
	s_cbranch_scc1 14                                          // 000000007094: BFA2000E <occ_kernel+0x70d0>
	s_add_co_u32 s52, s52, 1                                   // 000000007098: 80348134
	s_cmp_ge_u32 s52, 0xf4240                                  // 00000000709C: BF09FF34 000F4240
	s_cbranch_scc1 10                                          // 0000000070A4: BFA2000A <occ_kernel+0x70d0>
	s_and_b32 s53, s52, 63                                     // 0000000070A8: 8B35BF34
	s_cbranch_scc1 6                                           // 0000000070AC: BFA20006 <occ_kernel+0x70c8>
	s_sendmsg_rtn_b64 s[62:63], sendmsg(MSG_RTN_GET_REALTIME)  // 0000000070B0: BEBE4D83
	s_wait_kmcnt 0x0                                           // 0000000070B4: BFC70000
	s_sub_co_u32 s62, s62, s70                                 // 0000000070B8: 80BE463E
	s_cmp_ge_u32 s62, 0x2faf080                                // 0000000070BC: BF09FF3E 02FAF080
	s_cbranch_scc1 2                                           // 0000000070C4: BFA20002 <occ_kernel+0x70d0>
	s_sleep 2                                                  // 0000000070C8: BF830002
	s_branch 65514                                             // 0000000070CC: BFA0FFEA <occ_kernel+0x7078>
	s_endpgm                                                   // 0000000070D0: BFB00000
